acc_x, acc_y, angular_z, stamp, 
-0.04639725249662412, -0.0010575906668703122, -0.00037861263086048425, 2356983000000, 
-0.04887039069651394, -0.020164889754331953, 0.00017616789037031312, 2356988000000, 
-0.09977791277098974, -0.0262565388699968, -2.4368904098113247e-05, 2356993000000, 
-0.08194532289818292, 0.014897465219612842, -9.9819730381713e-05, 2356998000000, 
-0.05117738092997303, -0.033542490653548133, 0.00013398043429216225, 2357003000000, 
-0.04719359684199233, 0.02154355994216751, -0.0001981174840385808, 2357008000000, 
-0.05935207272932881, -0.004294291914363903, -0.0004564475690213841, 2357013000000, 
-0.06010807088304576, -0.003198588150220445, -0.00023470239282712092, 2357018000000, 
-0.07586196679293497, -0.009577585976361568, -0.00012796865429432183, 2357023000000, 
-0.04584035765027241, 0.02147432217184783, 0.00012509834439397373, 2357028000000, 
-0.06885114185669915, 0.006349959029891858, 0.00019762713797398098, 2357033000000, 
-0.04362296227923187, 0.020961577264581283, 0.00021275928228486852, 2357038000000, 
-0.011725654111975722, 0.014669580207397538, -0.0001852228697115021, 2357043000000, 
-0.03529501377669342, -0.016741066793845714, -6.55555236497175e-05, 2357048000000, 
-0.02199932979217185, -0.010946961544994117, -0.000372301022406779, 2357053000000, 
-0.05526854998759817, -0.01073481235934162, 0.00012447419435530246, 2357058000000, 
-0.04284249842262576, 0.008905411182142197, 0.00015096893779156234, 2357063000000, 
-0.06307572115677375, -0.002036377073218709, -9.485742572353486e-06, 2357068000000, 
-0.03856957409783905, 0.008564823118516297, -0.0002745911717209616, 2357073000000, 
-0.09093849186045605, 0.01758239425377044, -0.00031788666517989074, 2357078000000, 
-0.03889954212671199, -0.012853849347918141, 5.24651646975961e-05, 2357083000000, 
-0.014741491452114945, -0.00998292760517343, 0.00026175782668591845, 2357088000000, 
-0.06601411962745936, 0.006276172041466877, 0.00020639864097378213, 2357093000000, 
-0.062128640862681196, -0.0029811139850070244, -0.0003862883150390625, 2357098000000, 
-0.07798272998908523, 0.0571519900877509, 3.385186298100719e-05, 2357103000000, 
-0.050662723310342626, 0.024087832667563994, 7.327410577718323e-05, 2357108000000, 
-0.04149639186786032, 0.00529105870253597, -0.00018583881054426944, 2357113000000, 
-0.046065281548969106, -0.021973006090905488, 0.00025040010834075224, 2357118000000, 
-0.06402018391821473, 0.008232568890594096, -0.00015955108318912572, 2357123000000, 
-0.054632206415269884, 0.008003874909866607, 0.00021870333139296648, 2357128000000, 
-0.06599036486520732, 0.02838064010702668, 0.00020145628959924053, 2357133000000, 
-0.04017135263721781, 0.016420676786835963, -0.0002246525383087052, 2357138000000, 
-0.06947450716408696, -0.009485824143769788, 7.722548366574344e-05, 2357143000000, 
-0.06274457282875137, 0.025370758350535948, 0.00015093361020431678, 2357148000000, 
-0.05849959708460186, 0.015767158864649623, 2.4345190582683808e-05, 2357153000000, 
-0.05369033785133413, -0.03151038072181577, -7.219273428648797e-05, 2357158000000, 
-0.04417746596515727, -0.0053035298827322705, 0.0001188161440294515, 2357163000000, 
-0.0786507897583985, 0.015135866589085983, -0.00017938735450864464, 2357170000000, 
-0.06296879184099416, 0.026109260635303055, 5.848872422724067e-05, 2357179000000, 
-0.04524897268511317, -0.001538304101492426, -0.0002110775144517531, 2357185000000, 
-0.07566373949688414, -0.01391142341829708, -0.0003494550383316346, 2357190000000, 
-0.07158806022247091, 0.006163685728762034, -0.00013432281870309675, 2357196000000, 
-0.050157936644283946, 0.004389345984342391, 0.00012453723894151122, 2357201000000, 
-0.04470878350798781, -0.004935340473143598, 0.000168263125391683, 2357208000000, 
-0.05888606497151692, -0.0011721816230065075, 0.00024150918004606182, 2357213000000, 
-0.05312920788233009, 0.0015748932725406003, 0.0003423437346335648, 2357218000000, 
-0.05815946358345093, -0.009752095896385721, -0.0001778606400910601, 2357224000000, 
-0.04705058659087968, -0.006951105084919849, -0.00033449049400076, 2357229000000, 
-0.06793447787488534, 0.021409217339140873, 0.00021711861132963842, 2357234000000, 
-0.05168214462233398, 0.028614734119720833, 9.65489934820093e-05, 2357239000000, 
-0.03914443564048066, -0.0065877352682392545, -2.889643208228209e-05, 2357244000000, 
5.587739268355405, -0.027528674155383227, 9.09573540284044e-05, 2357250000000, 
-0.1486523157612748, -0.0014660960042472589, 0.00016907112931782866, 2357255000000, 
-0.12517394422572214, 0.006356770745200011, 0.0003679908188732908, 2357260000000, 
-0.08372386143423177, -0.018794668629682112, -4.414236073695634e-05, 2357265000000, 
-0.024034821393543904, -0.0019041323355165388, 0.00013452468984573285, 2357270000000, 
0.164459658178844, 0.04727592628449161, 6.319250354821006e-05, 2357275000000, 
-0.2830030531350199, 0.005818472900215182, 5.943982224237412e-05, 2357280000000, 
7.026691964248939, -0.010731198738017745, 0.0002637574965673655, 2357285000000, 
-0.18096776621382205, 0.002703079195494347, 5.7488269810674104e-05, 2357290000000, 
-0.10923904265875986, -0.032596918767998084, 0.00026853469514357537, 2357295000000, 
-0.08441517141137464, 0.01737202334900685, 7.814103503384347e-06, 2357300000000, 
-0.060891093475613514, -0.016975674689295908, 0.00023131952020410252, 2357305000000, 
-0.02531896490651612, 0.034000517970378875, -9.71910904745292e-05, 2357310000000, 
-0.05873300421529109, 0.0006943645870189793, 0.00020478887974231298, 2357315000000, 
6.896995220807149, 0.018326964389248815, -0.00010444355383335037, 2357320000000, 
-0.16940601366310662, 0.0015054265554668674, -5.424116461975847e-06, 2357325000000, 
-0.07203683988511425, 0.021520086908713463, -7.143647297897944e-05, 2357331000000, 
-0.07348229568417604, 0.02101017406041194, -0.00019672918445654727, 2357336000000, 
-0.029886402109707923, 0.02550337550912349, -0.00041730238825857, 2357341000000, 
-0.030694157607493736, -0.029797296599445886, 0.0002239885318650243, 2357346000000, 
6.734689908274604, -0.012862453603818068, -5.0849472015297644e-05, 2357351000000, 
0.03155516993944259, -0.023954750342681692, -0.0004060759148910884, 2357356000000, 
-0.1048476019359201, 0.007647497908810337, 6.626555369186623e-05, 2357361000000, 
-0.07385646792054262, -0.022125067405776508, 0.0001340237723145008, 2357366000000, 
-0.05276629093280038, -0.005498757169930181, 0.00023512638462960044, 2357371000000, 
-0.026751504174784495, -0.01050218267827208, -0.0002944490146741414, 2357376000000, 
-0.04067110291453456, 0.0034157813468189318, -4.538878066075415e-05, 2357381000000, 
7.209521066771912, -0.034164371319289094, 0.0015006348002015615, 2357386000000, 
0.7504645290908203, -0.035317435596721965, 0.0029107854001520035, 2357392000000, 
-0.11180856456206505, 0.0010371575837341226, 0.023422514667071355, 2357397000000, 
-0.0767991281099208, 0.007371749402261743, 0.03547587047992362, 2357402000000, 
-0.061105759475988695, -0.02602877133825768, 0.04885833572325995, 2357407000000, 
-0.07432714081703454, 0.03091120570458938, 0.06181828301708933, 2357412000000, 
-0.02586452133062519, 0.020186734661486603, 0.07404690315852132, 2357417000000, 
3.4049626583578103, 0.016604754916617056, 0.10329446145344624, 2357422000000, 
-0.10395852436390098, 0.03789214761422322, 0.1415608497813307, 2357427000000, 
-0.0912059321142375, 0.0544525887207144, 0.17634219815622687, 2357432000000, 
-0.07126236618956619, 0.0443007877514838, 0.23191806417688363, 2357437000000, 
-0.04190811397640103, 0.064407632358266, 0.27664128705984053, 2357442000000, 
-0.05759442754873154, 0.03933371238218426, 0.3185690913308547, 2357447000000, 
2.711629426750003, 0.05225028594353413, 0.3571050983068948, 2357452000000, 
0.5579721563714762, 0.09591489036561662, 0.4061695284334782, 2357457000000, 
-0.08911918442600952, 0.09884192557289434, 0.45700599086349764, 2357462000000, 
-0.05772712774730108, 0.07398667006835677, 0.5064040802026218, 2357467000000, 
-0.04646737910430486, 0.08460314854639203, 0.5420389063907165, 2357472000000, 
-0.053631349339517936, 0.08094553524052858, 0.5871382676944416, 2357477000000, 
-0.039851610345842406, 0.12190144773360989, 0.6139501538541415, 2357483000000, 
0.2008209202911275, 0.1432579852618633, 0.6338132395645777, 2357488000000, 
-0.05611270241407779, 0.12595638918690935, 0.639446716284471, 2357493000000, 
-0.027548256655302993, 0.09032822772610036, 0.6378101388467641, 2357498000000, 
-0.03734050615545871, 0.1267529266114568, 0.6239454695454969, 2357503000000, 
-0.03610252376926863, 0.1400444293363755, 0.6044687943208122, 2357508000000, 
-0.04721507261737968, 0.11115559179652805, 0.5801428329939861, 2357513000000, 
-0.046953318400764305, 0.08919313474844906, 0.5528368677112837, 2357518000000, 
-0.03412562417999977, 0.09984907599617666, 0.5242598155633956, 2357523000000, 
-0.02580658461405726, 0.12816670017817394, 0.49595322111366885, 2357528000000, 
-0.03910150802672715, 0.11240852611290571, 0.47101851671381467, 2357533000000, 
-0.018894363362758362, 0.0899962057607244, 0.4496177016398913, 2357538000000, 
-0.03104322248023097, 0.13945646126480143, 0.43038678706804795, 2357543000000, 
-0.04923757634247672, 0.11631140875951892, 0.42170829749978495, 2357548000000, 
-0.0362676623664116, 0.11027655591563292, 0.4172863568164878, 2357553000000, 
-0.0091350987347418, 0.12384445593231183, 0.41696996071884257, 2357558000000, 
-0.052372230929315144, 0.09029776891334695, 0.4236367500258443, 2357563000000, 
-0.032185281496329196, 0.09808938997863972, 0.43185810957592646, 2357568000000, 
-0.06654834424335346, 0.08496676480121088, 0.4449424664610213, 2357573000000, 
-0.0342778485766829, 0.09290579675014925, 0.4569123159091684, 2357578000000, 
-0.04650367470852591, 0.05788320964805546, 0.4772220976483261, 2357583000000, 
-0.025632949649847733, 0.09068430340720444, 0.49420616977327664, 2357588000000, 
-0.03931164604538051, 0.12299520487009852, 0.5071803423185446, 2357593000000, 
-0.04382134197301275, 0.09430138661419188, 0.5265404246566399, 2357598000000, 
-0.04751819832470426, 0.10560218246884341, 0.5354787159599025, 2357603000000, 
-0.03016325156883557, 0.14534271232343887, 0.5435794940657983, 2357608000000, 
-0.015729922776077886, 0.12449935720939102, 0.5471558855159903, 2357613000000, 
-0.03184185397927636, 0.10401390168455799, 0.5487146968526412, 2357618000000, 
-0.05235098674065304, 0.11836055226507208, 0.5461927759509181, 2357623000000, 
-0.05628406111531131, 0.10132371120911635, 0.5402401563321492, 2357628000000, 
-0.023789221574470203, 0.10748628879769147, 0.534558724190798, 2357633000000, 
0.011930937468989398, 0.11518467830463121, 0.5240268068777559, 2357639000000, 
-0.009241657227126304, 0.10155104557454188, 0.5113964867229873, 2357644000000, 
-0.05496757709707054, 0.10741061067590686, 0.5036716809003445, 2357649000000, 
-0.027380029023704032, 0.11187086621058015, 0.4921603972057233, 2357654000000, 
-0.04622203580036091, 0.12048196364252486, 0.48540529694041823, 2357659000000, 
-0.0302077229831801, 0.10893044683295358, 0.4773314194797785, 2357664000000, 
-0.03297017468070036, 0.10445158102115033, 0.47344398570333834, 2357669000000, 
-0.01794004378473127, 0.10180981467234758, 0.47100985154804875, 2357674000000, 
-0.05442004036362332, 0.08259027808381841, 0.4706379176227275, 2357679000000, 
-0.024354438554887226, 0.10226788774770597, 0.47214192098765856, 2357684000000, 
-0.05063197328381734, 0.12486531229970922, 0.4753295621566117, 2357689000000, 
-0.01178890560715069, 0.10055359984125052, 0.47951550754867217, 2357694000000, 
-0.06798642224429487, 0.07258208850812757, 0.4853758893488916, 2357700000000, 
-0.044826538755001234, 0.12200741588056327, 0.4923011860108204, 2357705000000, 
-0.07071439260537012, 0.09104225564696283, 0.49871383685758025, 2357710000000, 
-0.015426065107445115, 0.10125375676532344, 0.5040919851651426, 2357715000000, 
-0.05065342773487361, 0.07361434174992079, 0.5085073042596132, 2357720000000, 
-0.017727083428735614, 0.11431823190009685, 0.5130511451463013, 2357726000000, 
-0.004388865090880892, 0.10721541174215775, 0.515689070136814, 2357731000000, 
-0.01725153524533276, 0.11088040067088588, 0.517301608015873, 2357736000000, 
-0.062297569569525, 0.09602093965251376, 0.5168479829372009, 2357741000000, 
-0.023109858308605548, 0.1247589970114985, 0.5159799815806362, 2357746000000, 
-0.05437939906304085, 0.10553259031552703, 0.514155645809286, 2357751000000, 
-0.01889405481136266, 0.12159337842413602, 0.5108716404706751, 2357756000000, 
-0.09289178681067098, 0.11539796347416134, 0.507812808309386, 2357761000000, 
-0.015643800309084386, 0.10319287573765684, 0.5037048188056159, 2357767000000, 
-0.045699459105513485, 0.08323679553888515, 0.500052537855816, 2357772000000, 
-0.05473356307858273, 0.10802229954063321, 0.49646279111346875, 2357777000000, 
-0.05804324771167413, 0.10853277375637593, 0.49409131355308505, 2357782000000, 
-0.04756122769178027, 0.13398335332737749, 0.4927410492178456, 2357787000000, 
-0.05239001183632447, 0.06625599669657642, 0.49059348955131843, 2357792000000, 
-0.01725123909001005, 0.10042569774174583, 0.4897322366278816, 2357797000000, 
-0.03768873359217353, 0.07752141536827578, 0.4896961203391001, 2357803000000, 
-0.012066311399170252, 0.11222016857104947, 0.4902356408384536, 2357808000000, 
-0.02563611579560824, 0.0870672730041356, 0.4915354688001598, 2357813000000, 
-0.014490172892608899, 0.10898144938208408, 0.4933565810684144, 2357818000000, 
-0.03321587945794973, 0.115451211720933, 0.4946168258039085, 2357823000000, 
-0.03277470944032379, 0.12747533291535, 0.49614276204592583, 2357828000000, 
-0.06337621729890952, 0.10063090357724926, 0.49908366174946794, 2357833000000, 
-0.018148936659024187, 0.07447897418079517, 0.501164473225644, 2357838000000, 
-0.048517199745301796, 0.11610419679576757, 0.5032262923690023, 2357843000000, 
-0.042142535491733045, 0.10421618121617235, 0.5042843843486826, 2357848000000, 
-0.0555209818453689, 0.09239811156188538, 0.5049262775526869, 2357853000000, 
-0.008350047208162556, 0.15001429167465544, 0.5054826267423007, 2357858000000, 
-0.03486026523869731, 0.1221206280588241, 0.505593566385363, 2357863000000, 
-0.007309664219168281, 0.12172791043870367, 0.5058403202394803, 2357868000000, 
-0.024566101066971477, 0.11387088479907272, 0.5047523861451902, 2357873000000, 
-0.04202585093255075, 0.13562612332426552, 0.5040066102430778, 2357878000000, 
-0.014557054635044298, 0.1351910107320174, 0.5029028888529654, 2357883000000, 
-0.0399030133169694, 0.09939852148492333, 0.5013134648723673, 2357888000000, 
-0.03917109406800946, 0.09716900246665003, 0.4998487718105661, 2357893000000, 
-0.022875991362218687, 0.1261480436421996, 0.4990530844258024, 2357898000000, 
-0.038326057741339944, 0.11000223661300436, 0.497703887631236, 2357903000000, 
-0.04370125851150323, 0.10739674761455033, 0.49724384629498225, 2357908000000, 
-0.07140882203021182, 0.11632522379966206, 0.4965326072002342, 2357913000000, 
-0.02605866539544279, 0.08783247710649567, 0.49611542951571774, 2357918000000, 
-0.03879369945659914, 0.10260801259124769, 0.4965215274965002, 2357924000000, 
-0.02432565486775301, 0.12351843186631419, 0.4960953184580013, 2357930000000, 
-0.01072487937877322, 0.06534980791145606, 0.4969201247177711, 2357935000000, 
-0.04733215562439629, 0.10576798236573393, 0.497385296157691, 2357941000000, 
-0.03456873786261625, 0.09225299684856146, 0.4981974508120605, 2357946000000, 
-0.021490665673102427, 0.09642627769489732, 0.4987334628657234, 2357951000000, 
-0.04356244195387448, 0.11903446399258297, 0.49991272138725507, 2357956000000, 
-0.053132823820769476, 0.09776608132666623, 0.5001736740117776, 2357961000000, 
-0.03303409079532865, 0.09244905751693835, 0.5011056368404405, 2357966000000, 
-0.05155350215815021, 0.11250796198681265, 0.5016145142927494, 2357973000000, 
-0.027956328247527164, 0.08576586978868031, 0.5015245434708434, 2357978000000, 
-0.03499109782747756, 0.13250631475355082, 0.5020482568899356, 2357983000000, 
-0.034876551962746, 0.0967321812585296, 0.5018398073773576, 2357988000000, 
-0.022578560975516727, 0.12096307479647973, 0.5016561760498096, 2357994000000, 
-0.04387492934592613, 0.10110732719306473, 0.5012075019943472, 2357999000000, 
-0.0129554708065681, 0.12020627232469376, 0.5012351551416729, 2358004000000, 
-0.05401890385872435, 0.1137233063321329, 0.5003088947661575, 2358010000000, 
-0.04449449704060422, 0.08168575361302378, 0.5003602875371242, 2358015000000, 
-0.014611985759334783, 0.12906733537010534, 0.4995340062738931, 2358020000000, 
-0.061263788162042414, 0.10531023425684805, 0.4989200038388285, 2358025000000, 
-0.05625244935055647, 0.10502606506389199, 0.4987700883637195, 2358030000000, 
-0.07835242141119694, 0.12062591400389253, 0.49889396046361023, 2358035000000, 
-0.04997328627969923, 0.12307342997813286, 0.49875829301231595, 2358040000000, 
-0.06809552108133825, 0.1521187731263969, 0.49818460832566364, 2358045000000, 
-0.04987373541012942, 0.10418445309776868, 0.49852385744125527, 2358052000000, 
-0.055509310728839696, 0.08609095898167066, 0.4988650543919344, 2358057000000, 
-0.045887369915254876, 0.12907823444343589, 0.49886831778315494, 2358062000000, 
-0.06395338168705027, 0.09006899178974681, 0.49913704645555806, 2358067000000, 
-0.04170247378187252, 0.07868466679122219, 0.4990857692875955, 2358072000000, 
-0.03186042313723829, 0.07912150569325421, 0.4995170326449469, 2358077000000, 
-0.025799006197564915, 0.14434017974670066, 0.5000780363869267, 2358082000000, 
-0.06689867251968618, 0.11105771185408334, 0.5001653882256138, 2358087000000, 
-0.03258827253870844, 0.14106574364424504, 0.5003243406276217, 2358092000000, 
-0.01558512745322059, 0.1164821038159578, 0.5005130704505064, 2358097000000, 
-0.04403180215031506, 0.08319041814317572, 0.5004722859568876, 2358103000000, 
-0.05465416191086865, 0.12014020510151402, 0.5002419529834535, 2358108000000, 
-0.03870080593834297, 0.10862107282512458, 0.5003463068444985, 2358113000000, 
-0.08121783229030413, 0.12068848256753703, 0.5002316980142535, 2358118000000, 
-0.03422828588447566, 0.12340126313892649, 0.5002451503795609, 2358123000000, 
-0.08213361252982787, 0.12229200110100581, 0.5000215169453874, 2358128000000, 
-0.04007457413080533, 0.10451848125829824, 0.5000383554581637, 2358134000000, 
-0.04223341863077998, 0.08701916995870017, 0.49975544870280386, 2358139000000, 
-0.030453308774009414, 0.08320092565984374, 0.49931017806235783, 2358144000000, 
-0.03367731761000506, 0.10800411433771315, 0.4997087090427946, 2358149000000, 
-0.029426544844936935, 0.11034364544526717, 0.4998757077296687, 2358154000000, 
-0.038905033708938996, 0.0896630557719831, 0.4999580588212255, 2358159000000, 
-0.029011943933095276, 0.10074137821606036, 0.4995944854637769, 2358164000000, 
-0.044063876977384106, 0.09996188126958232, 0.4997407506836623, 2358169000000, 
-0.044531063471453844, 0.1318784419445133, 0.5002106003881459, 2358175000000, 
-0.054831913438845324, 0.13233159028760888, 0.4998577977521371, 2358180000000, 
-0.06499570188483433, 0.11139009367007233, 0.500167707968415, 2358185000000, 
-0.056238990284615535, 0.12799802821926265, 0.5001127241893242, 2358191000000, 
-0.05768393529652224, 0.10056676709468991, 0.5005839636251393, 2358196000000, 
0.06607894932051686, 0.11440401163794874, 0.5006803500295075, 2358201000000, 
-0.1380558973392766, 0.10073827804814758, 0.5006629032402611, 2358206000000, 
0.042512669815082574, 0.08699092679617365, 0.5005269244004898, 2358211000000, 
-0.14403602850373795, 0.12762725285504362, 0.5008118361456649, 2358216000000, 
-0.061877333015851126, 0.15862179654280661, 0.5006227471547638, 2358221000000, 
0.0158663037527813, 0.14615289917655305, 0.5003703720799104, 2358226000000, 
-0.14675876528921097, 0.08971348566154962, 0.5000612185870245, 2358231000000, 
0.053212472888715306, 0.107787111509825, 0.5000820697733587, 2358236000000, 
-0.16770454508165827, 0.12089382338621907, 0.5001287630736616, 2358241000000, 
0.022009001550835953, 0.11248169772074713, 0.4998380628915999, 2358246000000, 
-0.06227170812322069, 0.13288673307427049, 0.4995814212500579, 2358251000000, 
-0.113270292656544, 0.13212197850984156, 0.4992258861942557, 2358256000000, 
-0.01638189661620241, 0.11250008808887621, 0.49947949185249235, 2358261000000, 
-0.04031176934671904, 0.0794151727618369, 0.49932357600946065, 2358266000000, 
-0.08694904274964507, 0.12321463964600042, 0.49957219917844214, 2358271000000, 
-0.04659084700759946, 0.13263318915283878, 0.49957474392374934, 2358281000000, 
-0.0701090849000317, 0.12378806954191217, 0.4993597208240067, 2358286000000, 
-0.07783376973310334, 0.10760047725574944, 0.49934236010326716, 2358291000000, 
-0.09477145630699137, 0.1407555727213528, 0.4998013148752589, 2358296000000, 
-0.06877432255819584, 0.13195787529281924, 0.4998240222661346, 2358301000000, 
-0.0740908277050538, 0.1170903613646689, 0.5001575269003243, 2358306000000, 
-0.025592072348247723, 0.11166832541208083, 0.4998035014937229, 2358311000000, 
-0.08905355000073029, 0.11569384072679352, 0.5000613665300454, 2358316000000, 
-0.057657319618597276, 0.13092258963373618, 0.5000792163658527, 2358321000000, 
-0.06893745666783098, 0.10314741205969791, 0.5001279071720097, 2358326000000, 
-0.08066199184865096, 0.1559459202575645, 0.5001014012927438, 2358331000000, 
-0.050757364157393146, 0.110109229080261, 0.5001991649479218, 2358336000000, 
-0.0643103932849463, 0.11864732338231945, 0.4999290826342798, 2358341000000, 
-0.05793691151244056, 0.14084194944305586, 0.5001508410363599, 2358346000000, 
-0.06767339090613958, 0.1376680666405739, 0.49950163896274596, 2358351000000, 
-0.07486590796443462, 0.10804278517492719, 0.49997895208738863, 2358356000000, 
-0.05715976561053032, 0.14642030758775468, 0.4994390953377863, 2358361000000, 
-0.06048619972775676, 0.1156005519120411, 0.5004385483267002, 2358366000000, 
-0.04233784373751487, 0.11282067591190022, 0.4997937174801758, 2358373000000, 
-0.05246079737551771, 0.14095182640703735, 0.5001004120808937, 2358379000000, 
-0.0808523058612744, 0.13134182447282103, 0.49947714969951107, 2358384000000, 
-0.07190501984904503, 0.11936366978747144, 0.500167921475981, 2358389000000, 
-0.07131464096910897, 0.11775137348077278, 0.4998971267494932, 2358394000000, 
-0.06477779883136965, 0.08689902214458818, 0.49968861491540756, 2358399000000, 
-0.14095463468760294, 0.008943492148138135, 0.49984127659840266, 2358404000000, 
-0.0008913243867712528, 0.24112508379086114, 0.5000503990841804, 2358409000000, 
-0.0458051987998542, 0.10785776551797585, 0.5002344147172948, 2358414000000, 
-0.06887017755577894, 0.12808310972526024, 0.5000375354078547, 2358420000000, 
-0.02405903362092131, 0.15379143058383415, 0.5003080176925042, 2358425000000, 
-0.04184472191824207, 0.13286752764508586, 0.49991808143152805, 2358430000000, 
-0.12288842197469985, -0.012583969165996658, 0.5005089811095343, 2358435000000, 
0.017988598320696603, 0.35037365647759716, 0.5004166703239153, 2358440000000, 
-0.07772726640824332, -0.018451504006421655, 0.5003331161429422, 2358446000000, 
-0.0531030419756647, 0.23405165555355312, 0.4999904780878879, 2358451000000, 
-0.0774718187382077, -0.07522562000540077, 0.5003309532466349, 2358456000000, 
-0.021571590360952807, 0.2966555642628552, 0.500724129207674, 2358461000000, 
-0.030722096423710765, 0.12945949716224725, 0.5000835564738466, 2358466000000, 
-0.10496198491381074, -0.03580067058672672, 0.5007048187705658, 2358471000000, 
-0.026746958663586815, 0.2799847251982776, 0.5005026883896866, 2358476000000, 
-0.086943520522461, -0.0326768534220743, 0.5003672279977247, 2358481000000, 
-0.04619695344037575, 0.13470563774616834, 0.5006176222063425, 2358486000000, 
-0.012328132360934267, 0.2564097211435171, 0.5003305641465589, 2358492000000, 
-0.10490776550910484, -0.04064867106511765, 0.5006049348195482, 2358497000000, 
-0.060848452156947314, 0.17577940328582764, 0.5005360353761177, 2358502000000, 
-0.017291103416573875, 0.2785659697997006, 0.5001992748969533, 2358507000000, 
-0.09677840380377505, -0.08207778415167573, 0.5003389831474171, 2358512000000, 
-0.037342498968658384, 0.1326773104180135, 0.5003767987903828, 2358517000000, 
-0.053973744816409805, 0.1278275102782484, 0.500623720582873, 2358522000000, 
-0.06864933616611263, 0.0821262367999499, 0.5005495927308615, 2358527000000, 
-0.05519177463842195, 0.12592235131426238, 0.5003407731388375, 2358532000000, 
-0.042604638713885895, 0.14270448751990414, 0.5004604199877485, 2358537000000, 
-0.035978907144162936, 0.11743104234842755, 0.5004552252053796, 2358542000000, 
-0.03339760747623234, 0.12575507644114375, 0.5001011313027676, 2358547000000, 
-0.050669450180193795, 0.12246624120685329, 0.5003071874792244, 2358552000000, 
-0.0521187752712049, 0.13577103594993942, 0.5005584644383045, 2358557000000, 
-0.06884503543931866, 0.10650557693639118, 0.500185536970829, 2358562000000, 
-0.02218733417738891, 0.13970499314683169, 0.4999277993540597, 2358567000000, 
-0.0363224010046041, 0.1324479460885246, 0.4999249309438489, 2358572000000, 
-0.030462763541264093, 0.1376037099704891, 0.4997304801082151, 2358577000000, 
-0.052476793092172784, 0.11563573443877379, 0.4998998272290362, 2358582000000, 
-0.06324688075996782, 0.10002793266872062, 0.4997226291426239, 2358588000000, 
-0.08010968909960374, 0.10719300831760202, 0.49978494179988825, 2358595000000, 
-0.06035489225904626, 0.12548152673241267, 0.4993130202272493, 2358600000000, 
-0.07131954808433037, 0.1683117523373834, 0.49996930826950775, 2358605000000, 
-0.0479592741462988, 0.13459759808051286, 0.5002583409589819, 2358610000000, 
-0.06474158699536173, 0.10982854810456837, 0.5001418303250111, 2358615000000, 
-0.06031485976263418, 0.15890187442121162, 0.49996411925375145, 2358620000000, 
-0.04261877511757797, 0.16175959196984757, 0.4997307322768806, 2358625000000, 
-0.04128015837763242, 0.10657176931105879, 0.5000825023552046, 2358630000000, 
-0.026291550113402708, 0.1319938422558795, 0.500172949822388, 2358635000000, 
-0.041092365333272485, 0.1553990005512226, 0.500274970205228, 2358641000000, 
-0.03611496521148566, 0.1531660174122872, 0.49997846182575506, 2358647000000, 
-0.03420707884658056, 0.1194132685403596, 0.5005955751725545, 2358652000000, 
-0.0611459863986446, 0.13127991345370865, 0.5005015511922812, 2358657000000, 
-0.04004981060461549, 0.13811280517947072, 0.5001801427154928, 2358663000000, 
-0.06053001675990731, 0.12662422315677185, 0.4999356147624216, 2358668000000, 
-0.05196626873037691, 0.13456345344017911, 0.5004802791576513, 2358673000000, 
-0.06089584219837792, 0.15953233770263248, 0.5001827220922376, 2358678000000, 
-0.05896583123175192, 0.13682618026926466, 0.5003242741776321, 2358683000000, 
-0.054899214005863256, 0.1060871120970617, 0.4998025556774328, 2358689000000, 
-0.03501986547381257, 0.10809287363576915, 0.4998979414175687, 2358694000000, 
-0.06789750174447193, 0.1311047398810761, 0.4999908799165871, 2358699000000, 
-0.07702380490281513, 0.14295272659368438, 0.4998600066413948, 2358704000000, 
-0.04172186222502424, 0.11932555704825831, 0.5003906130209727, 2358709000000, 
-0.05902276989288666, 0.1456745614489416, 0.5001275706896551, 2358714000000, 
-0.05121903935786554, 0.08047889896479837, 0.5001494582917991, 2358722000000, 
-0.03521867250857537, 0.15790137359732856, 0.5001603516932602, 2358727000000, 
-0.06819172146519813, 0.14305880742601818, 0.5003817589748722, 2358733000000, 
-0.057535003896924265, 0.11524590763585635, 0.5004232274154033, 2358738000000, 
-0.04499209943497866, 0.12863949290465393, 0.500107612688188, 2358743000000, 
-0.022977965330488376, 0.09912322309995342, 0.5004438803076653, 2358748000000, 
-0.026986094658022597, 0.08958501164016447, 0.49972241100543535, 2358753000000, 
-0.06653451718324097, 0.15160032289490366, 0.5002155182189825, 2358758000000, 
-0.032579338113947344, 0.13717182834640385, 0.5001515262490986, 2358763000000, 
-0.037903081320495836, 0.10667027687797355, 0.5004722552958826, 2358768000000, 
-0.061577042991273784, 0.13229536049437968, 0.5000974243294317, 2358773000000, 
-0.032437721078990615, 0.12382628062208804, 0.5004942339102599, 2358780000000, 
-0.05368565685963835, 0.1197534614998524, 0.50033301843223, 2358785000000, 
-0.022997224377768587, 0.1302612773806003, 0.5002307772855926, 2358791000000, 
-0.04118364260237484, 0.10821672644759053, 0.5000606296513198, 2358796000000, 
-0.03157268838598667, 0.1323396482400164, 0.5000681070213653, 2358801000000, 
-0.036881315900670335, 0.13418405993285568, 0.49996484961603077, 2358806000000, 
-0.04997451813247299, 0.1302577090915878, 0.49988276051638214, 2358811000000, 
-0.06401098014677185, 0.13952191681896708, 0.5000861607507961, 2358816000000, 
-0.04967032244898832, 0.14320725398686507, 0.4997952284998937, 2358821000000, 
-0.05345601437531356, 0.13778949678039448, 0.4996242417111352, 2358826000000, 
-0.07151058904563673, 0.14220799495053302, 0.5000816202493923, 2358831000000, 
-0.037025627979917305, 0.13633332012447327, 0.49991406721213966, 2358836000000, 
-0.0375060488848112, 0.10361385734289755, 0.5001062885124536, 2358841000000, 
-0.05277699392621287, 0.11836717194960343, 0.5000157094038148, 2358846000000, 
-0.016927644897740568, 0.14374805230921353, 0.49991443409305136, 2358851000000, 
-0.07059142502192771, 0.16130957100352272, 0.5001831039329409, 2358856000000, 
-0.07020605316324886, 0.11848087599596407, 0.5000439180430407, 2358861000000, 
0.0022949981653624246, 0.16093529830214737, 0.5005097435247744, 2358866000000, 
-0.06088066219787204, 0.14070762630392453, 0.49999066288889843, 2358871000000, 
-0.024526850517679725, 0.13214473181149747, 0.4999652406723461, 2358876000000, 
-0.011076356381198367, 0.14195998036393287, 0.5001361747503832, 2358881000000, 
-0.045409755264515475, 0.1366816171642271, 0.500085230841289, 2358886000000, 
-0.05003944921236266, 0.13244729952203174, 0.5000362576711657, 2358891000000, 
-0.032105170413147456, 0.10625614734228028, 0.5001851170992183, 2358896000000, 
-0.028245320923656073, 0.12746898564160425, 0.49992613422640697, 2358901000000, 
-0.03004938499432315, 0.14730006521797395, 0.49982247330393764, 2358906000000, 
-0.06462835407210035, 0.1622421230276247, 0.5003406911548887, 2358911000000, 
-0.0553516077410175, 0.12060800416973515, 0.5000917723386115, 2358916000000, 
-0.053491753947218376, 0.16513121897401423, 0.5002624362317705, 2358921000000, 
-0.0520659452556278, 0.16221498952199281, 0.5001395139750997, 2358926000000, 
-0.05934472498627121, 0.12850606222821287, 0.5000267812361795, 2358931000000, 
-0.0744774440085608, 0.1370735190292519, 0.4997084490254743, 2358936000000, 
-0.07419635646105241, 0.14655095093573725, 0.5001856752232191, 2358942000000, 
-0.0422687133792425, 0.140508238293597, 0.5003926037400178, 2358947000000, 
-0.027526575241229652, 0.1498658970889515, 0.4998759376078261, 2358952000000, 
-0.03578361936506634, 0.12856271206499242, 0.49960896440296815, 2358957000000, 
-0.07001351954532017, 0.12541472377540966, 0.49991027396016813, 2358962000000, 
-0.002118712864383948, 0.155989114032587, 0.5002723980427799, 2358967000000, 
-0.0740929738571634, 0.14186060746064807, 0.5001875308751143, 2358972000000, 
-0.07350258606268087, 0.136041579015307, 0.500318407935806, 2358977000000, 
-0.0583144319618, 0.1528682592725965, 0.5001542182885703, 2358982000000, 
-0.046871722044428195, 0.15023835409636133, 0.49993202202523684, 2358988000000, 
-0.0741126256447355, 0.15138825930165647, 0.500052361142577, 2358993000000, 
-0.07932696303982037, 0.12523544573801956, 0.49988348368240454, 2358998000000, 
0.05528939501097098, 0.25461525346491926, 0.5000985152123012, 2359003000000, 
-0.1450439986132936, 0.018471853982775982, 0.4999178131073045, 2359008000000, 
-0.0629510854158077, 0.1363874568613602, 0.49999729979450214, 2359013000000, 
-0.025572680894694947, 0.14379472675610086, 0.4995141587900491, 2359019000000, 
-0.03426282552820498, 0.13202426876379664, 0.4997715492000942, 2359027000000, 
0.031022217154010663, 0.27805059174606894, 0.4994485910842985, 2359033000000, 
-0.1474142908532958, -0.01747527800392097, 0.49938670354492937, 2359038000000, 
-0.041345206507613766, 0.15427630102996734, 0.4994009784906321, 2359048000000, 
-0.08232943957034292, 0.13800340981540385, 0.49946606487505224, 2359053000000, 
0.023552407379499152, 0.24957761491362102, 0.49933492211883157, 2359059000000, 
-0.14979512047480162, -0.024533347092447977, 0.4994044897994363, 2359064000000, 
0.011055121377051055, 0.292008002581834, 0.5001695588934713, 2359069000000, 
-0.0392765971439342, 0.19715235448030083, 0.50010884702707, 2359074000000, 
-0.1317119600162782, 0.026225959076676582, 0.4999413207705936, 2359079000000, 
0.009920843089247896, 0.28396162683817744, 0.4999596780113192, 2359085000000, 
-0.11700397119077699, 0.030417068784850163, 0.4999042832023242, 2359092000000, 
-0.09630597946787467, 0.12144183148424129, 0.5002223857785479, 2359097000000, 
0.008869356624224186, 0.30299628748363333, 0.499389720811573, 2359102000000, 
-0.12935660186761055, -0.037390627961460234, 0.5001727112137612, 2359107000000, 
0.04726972734719513, 0.4453751886055126, 0.49988453285690326, 2359112000000, 
-0.028989532819891327, 0.19243433757129513, 0.49987601376020896, 2359117000000, 
-0.1476704350536875, -0.012286436352730875, 0.5006206860769147, 2359122000000, 
0.04089582519506774, 0.36397588630425926, 0.499613935129909, 2359127000000, 
-0.06352718074915324, 0.13201558817310458, 0.4999340150875521, 2359132000000, 
-0.09634827920404772, 0.13786787106349999, 0.5003780253367496, 2359137000000, 
-0.03306212571360077, 0.175009231828444, 0.4998800262759525, 2359142000000, 
-0.05814352199139484, 0.15233709464448336, 0.4995770677927488, 2359147000000, 
-0.07206261754953053, 0.1679028674390753, 0.5001645000980589, 2359152000000, 
-0.05862013029537588, 0.17233080219304686, 0.4997918898035261, 2359157000000, 
-0.13534584653674334, -0.015453347136757908, 0.4997204262464156, 2359162000000, 
0.01488142163326443, 0.3189237393306942, 0.5004014916361229, 2359168000000, 
-0.12204213093773295, 0.2079813419426126, 0.5011752792342358, 2359173000000, 
-0.05732069723582892, -0.0745304844137424, 0.5021985490088565, 2359178000000, 
0.011146368832257775, 0.345874259681706, 0.5038397547565757, 2359183000000, 
-0.11378538353203939, 0.1791751884240903, 0.504915467381253, 2359189000000, 
-0.05303979896971662, -0.06318639165155311, 0.506761866281038, 2359194000000, 
-0.05507488050318242, 0.3971475526099811, 0.5087134636658592, 2359200000000, 
-0.05464107789293045, 0.15565967402797448, 0.5103267579991713, 2359206000000, 
-0.13956355096935344, -0.08131866321464937, 0.5119344560345873, 2359211000000, 
-0.08841261242351997, 0.36890533152113886, 0.5136506478644115, 2359216000000, 
0.04016082209565113, 0.13789017706219367, 0.5145940604415974, 2359221000000, 
-0.17828527538409727, 0.009012530561071588, 0.5165228372883576, 2359226000000, 
-0.025437648772695033, 0.3698610666011551, 0.5170604421291018, 2359231000000, 
-0.03019486710414984, -0.05330793486098204, 0.5176897206220361, 2359236000000, 
-0.1366691218964378, 0.2248993718450991, 0.5187216040500475, 2359241000000, 
0.011088087643038935, 0.33393021544129015, 0.5185517147601292, 2359246000000, 
-0.06308903112448605, -0.0485102373837275, 0.518652830633126, 2359251000000, 
-0.12192030159595339, 0.2256718681172157, 0.5182123466464889, 2359256000000, 
-0.022937941327979057, 0.2976773855632973, 0.5177074272593604, 2359261000000, 
-0.05637636760437915, -0.06748230979454067, 0.5167302947573139, 2359266000000, 
-0.11613971020221046, 0.2425266404800704, 0.5157541882679103, 2359272000000, 
0.008123860515251867, 0.21594663877331077, 0.515530475753793, 2359277000000, 
-0.13357329952776292, -0.0011096800461467913, 0.5149151745483438, 2359282000000, 
-0.05911283230257724, 0.2373847714302124, 0.5145555193341074, 2359287000000, 
-0.017720254437779782, 0.26406865045445915, 0.5143772358876321, 2359292000000, 
-0.09998746657014385, -0.01923459192821897, 0.5132633952752151, 2359297000000, 
-0.10070413181890915, 0.23997903927188574, 0.5134573927432524, 2359302000000, 
0.02056845611774501, 0.23518489054097677, 0.5127971025508894, 2359307000000, 
-0.11677499365437366, 0.013465362554846948, 0.5135093647102036, 2359312000000, 
-0.02970639030480701, 0.30920035060095086, 0.5133195942318148, 2359317000000, 
-0.06076188462461922, 0.059672729975590214, 0.513500510844603, 2359327000000, 
-0.08061454820521853, 0.20883748632386398, 0.5144268389217466, 2359332000000, 
-0.01305552396964519, 0.23699771070829198, 0.5149280850754344, 2359337000000, 
-0.04878964451310311, -0.1260404936108823, 0.5146869959955811, 2359342000000, 
-0.103365450976623, 0.21205073643911074, 0.5157042924458891, 2359347000000, 
0.024689328424072454, 0.2313304759376124, 0.5165236437473858, 2359352000000, 
0.005325879447578546, 0.0002607448931709645, 0.516456114371739, 2359357000000, 
-0.14974905178323655, 0.21828772745710923, 0.5165264880411171, 2359362000000, 
-0.03912775927316083, 0.2263324841218194, 0.5167754107492054, 2359367000000, 
-0.021748733093900047, -0.016914287204950397, 0.5169393963558521, 2359373000000, 
-0.08947421379443027, 0.20512891407083922, 0.5167990863236002, 2359379000000, 
-0.08860402038411423, 0.1625170760139422, 0.5167503024415456, 2359384000000, 
-0.026928229155520057, 0.2973426678087254, 0.516718821190678, 2359389000000, 
-0.03558374858264031, -0.0011436467586299105, 0.5168430201211485, 2359394000000, 
-0.08090334714138082, 0.1910762979055311, 0.5166755673970597, 2359399000000, 
-0.029340569505903108, 0.15436462974325205, 0.5174634569932688, 2359404000000, 
0.0035143624820270364, 0.1422902698602186, 0.5176265494133684, 2359409000000, 
-0.09448215108755498, 0.13503059741993584, 0.5173759544439408, 2359414000000, 
-0.04744514627288179, 0.18604963910266026, 0.517858487572397, 2359419000000, 
-0.05383792178904365, 0.17473736645225263, 0.5185876001293475, 2359424000000, 
-0.06025245280409911, 0.15299714681811427, 0.5186304544041612, 2359431000000, 
-0.02031316441108672, 0.1457797314935675, 0.5196250277346192, 2359436000000, 
-0.049611152838271375, 0.12791076657191383, 0.5192346257252927, 2359441000000, 
-0.08654803906979325, 0.19499861817547784, 0.5188440402665547, 2359446000000, 
-0.019623092359624783, 0.18207411184373778, 0.5182878760192027, 2359451000000, 
-0.07661602103297167, 0.1315969769193314, 0.518729912949824, 2359456000000, 
-0.08874902177985702, 0.13844206246038024, 0.518730127571434, 2359461000000, 
-0.07186910910807102, 0.09428360921657698, 0.5194590317657888, 2359466000000, 
-0.08974787722111624, 0.14579585660796499, 0.5202148056839005, 2359471000000, 
-0.08097341516461075, 0.15169878289153924, 0.5205893025618191, 2359476000000, 
-0.07266987614672166, 0.13618654512084702, 0.5215389660274962, 2359481000000, 
-0.07608155980193423, 0.15078451868420434, 0.522711247432587, 2359487000000, 
-0.035306350110727386, 0.14002407824861837, 0.5232173284896418, 2359492000000, 
-0.04857300259564123, 0.15504544966987982, 0.5235810163614003, 2359498000000, 
-0.038156216783445024, 0.142694950264293, 0.5244243798731951, 2359503000000, 
-0.05143921960639738, 0.12921299866914765, 0.524834013243274, 2359508000000, 
-0.0410989022596745, 0.14760723905825085, 0.5248384702519029, 2359513000000, 
-0.06607400138928009, 0.14141194508590912, 0.5249166417123858, 2359518000000, 
-0.04115435944244586, 0.16341156826979605, 0.5247602399401936, 2359523000000, 
-0.0664354856074229, 0.17210884701232934, 0.5245440765292241, 2359528000000, 
0.13084199735083304, 0.128981378828759, 0.523298706719607, 2359533000000, 
0.021054888098294408, 0.14531245715212934, 0.5204709117128161, 2359538000000, 
-0.050255835983266495, 0.16285563361762467, 0.5167933956900519, 2359543000000, 
-0.05944272570730996, 0.15209749795853333, 0.5121393148931039, 2359548000000, 
-0.049590977501391895, 0.16295503276941958, 0.5080536527726929, 2359553000000, 
-0.05169890213769936, 0.09976370345927651, 0.5016186296782525, 2359558000000, 
-0.06269584393048525, 0.15977755506559213, 0.49730055834313536, 2359563000000, 
-0.03361962200256364, 0.1266572482103103, 0.4927763726397266, 2359568000000, 
-0.07137756973891461, 0.16215737963338278, 0.4895719389739031, 2359573000000, 
-0.03995478760836707, 0.18627721902223454, 0.4852444290247357, 2359584000000, 
-0.0880510382088003, 0.056661833258351474, 0.4853332693905085, 2359589000000, 
-0.053610562749982084, 0.2491460698353417, 0.48625212403703794, 2359594000000, 
-0.05987765195719001, 0.1457208273267862, 0.4862831271662729, 2359599000000, 
-0.10483796947246848, 0.08265452704846948, 0.48984532142589204, 2359604000000, 
0.005030367472270781, 0.2897681017726368, 0.49257818836795053, 2359609000000, 
-0.11024756613076792, -0.03925705830153708, 0.49565929647241097, 2359614000000, 
-0.06255707140906369, 0.15616527034154917, 0.49873114894398424, 2359619000000, 
-0.014507626514424485, 0.2519391058707994, 0.5015019506590154, 2359624000000, 
-0.11254995907188714, 0.018141860437226983, 0.5039701239802755, 2359629000000, 
-0.008822307640506812, 0.2807846746965946, 0.5060481079640996, 2359634000000, 
-0.13401440028891448, 0.05444626419084041, 0.5077594175542474, 2359639000000, 
-0.03493216994152656, 0.2761330240495209, 0.5087384663413518, 2359644000000, 
-0.03157339752376617, 0.16341549304106326, 0.5082974975646002, 2359650000000, 
-0.10029316086101482, 0.005684890023849622, 0.5081326441012539, 2359655000000, 
-0.018633817827129938, 0.2817803290620177, 0.5074784692574285, 2359660000000, 
-0.1318250512825948, -0.007988311183158774, 0.5059940854724059, 2359665000000, 
-0.06265320203357091, 0.13986066001284664, 0.5048643397837448, 2359670000000, 
-0.03554010193030489, 0.25936184844562116, 0.5024357444012968, 2359675000000, 
-0.1183460459718781, 0.005044962875808559, 0.5002149506233132, 2359680000000, 
-0.02174239821871877, 0.28133980742621406, 0.4993752924539448, 2359685000000, 
-0.040492871000653394, 0.13889681240485852, 0.4975665600922899, 2359690000000, 
-0.05801711873318296, 0.1365511282804213, 0.49728337668860334, 2359695000000, 
-0.06320575893420606, 0.1685606020121999, 0.495538423154791, 2359700000000, 
-0.08780300230924591, 0.020206986349273332, 0.4947957144373061, 2359705000000, 
-0.10926557725186503, 0.1198812076604384, 0.49484403859938364, 2359710000000, 
-0.039622382965343705, 0.23286795553914957, 0.49466757932171423, 2359715000000, 
-0.07237749048593367, 0.05819156660551184, 0.4953807514549146, 2359720000000, 
-0.056498163313797194, 0.1420660464111713, 0.49596885583503725, 2359725000000, 
-0.02622638322257448, 0.2203032859753224, 0.49645033055336496, 2359730000000, 
-0.10705738603885921, 0.055433129417039116, 0.4983017687055503, 2359735000000, 
0.000536938768936443, 0.20782391284906, 0.4992612892605704, 2359741000000, 
-0.0953679892592223, 0.03526434077184782, 0.5005308954936749, 2359746000000, 
-0.019224103154728216, 0.25867952055222726, 0.5012572322932951, 2359752000000, 
-0.045004100660197256, 0.11509472580472917, 0.5018154753771504, 2359758000000, 
-0.0641356884768746, 0.13816992623742302, 0.5027468402057691, 2359763000000, 
-0.049798488442566784, 0.1603221173912559, 0.5032058977118035, 2359768000000, 
-0.11433173617203557, 0.0036013205720965454, 0.5032125212238887, 2359773000000, 
-0.016379355644220456, 0.26400171039797493, 0.5028871690209626, 2359778000000, 
-0.11705984973110606, 0.025265917376022125, 0.5026379629168316, 2359783000000, 
-0.02776549546341615, 0.26008811805206683, 0.5022441768603915, 2359788000000, 
-0.03892903664859817, 0.15113167498901944, 0.5016104823004186, 2359794000000, 
-0.09829635215339853, 0.1390549562598169, 0.5008478942429607, 2359800000000, 
-0.05384125374796084, 0.12233221209304349, 0.49987396174728577, 2359805000000, 
-0.05758495011419046, 0.055186123286343494, 0.49978720268676047, 2359812000000, 
-0.021553598318844104, 0.26759954376009903, 0.49911750944399774, 2359817000000, 
-0.07686506609054056, 0.025386916873018618, 0.498531278020433, 2359822000000, 
-0.02917414118700875, 0.21240294845651278, 0.49836527290672367, 2359827000000, 
-0.08657500857533279, 0.06883265268672142, 0.49807978100390166, 2359832000000, 
-0.0624646933903336, 0.1317289927134034, 0.49878458366445866, 2359839000000, 
-0.005516338798439983, 0.25290690152268924, 0.49818782992841093, 2359844000000, 
-0.1307040768488209, -0.023795823048183395, 0.49906188920660327, 2359849000000, 
-0.05926599084471698, 0.22542256378806047, 0.49937769897266665, 2359854000000, 
-0.05303276226178824, 0.051080251694239624, 0.4993069181916971, 2359859000000, 
-0.061359220010321236, 0.1495384189852739, 0.50027116502228, 2359864000000, 
-0.054002441520126704, 0.2705682602211315, 0.5005402297020716, 2359869000000, 
-0.06578597989219404, 0.02061852224344045, 0.5004788337890003, 2359874000000, 
-0.047046921679665954, 0.15608764485456836, 0.5006802687899764, 2359879000000, 
-0.031978828288131644, 0.24140083424877584, 0.50106522342365, 2359884000000, 
-0.060808518524383334, 0.022130325446813794, 0.5008207699430206, 2359889000000, 
-0.0627809505289936, 0.16190702325262912, 0.5013773033331348, 2359895000000, 
0.014903140548453757, 0.2709079858739196, 0.5014183893032966, 2359900000000, 
-0.12321198312032458, -0.0421838746243233, 0.5009082676835254, 2359905000000, 
-0.035081941138738984, 0.15666212458351061, 0.5014179251701439, 2359910000000, 
-0.047645444221887503, 0.2081539418776085, 0.501003740850372, 2359915000000, 
-0.061720198379092525, 0.051012777825767255, 0.5003954862103245, 2359920000000, 
-0.07350670524778907, 0.14765767594720647, 0.5002734978080765, 2359925000000, 
-0.031952008004848584, 0.25029991284810926, 0.49975018308303354, 2359930000000, 
-0.04633867174449211, 0.04485247799153127, 0.4999025981098907, 2359935000000, 
-0.0824585510123162, 0.16795387598528264, 0.4995444641850659, 2359940000000, 
-0.06095938203161129, 0.1479506487810055, 0.49972480466501684, 2359945000000, 
-0.058838594055479865, 0.14516674880615005, 0.4993974013212861, 2359950000000, 
-0.05539314267920824, 0.13938166111201325, 0.49955486130299814, 2359955000000, 
-0.0709515839677091, 0.1371805604758213, 0.4993096268694443, 2359960000000, 
-0.043095375544087725, 0.23445491159450532, 0.49961987347220804, 2359965000000, 
-0.10619697436078716, 0.031530536720908456, 0.49942361040385186, 2359970000000, 
-0.05569065947860524, 0.12890415939979766, 0.4998931089528508, 2359975000000, 
-0.06347466602265628, 0.18328576234548136, 0.500449290385022, 2359980000000, 
-0.05476109972659103, 0.14096616801421483, 0.5004181076375152, 2359985000000, 
-0.050707163736129386, 0.14238993088731963, 0.4999001056029599, 2359990000000, 
-0.0652489154297927, 0.11683278518771151, 0.500003384778789, 2359995000000, 
-0.0434661411870457, 0.10714062002435908, 0.5001727449575935, 2360000000000, 
-0.07514039396364343, 0.13211374237220264, 0.5001045385287052, 2360005000000, 
-0.03481318245511155, 0.12714405999581738, 0.5006158930960146, 2360010000000, 
-0.03398836525069862, 0.11206284134377581, 0.5005165256010036, 2360015000000, 
-0.026966665086386777, 0.14199888230580116, 0.5008743846160918, 2360020000000, 
-0.03119171260094572, 0.12412748674731576, 0.5002890263214035, 2360027000000, 
-0.007581328888009775, 0.24413621883775322, 0.5006756294867118, 2360032000000, 
-0.07107242518754121, 0.012168551138358566, 0.4999652175125681, 2360037000000, 
-0.037019981388046685, 0.13129033238012322, 0.5004851203467711, 2360042000000, 
-0.0486874737226346, 0.14428452335344233, 0.5001919417408617, 2360047000000, 
-0.03270544714261691, 0.27987251858088236, 0.49989395015060806, 2360053000000, 
-0.10043127731824383, 0.0429187297848788, 0.499777308118031, 2360058000000, 
-0.051142839075747494, 0.14132053211833595, 0.5000035481250241, 2360063000000, 
-0.06430407201666308, 0.15695107390321808, 0.50011495844349, 2360068000000, 
0.0032846814667195495, 0.23897279451533437, 0.500069878382054, 2360073000000, 
-0.09085923149517144, 0.026126107902773574, 0.49976113494553404, 2360078000000, 
-0.06308261547386501, 0.16044975946472995, 0.49974254558541215, 2360083000000, 
-0.05099048195216854, 0.13648104893606594, 0.4999847518884934, 2360088000000, 
-0.012404751355821579, 0.22285641164254574, 0.4999241783668951, 2360093000000, 
-0.08633238415653813, 0.023292931515091927, 0.500147388298311, 2360098000000, 
-0.024894542969428113, 0.14145857380553797, 0.5000236771978777, 2360103000000, 
-0.0692792950603501, 0.1492592304023423, 0.49994499767027567, 2360108000000, 
-0.06986560071471865, 0.15359064699697053, 0.5002516943771712, 2360113000000, 
-0.0759862270576124, 0.15764632656890065, 0.5001322986706002, 2360118000000, 
-0.06975022027517797, 0.1505376562897538, 0.5003348448292763, 2360124000000, 
-0.03236806883709091, 0.12020552698577507, 0.5004316820771495, 2360129000000, 
-0.04253877272918046, 0.13788665927294014, 0.5000642227521237, 2360134000000, 
-0.048252714196424115, 0.12780524250965683, 0.4998145376113304, 2360144000000, 
-0.04381735238517519, 0.2151134847542716, 0.5005155384423698, 2360149000000, 
-0.06394326635765325, 0.022653215855059763, 0.5003259275992925, 2360154000000, 
-0.05112318665612965, 0.16538843428129368, 0.5003141030314835, 2360159000000, 
-0.053378565274444185, 0.1255277376435587, 0.4996986824523895, 2360165000000, 
-0.03840475000119421, 0.13980549643039225, 0.5001616880136636, 2360170000000, 
-0.07819409826901753, 0.14180736660040208, 0.5002936614944542, 2360175000000, 
-0.06472415137009385, 0.1167354987173781, 0.49993909732892733, 2360180000000, 
-0.05077830517648127, 0.14440756464742116, 0.5007055976753608, 2360185000000, 
-0.015208030284525394, 0.254364526073304, 0.49983540465025805, 2360190000000, 
-0.058605687096713474, 0.05465037680261692, 0.5001498616216258, 2360195000000, 
-0.028749440847609695, 0.2726358754445562, 0.4997046489799904, 2360202000000, 
-0.08073047638558548, 0.00867728953951071, 0.4997502338722615, 2360207000000, 
-0.06297919392647396, 0.17443580857267776, 0.5006055893217249, 2360212000000, 
-0.04101956156777298, 0.2440776404281041, 0.5000235578822098, 2360217000000, 
-0.07033779723108181, 0.011611859361313433, 0.49996368053116264, 2360222000000, 
-0.07089212963194814, 0.1542249591696092, 0.5002763443655843, 2360227000000, 
-0.036421320519520385, 0.27229934820328044, 0.49976239527175886, 2360232000000, 
-0.07563233581709174, 0.038409733419465394, 0.4999347821462384, 2360237000000, 
-0.07508851849114628, 0.13723107951510533, 0.5000657668655284, 2360242000000, 
-0.028184958100436246, 0.24090418591858334, 0.49983064316793624, 2360247000000, 
-0.06155850780097388, 0.007631018134748162, 0.5003262062755819, 2360252000000, 
-0.05746638416878658, 0.25508332143509893, 0.5000683167964602, 2360257000000, 
-0.03736201460575454, 0.15887901573957672, 0.5000019498638674, 2360262000000, 
-0.10278178982376177, -0.021441932969194565, 0.500073435548538, 2360267000000, 
-0.028724619392645735, 0.2764372545061475, 0.5002756373688413, 2360272000000, 
-0.06834476954116109, 0.03297240830004309, 0.5000115541612136, 2360277000000, 
-0.0773585444561113, 0.17920766658646756, 0.5004300658928061, 2360282000000, 
-0.07065702914717154, 0.25834588435844125, 0.5001351498379927, 2360287000000, 
-0.08735312784725985, -0.07932535478444314, 0.49989920233347895, 2360292000000, 
-0.0657976014306059, 0.2430712704552723, 0.49975391940081937, 2360297000000, 
-0.08114702227005494, -0.031175011378763988, 0.5001745347363099, 2360302000000, 
-0.03586662673160204, 0.23624605012651614, 0.5001920846708915, 2360307000000, 
-0.024455902911327806, 0.1476236888920214, 0.49964105492098326, 2360312000000, 
-0.05886296354248895, 0.013605582579591763, 0.5003609542972238, 2360317000000, 
-0.049059486554933925, 0.2968196765605217, 0.5001266829388251, 2360322000000, 
-0.07288068447544878, 0.0029866145469156806, 0.4998077550243273, 2360327000000, 
-0.03800949062090616, 0.29217135019915164, 0.500072776052623, 2360332000000, 
-0.09724232121496786, 0.0220661264492023, 0.49969050816983246, 2360337000000, 
-0.07474703721460232, 0.1408391634501356, 0.5003972090277615, 2360342000000, 
-0.009455141987076317, 0.2569129982948316, 0.5001973249884158, 2360347000000, 
-0.07106783930770307, -0.024310423252003728, 0.49976051389912746, 2360352000000, 
-0.0701753168598585, 0.27522895857351515, 0.5002128477949325, 2360357000000, 
-0.02882847557612093, 0.17649426217437053, 0.49986063712723905, 2360362000000, 
-0.06172431074723449, 0.0028676253343736108, 0.5002930624983731, 2360367000000, 
-0.045070465614638316, 0.29702624516229925, 0.5004163976699528, 2360372000000, 
-0.03051163730234928, 0.010386898122385666, 0.4995580241563493, 2360378000000, 
-0.0426720558085095, 0.14242865650932998, 0.5002368597407887, 2360385000000, 
-0.07900224901527703, 0.12655836758726902, 0.4999003858978257, 2360390000000, 
-0.04323618553762564, 0.25100264761812574, 0.5002580684436334, 2360396000000, 
-0.08414449195180758, -0.017400961945716834, 0.4999268129985094, 2360401000000, 
-0.06492480334014165, 0.1553268067795604, 0.5005631346061894, 2360407000000, 
-0.054348179117623505, 0.28415322185617964, 0.49992734823990004, 2360412000000, 
-0.06614488798297295, -0.0018931268103768856, 0.500026485327606, 2360417000000, 
-0.06592975786064527, 0.1575757566258316, 0.5005128965091695, 2360422000000, 
-0.02333162955705572, 0.2646258740036279, 0.499959415070456, 2360427000000, 
-0.06285927942816896, 0.011016637455201771, 0.4998140548869106, 2360432000000, 
-0.04280536253294592, 0.15508041757451158, 0.5003805712290792, 2360437000000, 
-0.03637595299397519, 0.25606865475307017, 0.49983405278175463, 2360442000000, 
-0.04788618890145742, 0.021266144880901842, 0.5004444114690445, 2360447000000, 
-0.04834955210578089, 0.1725031033313614, 0.4999908755664632, 2360452000000, 
-0.07656542165120826, 0.12207133038189301, 0.5001656232550469, 2360457000000, 
-0.05535294411784105, 0.11627809273584337, 0.5001956003869249, 2360462000000, 
-0.036451274036928216, 0.23626639883867526, 0.5004155898702672, 2360467000000, 
-0.067904824933792, 0.026483966422555225, 0.5005759636143762, 2360472000000, 
-0.026581666773200403, 0.17036731698364568, 0.5002892992194775, 2360477000000, 
-0.03444765066284705, 0.24646105021562748, 0.50022914059683, 2360482000000, 
-0.03421164912674195, 0.007010780821960438, 0.4999086254595879, 2360487000000, 
-0.02910473299085484, 0.1557740231171172, 0.5005080015111478, 2360492000000, 
-0.055776610436983336, 0.14758213070387102, 0.5003676667607356, 2360497000000, 
-0.07678820688443591, 0.30312649562422944, 0.4997332598603543, 2360502000000, 
-0.03881751369722398, 0.022536516391784576, 0.5000263785725737, 2360507000000, 
-0.06997098530182011, 0.1482501219733244, 0.500445556383016, 2360513000000, 
-0.005747534475199295, 0.2830117534924725, 0.4998448657770724, 2360518000000, 
-0.05818998784344882, 0.024254581682238197, 0.5000939047249604, 2360523000000, 
-0.04713777051553299, 0.14370048671072536, 0.5005544630751212, 2360528000000, 
-0.06939841455165162, 0.2513556817560066, 0.5000339058815968, 2360533000000, 
-0.06044687568187955, -0.009578105969528017, 0.49978632265177947, 2360538000000, 
-0.03547427599391037, 0.16317205530505896, 0.50028684421369, 2360543000000, 
-0.057256994466661985, 0.14872819439916296, 0.5003594249634351, 2360548000000, 
-0.04562911675476457, 0.1034785620214665, 0.500063704305843, 2360553000000, 
-0.046457131819055024, 0.1517889331629048, 0.4998748436145736, 2360558000000, 
-0.06995739125375286, 0.21805276170109536, 0.49978114792226486, 2360568000000, 
-0.08276375858908769, 0.01573443225441143, 0.5000706691485532, 2360573000000, 
-0.04785920917873642, 0.15975981524915348, 0.5003793888384348, 2360578000000, 
-0.059675248131433975, 0.15409469626001895, 0.5002237494385495, 2360583000000, 
-0.036995281226691955, 0.12922061001102272, 0.5001239091284715, 2360588000000, 
-0.04246964585275233, 0.1598334214407441, 0.49999551121770713, 2360593000000, 
-0.08952922105909683, 0.12779247066469537, 0.5002746068067441, 2360598000000, 
-0.047874401351809065, 0.25971996989783885, 0.49992150865049284, 2360603000000, 
-0.059536825784619656, -0.032336165450568624, 0.5001112402816517, 2360608000000, 
-0.03756537938489592, 0.12460223087787607, 0.5003915140368194, 2360613000000, 
-0.04864257012761106, 0.15813635423313516, 0.5004954255483463, 2360618000000, 
-0.045454782344029145, 0.11442760955203349, 0.5001382336052349, 2360623000000, 
-0.049690247962904, 0.19104958464460886, 0.500283025960802, 2360628000000, 
-0.054315242989435145, 0.15012042068840625, 0.5008687993436187, 2360633000000, 
-0.08811977767769431, 0.09840986726139742, 0.5004569426691282, 2360638000000, 
-0.11452872427906413, 0.12359624422492699, 0.5008629210570206, 2360643000000, 
-0.1387196601236223, 0.21059162463252296, 0.5038119366880429, 2360649000000, 
-0.11956019760582128, 0.14132068037626175, 0.5071309248762988, 2360654000000, 
-0.0933373467990515, 0.1897529211109173, 0.5127689968213708, 2360661000000, 
-0.042472903252625246, 0.15472048798967608, 0.516631069544344, 2360666000000, 
-0.023486357908388343, 0.27882144265560466, 0.5210302329531651, 2360671000000, 
0.14226889468861964, -0.020630624630959674, 0.5241573324693118, 2360676000000, 
0.019818081478504713, 0.15265290175769058, 0.5254143107353355, 2360682000000, 
-0.129596944611754, 0.15995136841980465, 0.5251946602364977, 2360687000000, 
-0.07529437000705862, 0.12683686658158677, 0.5239269795705107, 2360692000000, 
-0.0035238531659928874, 0.13532116628158608, 0.5222305124801125, 2360697000000, 
-0.03269234594580628, 0.16671501324433707, 0.5204975318349043, 2360702000000, 
-0.09749619029374613, 0.13624500523070734, 0.5147260404415598, 2360707000000, 
-0.002091308746319697, 0.16864277419236412, 0.5119600915851734, 2360712000000, 
-0.01918408414823415, 0.25667022184752, 0.5063116598904945, 2360719000000, 
-0.08409884615783687, -0.05148868138972287, 0.5033152822839099, 2360724000000, 
-0.016118427800053133, 0.17108894528677537, 0.5002366962914334, 2360729000000, 
-0.041707021819667525, 0.22437421891468504, 0.49608625115268007, 2360735000000, 
-0.08596743513058244, -0.015058811104545117, 0.49502732025925517, 2360740000000, 
-0.052168784495929224, 0.306058632261228, 0.4931065989574536, 2360746000000, 
-0.08605023569488628, 0.011140979754202826, 0.49152917759326564, 2360751000000, 
-0.07899633785452603, 0.1310129803217665, 0.49196650281000526, 2360756000000, 
-0.05369692125734089, 0.3090717778782866, 0.4918374607323815, 2360761000000, 
-0.07743894238975352, -0.03657286827873459, 0.49216179332924087, 2360766000000, 
-0.06463110690112821, 0.13680129166907437, 0.4939184672582456, 2360771000000, 
-0.024697287520809116, 0.2902415955269919, 0.49542044722399076, 2360776000000, 
-0.0645011249979196, 0.06188047959908652, 0.49802872500254075, 2360783000000, 
-0.023537207369821123, 0.29152198347089076, 0.4994887717219816, 2360788000000, 
-0.09550321488338419, 0.006612383144879365, 0.5002642912668325, 2360793000000, 
-0.04773968405043112, 0.3370904134866582, 0.502477525697277, 2360798000000, 
-0.135271614425801, -0.003426322473444367, 0.5032871858247308, 2360803000000, 
-0.03919800031043515, 0.1644939389864629, 0.5044487750074254, 2360808000000, 
-0.02305807022128034, 0.3050512482342914, 0.5042511966336279, 2360813000000, 
-0.08258776350608196, 0.0045792653380033795, 0.5045620958673711, 2360818000000, 
-0.05937536697625909, 0.3612336434234823, 0.504626740329309, 2360823000000, 
-0.061565152491743255, 0.14644892561170827, 0.503927984282649, 2360828000000, 
-0.12904262965929297, 0.04098675109362453, 0.5037091203420523, 2360834000000, 
-0.0015820252058951628, 0.3079066514020473, 0.5023913261926434, 2360839000000, 
-0.10757560687147916, -0.010471186516755989, 0.5016915988092545, 2360844000000, 
-0.03885200135785828, 0.3456705539555825, 0.5012864973297106, 2360849000000, 
-0.06912839201971466, 0.157152261384589, 0.49946399995184554, 2360854000000, 
-0.07688169694720565, -0.01813961596795427, 0.499091927293042, 2360859000000, 
-0.032969881440589176, 0.342321339331975, 0.4981758713260081, 2360864000000, 
-0.10031860265976027, -0.011935727106289899, 0.4975051915190523, 2360869000000, 
-0.04770365342372969, 0.15140919861876748, 0.4983071788373635, 2360874000000, 
-0.03123864807861846, 0.40479541357518783, 0.4977620534376931, 2360879000000, 
-0.08024281216485328, -0.01207903473723777, 0.49739563827345756, 2360884000000, 
-0.03883466867212724, 0.30859254725835755, 0.4980483729058206, 2360889000000, 
-0.04463756352076185, 0.13892175442152593, 0.4982107468343904, 2360894000000, 
-0.09408665001995667, -0.04270171804590327, 0.498671258734277, 2360899000000, 
-0.009260812666578092, 0.3205085516268009, 0.49938481992134154, 2360904000000, 
-0.08096538791110716, -0.05050663245937001, 0.4998572336603417, 2360909000000, 
-0.008248033910129324, 0.33065249771480354, 0.5005535576199387, 2360914000000, 
-0.1485375310453713, -0.017179872300113506, 0.5014585001376409, 2360919000000, 
0.0015678354305203278, 0.2082775144331298, 0.5021731075185091, 2360924000000, 
-0.0977845888210361, 0.2782865799580644, 0.5035737150919976, 2360929000000, 
-0.0661601791680342, 0.004074058980625864, 0.5050242681755206, 2360934000000, 
-0.010804958642909394, 0.18708875960088478, 0.5064250852164036, 2360939000000, 
-0.11432286497654721, 0.28846961868070475, 0.5075127682079636, 2360944000000, 
-0.04869006825115883, -0.03629523762010793, 0.5088471206105682, 2360949000000, 
0.0064201809438969755, 0.1608847231924265, 0.5098431889868384, 2360955000000, 
-0.22103751065349267, 0.1674966158559863, 0.5103839287701504, 2360960000000, 
-0.06807166183410833, 0.14055926836286656, 0.5114451077434847, 2360965000000, 
0.003884332867127468, 0.16540751688130423, 0.5116998982574475, 2360971000000, 
-0.1609739821823686, 0.2990485190017229, 0.5115911895187659, 2360976000000, 
-0.055078445623818306, -0.045714730961336575, 0.511951494803553, 2360981000000, 
-0.1346774109898855, 0.12171294740040785, 0.5121080509552648, 2360986000000, 
-0.0882415418541266, 0.1787086540294577, 0.5134800235451609, 2360991000000, 
-0.014113177767317915, 0.1721978692597691, 0.5138941043681887, 2360996000000, 
0.06416343112169759, 0.21074419745142658, 0.5141897975793523, 2361001000000, 
-0.12345466370037544, 0.16585179569441577, 0.5139282800535875, 2361006000000, 
-0.07342055985018486, 0.3243088441846003, 0.5144624344430616, 2361011000000, 
0.036858972408273794, -0.010202203188530577, 0.5148123347135669, 2361016000000, 
-0.04056688212930752, 0.13450092577431483, 0.5137624976080224, 2361021000000, 
-0.09430229444910035, 0.24414301381376605, 0.5128241087469414, 2361026000000, 
-0.0693865979468738, -0.0011535562503568984, 0.5128099990316124, 2361031000000, 
-0.14416690832844742, 0.07922440531184707, 0.5122580213809933, 2361036000000, 
-0.009980192868818464, 0.3081510108641047, 0.5126967921195309, 2361042000000, 
-0.0230823456668116, -0.02148693734960714, 0.5130056045020708, 2361047000000, 
0.018806304591492205, 0.16086130302415408, 0.5124594565205316, 2361052000000, 
-0.09252739504141241, 0.29489269408386143, 0.5114539366398511, 2361057000000, 
-0.047545420896572814, -0.028253897352190548, 0.5111862604368277, 2361062000000, 
0.0028901302169365446, 0.1417808324522593, 0.5102644230281677, 2361067000000, 
-0.06165320331167068, 0.3024646114405276, 0.5088740658923261, 2361073000000, 
-0.07627663025492273, 0.01982657493703346, 0.5076515615773669, 2361078000000, 
0.00985133074417675, 0.18080115542444958, 0.5065203486619883, 2361083000000, 
-0.010015347797659335, 0.1427637625470563, 0.5038423092130492, 2361089000000, 
-0.05060366261196299, 0.15255060090243208, 0.5025108444081349, 2361094000000, 
-0.018282268248948012, 0.12678308248001557, 0.4992573806106672, 2361101000000, 
-0.04891119799820637, 0.15566840870548343, 0.49802578821675403, 2361106000000, 
0.004741207424718782, 0.3052604176810483, 0.49726508482606957, 2361111000000, 
-0.1025856000303215, -0.0031548373955715835, 0.495493130573625, 2361117000000, 
-0.005850618725522325, 0.16445656459866373, 0.4950636950399612, 2361122000000, 
-0.014589711670162365, 0.3311359838815759, 0.4945575885938318, 2361127000000, 
-0.09422673714862446, -0.03127461451379119, 0.495484870891976, 2361133000000, 
-0.08017943956280978, 0.18001719675514563, 0.4959216674892282, 2361138000000, 
0.003962691960624012, 0.35776457020534347, 0.4962504360875212, 2361143000000, 
-0.12034946213021819, -0.047625161668255846, 0.49721624981908497, 2361148000000, 
-0.007394249755415288, 0.3093552888007433, 0.4984140786938814, 2361153000000, 
-0.10198094250782364, -0.018655923083866613, 0.49963798833614176, 2361159000000, 
-0.023998587032776224, 0.1488253761435486, 0.5012444948134102, 2361164000000, 
0.013940563211500362, 0.31857897343698033, 0.5013906010525977, 2361169000000, 
-0.12870338716530597, -0.12117791199144039, 0.5021355643336263, 2361174000000, 
-0.024623677527393955, 0.14967430190991693, 0.5033841918550719, 2361179000000, 
0.021922512406581177, 0.3273219194587364, 0.503258311488151, 2361184000000, 
-0.10380658704372041, 0.03315619700488384, 0.5035328662605995, 2361191000000, 
0.007928716806129195, 0.32282237888432536, 0.5034536242220132, 2361196000000, 
-0.09757890773244057, 0.020692976820796297, 0.5028120817423355, 2361201000000, 
-0.06028469306826573, 0.1747177635074066, 0.5024059838540619, 2361206000000, 
0.011040468277392364, 0.37248890074144375, 0.5014370864257199, 2361211000000, 
-0.09709444266658535, -0.05572122175382565, 0.5010643599637425, 2361216000000, 
0.01965112970610313, 0.32937729433018864, 0.5005901740570546, 2361221000000, 
-0.08448846192542295, 0.00536479914598856, 0.49936669559937263, 2361227000000, 
-0.04353455780963991, 0.15885965088109374, 0.4996099970776454, 2361232000000, 
0.027817565765436526, 0.3274634881643459, 0.49839645841228103, 2361237000000, 
-0.14410228724106675, -0.04852397199430138, 0.49850546615711344, 2361242000000, 
0.018376557513130273, 0.3132911433390853, 0.4980371747699775, 2361247000000, 
-0.16431483230653166, -0.1262748595840994, 0.4977940927212155, 2361252000000, 
-0.04026874834756291, 0.17519603268716805, 0.49854896914191854, 2361257000000, 
0.007950571624645351, 0.32036816629925313, 0.4984833069753778, 2361262000000, 
-0.16595435260982108, -0.13264698172541906, 0.4987741530410946, 2361267000000, 
-0.05067859042465488, 0.1402150344620472, 0.4998193206819059, 2361272000000, 
-0.0673057852875048, 0.13696131479863918, 0.49956970112268156, 2361277000000, 
-0.06891867516145343, 0.11445497168430276, 0.4998288859277475, 2361282000000, 
-0.058300855925641194, 0.16579976222251452, 0.5007444914863116, 2361287000000, 
-0.047134964249310074, 0.1403689441754007, 0.500624732980395, 2361292000000, 
-0.07580331396356352, 0.13536611598407206, 0.5010685769610034, 2361297000000, 
-0.0021852976592973868, 0.3205351535444036, 0.501572606194559, 2361302000000, 
-0.15530580313966244, -0.05384490070955529, 0.5010903415488827, 2361307000000, 
-0.020880698728938937, 0.1834282852098539, 0.501085763275755, 2361312000000, 
-0.07182981637479806, 0.15003878130532142, 0.5012286804713809, 2361317000000, 
-0.049669665815483, 0.13638223721519954, 0.5011716424690011, 2361322000000, 
-0.09251938865745159, 0.15372057128441793, 0.5011779327119751, 2361328000000, 
0.0604632991167983, 0.40839763197139284, 0.5005105001441426, 2361333000000, 
-0.15604118533934583, -0.08130655566425823, 0.5006933474968533, 2361338000000, 
-0.04651621544625947, 0.1690922832371275, 0.5004170229549801, 2361343000000, 
0.03132257261525326, 0.3009540052145114, 0.5003072927857866, 2361348000000, 
-0.17192649387542688, -0.03267287048325181, 0.4999127791077466, 2361353000000, 
-0.043144494682174496, 0.16285449246287348, 0.4999972986891558, 2361358000000, 
-0.054547158896573356, 0.15179040157749057, 0.5000105794707927, 2361363000000, 
-0.02957934127820267, 0.14746581715327123, 0.4995842810717373, 2361369000000, 
-0.06440561263974058, 0.17331414421288965, 0.499630199924163, 2361374000000, 
0.03962326268090828, 0.31469124508970114, 0.4996748378312452, 2361379000000, 
-0.17916823896869655, -0.06956836545097876, 0.49961106153040324, 2361385000000, 
-0.04263410335452368, 0.18469326223079297, 0.5004701806683898, 2361390000000, 
0.05308305942382355, 0.38284553359421725, 0.4995317142068169, 2361395000000, 
-0.11841524525430086, -0.03129387170957584, 0.5001279165293246, 2361401000000, 
-0.053107167777258886, 0.14968270765402086, 0.5002317928633976, 2361406000000, 
0.0413826750818945, 0.3129480087498854, 0.5003372120026375, 2361411000000, 
-0.16755743842071547, -0.05980928200048574, 0.4997956974715342, 2361416000000, 
-0.0487230820921012, 0.16900463713326216, 0.5006054580878044, 2361421000000, 
-0.005695279918637979, 0.29945447076091175, 0.5003377180244574, 2361426000000, 
-0.11820122428575483, -0.029058215097864194, 0.5005291411858881, 2361431000000, 
-0.04081303457040816, 0.17343426090098105, 0.5012662981396838, 2361436000000, 
-0.04164974940422185, 0.14215820249175648, 0.5012900877594308, 2361441000000, 
-0.09095016505843585, 0.11798725239143351, 0.5012244885614351, 2361446000000, 
-0.02989119856473829, 0.16210940619495065, 0.5015244996474841, 2361451000000, 
0.027889851347906572, 0.29337064194249407, 0.502036989646191, 2361456000000, 
-0.18708960074953615, -0.06154678822764728, 0.5016913463602861, 2361461000000, 
-0.05328333556432518, 0.17216187095156044, 0.5019504842613273, 2361466000000, 
0.019996718998048255, 0.29789715370219494, 0.5020692920732369, 2361471000000, 
-0.12986213797048338, -0.04153120366582564, 0.5016657301858782, 2361476000000, 
-0.052301958271585944, 0.15763695663414334, 0.5023484381799087, 2361481000000, 
0.031186003384957802, 0.29206603027195877, 0.5017219638873843, 2361486000000, 
-0.15421590986198797, -0.041601478166270286, 0.5014858291415568, 2361491000000, 
-0.052301516989790485, 0.14985760014967242, 0.5012695380753537, 2361496000000, 
0.02911315006261374, 0.3115723349635123, 0.5007931912930935, 2361501000000, 
-0.10832000774903117, -0.018778674668240843, 0.5004503734547524, 2361506000000, 
-0.07335385274227398, 0.16715918946705988, 0.5003023957171459, 2361511000000, 
-0.05245880571626901, 0.11905468932971613, 0.49918578913416417, 2361516000000, 
-0.07600397000093548, 0.13028077615610265, 0.49924536547984777, 2361521000000, 
0.01817756435644852, 0.34220313163764726, 0.4992617507153708, 2361526000000, 
-0.12723293269700633, -0.07203184232693625, 0.4991759538378088, 2361531000000, 
-0.04663362405162526, 0.17762021950107854, 0.498927751283439, 2361536000000, 
-0.06960930312709687, 0.1593729973709057, 0.49852888163381254, 2361541000000, 
-0.05542023688277871, 0.11672756598648125, 0.498933495621441, 2361546000000, 
0.04381122684199314, 0.349275810250368, 0.499520696089737, 2361551000000, 
-0.16844252844090998, -0.09419297910301286, 0.4991124703232632, 2361556000000, 
-0.018635961940111745, 0.1673369185883102, 0.49961831175347526, 2361561000000, 
-0.030314477331686605, 0.26534678240340076, 0.49951583344101125, 2361566000000, 
-0.15508263166102004, -0.04981062517545736, 0.4999048374292251, 2361571000000, 
0.032432567736115685, 0.3155856608198293, 0.5007498408234845, 2361576000000, 
-0.03498481719938042, 0.177132130743882, 0.5004067099656139, 2361581000000, 
-0.1919996412378867, -0.18214430390137074, 0.5006428832021941, 2361586000000, 
-0.0015719782719489563, 0.2696707997199902, 0.5005891579219363, 2361591000000, 
-0.15591524193958936, -0.08121315273023055, 0.5010754492690053, 2361596000000, 
-0.050453626696087175, 0.20153880973323152, 0.5011009404122302, 2361601000000, 
-0.01976808722132483, 0.3327944506826976, 0.5008863172874799, 2361606000000, 
-0.1307599799664157, -0.05763686496792758, 0.5006488114634094, 2361611000000, 
-0.04004681244202151, 0.1719127678193884, 0.5008302936927606, 2361616000000, 
-0.02628237708970564, 0.3305283446464103, 0.5003128799016968, 2361621000000, 
-0.11398577533976026, -0.06444054379191054, 0.5002954050487977, 2361626000000, 
-0.04093122238265401, 0.16604027762293697, 0.5004479592647871, 2361631000000, 
0.01921189014310586, 0.34129633932356485, 0.49965258760761194, 2361636000000, 
-0.13110702548721406, -0.0325473573815911, 0.49987724920564675, 2361641000000, 
-0.04241517626882309, 0.1700486952358673, 0.5001944117376854, 2361646000000, 
0.0063121384183417745, 0.27742298477497035, 0.499620006836516, 2361651000000, 
-0.14448580051343482, -0.04889804793587301, 0.4999236580855156, 2361656000000, 
-0.07616215673504238, 0.18642184569052458, 0.5001497345639371, 2361661000000, 
-0.0236338487919396, 0.1294645054251382, 0.49987574281189284, 2361667000000, 
-0.07796407511850846, 0.12285688184158522, 0.5001766023539174, 2361672000000, 
0.04595682311141861, 0.320412218038171, 0.49990339482478674, 2361677000000, 
-0.12518780544985503, -0.05996039189937812, 0.4998741665213998, 2361682000000, 
-0.06159678429248126, 0.17332407994526258, 0.5003929206533689, 2361687000000, 
-0.09320641905639325, 0.3074330797340856, 0.5006576505084052, 2361692000000, 
-0.07532400090059069, -0.01989734516497464, 0.5008592808398034, 2361697000000, 
0.030553204907419855, 0.3087605042371069, 0.5020620133333322, 2361703000000, 
-0.18195732353579888, -0.04632198106179711, 0.5033013436657938, 2361708000000, 
0.024843129767213763, 0.1685533955207055, 0.5041913607246514, 2361713000000, 
-0.09497092123847353, 0.29233745930586974, 0.5049204238881925, 2361718000000, 
-0.08339291985679037, 0.008031675943535162, 0.5067800122547967, 2361723000000, 
-0.010316742322253296, 0.34771825561995284, 0.5071762166059233, 2361728000000, 
-0.16152665228365642, -0.08400155598242057, 0.5076271949079779, 2361733000000, 
-0.012422443237026777, 0.1489117956342935, 0.5080829983026316, 2361738000000, 
-0.03831910669239061, 0.2694869103363598, 0.5083553825703689, 2361744000000, 
-0.0777562826646894, -0.0271740551893824, 0.5086138770541905, 2361749000000, 
0.02286278866869486, 0.1898748167614274, 0.5085606638367893, 2361754000000, 
-0.07136681081563226, 0.2793204943528529, 0.5080184238024423, 2361759000000, 
-0.08878646238674634, -0.016633877717544942, 0.5085135939555623, 2361764000000, 
-0.01998148605220201, 0.18631705968477966, 0.5083583331467584, 2361769000000, 
-0.09366618969761946, 0.30431149807947183, 0.5076529962606904, 2361774000000, 
-0.03155583733332054, 0.026503582620020238, 0.5076936762768294, 2361780000000, 
-0.019679042385719398, 0.2590040139133701, 0.507998242000443, 2361785000000, 
-0.12826555572126164, -0.07373253510825434, 0.5077190030232364, 2361790000000, 
0.0035455054955834562, 0.1507372528801908, 0.5080293478889744, 2361795000000, 
-0.08928652781638141, 0.2736215662110105, 0.5075013221523216, 2361800000000, 
-0.09625655091154522, -0.035613955076257926, 0.5071621758420858, 2361805000000, 
-0.004890882274248554, 0.17984893385847378, 0.5075214869747166, 2361810000000, 
-0.02775473759528796, 0.3393104752984924, 0.5066563334908136, 2361815000000, 
-0.08011100347952901, -0.032187030408235416, 0.5063074344700244, 2361820000000, 
0.004993339642143924, 0.3526424546328938, 0.5058703059540954, 2361825000000, 
-0.14674070414223603, -0.04121541665765299, 0.5043392913866218, 2361830000000, 
-0.022190843538067294, 0.18034908189570192, 0.5043813932192682, 2361835000000, 
0.026359202777812275, 0.3657439159562954, 0.502945614468766, 2361840000000, 
-0.1567841113897711, -0.07418210134271899, 0.5015712392769363, 2361845000000, 
0.021111904947393244, 0.3870985537332079, 0.5011100572366443, 2361850000000, 
-0.09028011639181344, -0.0028238106157167696, 0.49961932159924516, 2361855000000, 
-0.05722833157593793, 0.16779128804288926, 0.4989395750776677, 2361860000000, 
0.021751318196929208, 0.36787214186485223, 0.4979287383350096, 2361865000000, 
-0.11093935245920519, -0.09312849408701086, 0.49718087606569994, 2361870000000, 
-0.06747513413096366, 0.16728655993830896, 0.4973237910033192, 2361875000000, 
0.024104301176802782, 0.34997558480172974, 0.4968965815403959, 2361880000000, 
-0.17985608597000977, -0.18210000921972086, 0.4968359141896515, 2361885000000, 
-0.032109673094063915, 0.28627306680480974, 0.4976747632725681, 2361890000000, 
-0.14577806683976727, -0.09746181185913752, 0.49763820644045026, 2361895000000, 
-0.07099669996468555, 0.15993161696730473, 0.498708644736885, 2361901000000, 
0.0472376763825048, 0.3636726589773773, 0.4990076867015964, 2361906000000, 
-0.11345444823714229, -0.053095788172372094, 0.49975945435640895, 2361911000000, 
-0.04771212779829089, 0.18131541297899575, 0.5000007801050202, 2361916000000, 
-0.0012307312149916934, 0.2598092302566761, 0.5006349162963629, 2361921000000, 
-0.10746794806016458, -0.016367303991746365, 0.5014683265021795, 2361926000000, 
0.021213532582869666, 0.35408671085628296, 0.5018899386773151, 2361931000000, 
-0.12564784182590322, -0.06822648427407181, 0.5021419117045081, 2361936000000, 
-0.0927449378669972, 0.17987667827518566, 0.5022772126104562, 2361941000000, 
0.03707882130651963, 0.3508013364146508, 0.5018964164045637, 2361946000000, 
-0.10601077590338842, 0.015404870277528874, 0.502006665111312, 2361953000000, 
0.012002341736101148, 0.2949781378354462, 0.5016110620569928, 2361958000000, 
-0.09977010769263246, 0.02297412080177348, 0.5009516996978626, 2361963000000, 
-0.05855762086761043, 0.16048079464016518, 0.5006820459864175, 2361968000000, 
-0.010284307181112166, 0.32967433063678464, 0.5001112053072287, 2361973000000, 
-0.10865869932379593, -0.02723603297880373, 0.4996449508397582, 2361978000000, 
-0.07249550360243255, 0.16112688916638154, 0.49991413677148855, 2361983000000, 
0.0031254919182346196, 0.27297328609325217, 0.499490722639517, 2361988000000, 
-0.11638104783248365, -0.032689559950930855, 0.4987561321103559, 2361993000000, 
-0.0645928619764119, 0.17426596857125384, 0.49906476690347024, 2361998000000, 
-0.0007127345460300463, 0.26827929432462894, 0.49887475759331473, 2362004000000, 
-0.15014004690949184, -0.05879506888048931, 0.49895669373229506, 2362009000000, 
-0.08523517461110763, 0.17070563716743156, 0.4996688323503824, 2362014000000, 
-0.03587226983448143, 0.12075760391790805, 0.4994916192281136, 2362019000000, 
-0.06437700568894357, 0.1381210013703518, 0.4995426925203347, 2362024000000, 
-0.07437343341339515, 0.1763876931437949, 0.5003316562461814, 2362029000000, 
-0.05188440676790587, 0.1469220234412864, 0.5000605979916911, 2362034000000, 
-0.04180935606276889, 0.15592054179948484, 0.5004466292613409, 2362039000000, 
-0.047052826457926133, 0.1389532136446462, 0.5008477703987472, 2362044000000, 
-0.07445810763133562, 0.1450245448115594, 0.5009921020769952, 2362049000000, 
-0.07197980331261683, 0.05093481194199012, 0.5003795755055658, 2362054000000, 
-0.046793781762236794, 0.18486246540470758, 0.5017386983757837, 2362059000000, 
-0.03629327767674999, 0.3036544434197619, 0.5015501689540105, 2362064000000, 
-0.12500691808788825, -0.004110366702170694, 0.5023173146687737, 2362069000000, 
-0.03226021934240938, 0.145782466992182, 0.5025824813465928, 2362074000000, 
-0.10299138990197018, 0.29908980541975727, 0.5026072703902562, 2362079000000, 
-0.03687544379677901, 0.022317559391706786, 0.5033488143656093, 2362085000000, 
-0.040753071895967545, 0.15079730724315937, 0.5036699839565111, 2362090000000, 
-0.0013646401748103063, 0.44322769988883326, 0.5038780087676464, 2362095000000, 
-0.08706477523309038, 0.01854193886011722, 0.5045057042102601, 2362100000000, 
-0.03504133097880447, 0.12781324377014916, 0.5039820479726553, 2362105000000, 
-0.030553136275839506, 0.3533616761012078, 0.5035436239370173, 2362111000000, 
-0.07937431528208405, 0.011987608717804535, 0.5034893437085979, 2362116000000, 
-0.05275731201377905, 0.13038960156990584, 0.5033064906755048, 2362121000000, 
-0.047742096257371275, 0.1340486436398454, 0.5020787566153241, 2362126000000, 
-0.0770216231692246, 0.15834614287818435, 0.5014432564796109, 2362131000000, 
0.002479686069576543, 0.2975253779761331, 0.5000786416648878, 2362136000000, 
-0.12101127871447807, -0.04316894348452979, 0.49945578409399416, 2362141000000, 
-0.043164983799471965, 0.16411423564949315, 0.49939497679754197, 2362146000000, 
-0.058829470408919456, 0.14582416869220186, 0.4985287934256658, 2362151000000, 
-0.05434640022053535, 0.15393961114752797, 0.49858361365185183, 2362156000000, 
-0.014484211197325106, 0.2960565411318484, 0.4981459418933829, 2362161000000, 
-0.10178928432297897, -0.04005373321950974, 0.4977621125895956, 2362166000000, 
-0.0823336046358777, 0.16783664091351233, 0.4983229172221554, 2362171000000, 
-0.011684651276118809, 0.326682195329788, 0.49834755255667, 2362176000000, 
-0.14519602083093328, -0.054479611778368575, 0.49867711510332446, 2362181000000, 
-0.06708878483307912, 0.20206248088831563, 0.4992913097971415, 2362186000000, 
0.027808236446067003, 0.27570807458495356, 0.4991791978219382, 2362191000000, 
-0.0964128878893856, 0.012700218990085511, 0.49994772607276217, 2362196000000, 
-0.0451302017359209, 0.12961447670284076, 0.50067729640978, 2362203000000, 
0.013201333390520183, 0.3148421771547373, 0.5008318545885811, 2362208000000, 
-0.13616111849440882, -0.030238779831343147, 0.5009972044947459, 2362214000000, 
-0.06410393867499052, 0.16454696350393894, 0.5013822932590617, 2362219000000, 
0.013849342870393706, 0.2476583743328908, 0.5012693980502074, 2362224000000, 
-0.16579226556767163, -0.15476479563294895, 0.5016050358105241, 2362229000000, 
-1.819837967934751e-06, 0.2557680703262392, 0.5018100168881635, 2362234000000, 
-0.09190133586986168, 0.02351203099643922, 0.5010870728514456, 2362240000000, 
-0.05104820622122886, 0.17248823854107886, 0.5012728582639127, 2362245000000, 
0.0022272343341590423, 0.2793091556023508, 0.5009651953120189, 2362250000000, 
-0.08395098608880527, -0.021189115288335884, 0.5005797045907685, 2362255000000, 
-0.061392507550290736, 0.18418344992697364, 0.5006100879647837, 2362260000000, 
0.002291048633448256, 0.2789833386688442, 0.49951971963756053, 2362265000000, 
-0.10091539378842349, -0.07951922613184129, 0.4997837099242752, 2362270000000, 
-0.050910107370999845, 0.1545897920873187, 0.49969827379998005, 2362275000000, 
-0.01497143896578785, 0.2652597192045337, 0.49953229981918157, 2362280000000, 
-0.10236971944918566, 0.01645055943496055, 0.499243242448936, 2362287000000, 
0.016816226694315053, 0.27350332204769334, 0.4993588990178477, 2362292000000, 
-0.16779071258840936, -0.058680301041387065, 0.4992486268307701, 2362297000000, 
-0.11000280723979605, 0.1559008203521127, 0.4996411539662995, 2362302000000, 
0.04559042830018107, 0.2841317947600708, 0.499709558763388, 2362307000000, 
-0.12838419581357666, -0.02690087993907038, 0.49994884648346366, 2362312000000, 
-0.046293571296661326, 0.1523608663465366, 0.5001863079350684, 2362317000000, 
0.019212152644481808, 0.299715503374578, 0.5001643881901058, 2362322000000, 
-0.1307709000492277, 0.020364742696404977, 0.5005164690763577, 2362327000000, 
-0.04176107363870638, 0.1572904958253068, 0.5009036705662694, 2362332000000, 
-0.061689335550922736, 0.10982015063249659, 0.5002871627818419, 2362337000000, 
-0.05789594109301924, 0.1624432821475903, 0.500677909705167, 2362342000000, 
0.04724618243554499, 0.3322155496588461, 0.500425721186574, 2362347000000, 
-0.11352672713819567, 0.04125999681532991, 0.5006505582580825, 2362352000000, 
0.011692654367134715, 0.27536385454044154, 0.5009614551197714, 2362357000000, 
-0.10465461232423624, -0.01072834657840159, 0.5005375680794993, 2362362000000, 
-0.03339250761921959, 0.15938256310059995, 0.5009509255091205, 2362367000000, 
-0.004011208275457093, 0.2750546652703509, 0.5004754459461804, 2362372000000, 
-0.1316138691199246, -0.07959613364932228, 0.5003007559924949, 2362377000000, 
-0.024113316871449818, 0.2389457718733427, 0.5003805674975904, 2362383000000, 
-0.1229941515344598, -0.01732581657995465, 0.5005537792954562, 2362388000000, 
-0.022090501192547525, 0.16396440073558563, 0.5008968955451149, 2362393000000, 
-0.05649960772264541, 0.18465361123996193, 0.5016713135462664, 2362398000000, 
-0.11614720520808999, 0.1084533945152271, 0.5022195291603474, 2362403000000, 
-0.008742944419524796, 0.15694385378131603, 0.5031676830015782, 2362408000000, 
-0.05124290277773118, 0.11825445556125005, 0.5039580390459137, 2362414000000, 
-0.055642887524821424, 0.1477302923477446, 0.5050721534371189, 2362421000000, 
-0.06260077711623727, 0.1767884776426835, 0.5060660206043601, 2362426000000, 
-0.07436527470420423, 0.26740743932733024, 0.5071488477077868, 2362431000000, 
-0.011466670087720579, 0.03715630325240585, 0.5076362982871333, 2362436000000, 
-0.032719900647007596, 0.19660516352722163, 0.5086629093832773, 2362441000000, 
-0.07156148536859437, 0.25240405395778065, 0.5085007237478312, 2362446000000, 
-0.037538664238107186, 0.019250068984460276, 0.5092807289604769, 2362451000000, 
0.0019699574049791557, 0.18602664555416587, 0.5092183024635349, 2362456000000, 
-0.08280296945171496, 0.3136359139893022, 0.5088023648971515, 2362461000000, 
-0.24959287443824194, -0.2121045108538613, 0.5090025370116754, 2362466000000, 
-0.0433595158289748, 0.1638136704680563, 0.5088370224725361, 2362471000000, 
-0.10590292155330568, 0.13060143458828566, 0.5079144308446009, 2362476000000, 
0.00011554104806656834, 0.10616989822673079, 0.5088080300847411, 2362481000000, 
-0.014894879090819406, 0.1879181212476683, 0.5081304330154658, 2362486000000, 
-0.14615423113857623, 0.15947183395112252, 0.5076932827753666, 2362491000000, 
0.038172419695694945, 0.15333664131704577, 0.5074610433578899, 2362496000000, 
-0.07498364816221575, 0.2727151938187947, 0.5069988555428965, 2362501000000, 
-0.10485957014087355, 0.037097613003263794, 0.5063060228441228, 2362506000000, 
-0.02187058022781082, 0.17827991262992982, 0.5060798122027241, 2362511000000, 
-0.08679656194294386, 0.28990000555590184, 0.5053420232459781, 2362516000000, 
-0.08179324037242436, -0.02782526753802099, 0.50460616479562, 2362521000000, 
0.018267097121276478, 0.2875759567557299, 0.5031800720815276, 2362526000000, 
-0.13436441811546634, -0.01233107949015557, 0.5016810600130777, 2362531000000, 
-0.04261846999758438, 0.16601404767500322, 0.5005533909599389, 2362536000000, 
0.024359478216497175, 0.3013535683138208, 0.4991273548228105, 2362541000000, 
-0.12421320676347969, 0.0224190032207433, 0.49794295197128546, 2362546000000, 
-0.03284549867367571, 0.27993833140152635, 0.4973398036623266, 2362551000000, 
-0.08832495749061184, 0.008743348333875384, 0.49684452883456753, 2362556000000, 
-0.06137248851267163, 0.14076377993863257, 0.49672080098323695, 2362561000000, 
0.022706495939136605, 0.25632023578918955, 0.49652687604292783, 2362566000000, 
-0.12733238078496928, -0.03292456797444043, 0.4962918356712447, 2362571000000, 
-0.040192226815926546, 0.24246891603813597, 0.4971371843975785, 2362576000000, 
-0.12807395903135874, 0.03720819485480447, 0.4974038901124202, 2362581000000, 
-0.04886800824822775, 0.12473757134222649, 0.49820033833950866, 2362586000000, 
-0.0328098765802502, 0.2645857137782269, 0.4989101105511852, 2362591000000, 
-0.12050084847300896, -0.025255961923525888, 0.4994878663320326, 2362596000000, 
0.012685175163402212, 0.32949025518369135, 0.5004038297901219, 2362601000000, 
-0.11503236317793858, -0.009865052339656474, 0.5009805136631031, 2362606000000, 
-0.05859498691566174, 0.17806640409509297, 0.5018616534924798, 2362611000000, 
-0.022708639415371133, 0.2730826141621268, 0.5020141363538299, 2362616000000, 
-0.12657086842749, 0.07131467028239209, 0.5024494802976616, 2362623000000, 
0.028526771984252634, 0.3351513994860791, 0.5025358642846517, 2362628000000, 
-0.07295180950067014, 0.04978386337225255, 0.5021892616157368, 2362633000000, 
-0.008320751293783034, 0.291440629205986, 0.502142563009765, 2362638000000, 
-0.09690966283103426, 0.009421312134929513, 0.5015831207613787, 2362643000000, 
-0.06991188527650458, 0.16019817557158522, 0.5014423324631708, 2362648000000, 
-0.013532325200178365, 0.26505601812270607, 0.5013139724402154, 2362653000000, 
-0.07409070970833025, 0.021898502901417267, 0.500267661272425, 2362658000000, 
-0.06577056126537953, 0.16893512077278688, 0.5006295233707875, 2362663000000, 
-0.009389930930862076, 0.2662371259159888, 0.49968141055405674, 2362668000000, 
-0.12936616104683496, -0.012542304468458366, 0.4991746486142242, 2362673000000, 
-0.04314793402669953, 0.1720035707197618, 0.49949724531560186, 2362678000000, 
-0.020420324892454447, 0.26085223756026715, 0.49862693268170194, 2362683000000, 
-0.12704803301304365, -0.010570593857494348, 0.49851683223490567, 2362688000000, 
-0.009571314855023785, 0.2431272114172247, 0.4991304739117715, 2362693000000, 
-0.0777923917432998, 0.008780042149158056, 0.49878962695274615, 2362698000000, 
-0.037072689567842515, 0.13003925399708174, 0.4991424110081841, 2362703000000, 
-0.014393781956129966, 0.2687890237852887, 0.49945458761018974, 2362708000000, 
-0.09739456062653344, 0.0320229715696195, 0.4995111093253997, 2362713000000, 
-0.03807649208415711, 0.24291592588361144, 0.4997845729603555, 2362722000000, 
-0.0898064926436304, 0.07867852938365075, 0.5009856057145912, 2362729000000, 
0.003453121073676735, 0.2506708071924142, 0.5005980154849867, 2362734000000, 
-0.1804418825644037, -0.17854798088428078, 0.5006816399139176, 2362739000000, 
-0.05795153458806244, 0.15162026239546625, 0.5010554308777633, 2362744000000, 
-0.08444619938218896, 0.29490520901706313, 0.5008639685016422, 2362750000000, 
-0.08185610014943352, 0.010740552848314431, 0.5015216735853523, 2362755000000, 
-0.034419267657459354, 0.1391926479401708, 0.5021418329415288, 2362760000000, 
-0.08929813976658457, 0.25118386429586137, 0.5025035953920395, 2362765000000, 
-0.1250109948634657, -0.07427065451239244, 0.5025206883614314, 2362770000000, 
-0.007711140753705492, 0.15276838669404944, 0.5042409262462026, 2362775000000, 
-0.08690234657395422, 0.2583140160551162, 0.504432464528082, 2362780000000, 
-0.014268130045528755, 0.023157715728600915, 0.5055919198157903, 2362785000000, 
-0.02343119470807801, 0.13504267402541525, 0.5057431426947832, 2362792000000, 
-0.07883582585499153, 0.2804751235220316, 0.5062323297804541, 2362797000000, 
-0.05959972812747474, 0.08981135965576119, 0.5067060176547187, 2362802000000, 
-0.06431018977703074, 0.14358693392622437, 0.5064959488650933, 2362807000000, 
-0.1445554927257085, 0.1538825153457616, 0.5060993988825471, 2362812000000, 
0.028626753274978343, 0.14207123938020752, 0.5064682845189108, 2362817000000, 
-0.0402117553588959, 0.17239812238668192, 0.5056079496000434, 2362822000000, 
-0.10510519091771507, 0.15118202458699362, 0.5050181966410463, 2362827000000, 
-0.02471271799268574, 0.12198418503524824, 0.5039578750755435, 2362833000000, 
0.026542542156230402, 0.35521829338248107, 0.5027635158311341, 2362838000000, 
-0.10389648192510274, 0.041461023771273794, 0.5016800334179632, 2362843000000, 
-0.027875559611732555, 0.14527112906273829, 0.5004806177381, 2362848000000, 
0.01207851345503504, 0.28193893916980506, 0.4992720038971932, 2362853000000, 
-0.0670042182099321, 0.0514692395891952, 0.49812531544298816, 2362858000000, 
-0.0382159500401511, 0.20630829786399246, 0.49697249257091414, 2362864000000, 
-0.11539349369662408, 0.018797501635573078, 0.4964638040158327, 2362869000000, 
-0.03928541618099077, 0.1391507484597207, 0.49670940470570213, 2362874000000, 
-0.07238257154299713, 0.14813528017068514, 0.4964631340754001, 2362880000000, 
-0.08411471884388819, 0.15900656425880808, 0.49686784865909595, 2362887000000, 
-0.06508620251545952, 0.13739049502204215, 0.49747401578471295, 2362892000000, 
-0.04635879649148672, 0.13733928933957, 0.49845281494381066, 2362897000000, 
-0.02313083437148168, 0.27178016023816076, 0.498452920871597, 2362902000000, 
-0.08483098401834274, -0.027953073327111423, 0.4996200671767483, 2362907000000, 
-0.016379584364196446, 0.2629060841356248, 0.5002226824685396, 2362912000000, 
-0.02832713019916852, 0.1650681959718379, 0.5003051615349872, 2362917000000, 
-0.11816986252827637, 0.04914230213215633, 0.5016935910052552, 2362922000000, 
0.010091410997994325, 0.2612442088480397, 0.5014016547865371, 2362927000000, 
-0.1039811925923499, -0.01806831170172195, 0.5020863311018781, 2362932000000, 
-0.06356524474153982, 0.18640355299304565, 0.5024639894059739, 2362937000000, 
-0.029445771546821875, 0.2589087339639453, 0.5016999972227256, 2362942000000, 
-0.11151046330099756, 0.014015934135698772, 0.5024168246884109, 2362947000000, 
-0.034211107582062014, 0.19538968900134077, 0.502112812745164, 2362952000000, 
-0.03956106482534356, 0.15776024891294158, 0.5014553875490515, 2362957000000, 
-0.043408088230279016, 0.18815864367107593, 0.5012441996475724, 2362962000000, 
-0.015083145038184215, 0.2336814850268213, 0.5000947113915295, 2362969000000, 
-0.12490392176379658, -0.05152011675146887, 0.4999194342228243, 2362974000000, 
-0.04902128619428655, 0.16115231782527473, 0.4994915589322035, 2362979000000, 
-0.007189845306857943, 0.2982973007697872, 0.49924408570194295, 2362984000000, 
-0.06480105593575013, 0.0388279774897301, 0.49907941898419805, 2362989000000, 
-0.041498615826426104, 0.24712175849527931, 0.4994727902373291, 2362994000000, 
-0.10108607927589015, 0.06517520383497824, 0.4988742641375315, 2362999000000, 
-0.05432586483298813, 0.13656455074138285, 0.49935571938379786, 2363004000000, 
-0.002134975470843594, 0.26665973041317764, 0.4989318165000579, 2363009000000, 
-0.08130916154870703, 0.0019373633352423088, 0.49888141830311, 2363014000000, 
-0.03825182040173478, 0.15990293304287725, 0.4995795616364146, 2363019000000, 
-0.04525492555446163, 0.29484239673095936, 0.4995713341297541, 2363024000000, 
-0.08485658877881265, 0.033504985340241496, 0.4999649554743205, 2363029000000, 
-0.04783294765116856, 0.15482576520555186, 0.5003751435914526, 2363034000000, 
-0.02406740211416125, 0.26722923715935465, 0.500553484749746, 2363039000000, 
-0.09030569602161496, 0.015999975749314853, 0.5006258250889056, 2363044000000, 
-0.03205773627220519, 0.16178203129991314, 0.5009048543662451, 2363049000000, 
-0.040689709100871524, 0.2743306361760033, 0.5011233792777522, 2363054000000, 
-0.09459705092768124, 0.0055515625825115905, 0.500706219231306, 2363059000000, 
-0.0361065249925234, 0.15832888237912265, 0.5009713600129391, 2363064000000, 
-0.03332198202911014, 0.26403019602802313, 0.5006725213554495, 2363069000000, 
-0.09568596987317124, 0.0031571894216086242, 0.5004049423230206, 2363074000000, 
-0.057814511077752345, 0.1358811494889005, 0.5009939664986539, 2363079000000, 
-0.045466786291670336, 0.12509733673413118, 0.5003523760747511, 2363084000000, 
-0.06040132001192448, 0.13969889585012785, 0.5008344610069522, 2363089000000, 
-0.02893951173172465, 0.26910645191421223, 0.5003875944641499, 2363094000000, 
-0.0846895914956856, 0.023703103556209207, 0.4999613113676307, 2363099000000, 
-0.03566226454084902, 0.17679805274438468, 0.49998661654537907, 2363104000000, 
-0.003139075228648945, 0.26666307883806395, 0.49972088052233277, 2363109000000, 
-0.09919588583636359, 0.005246384053634898, 0.4994687938230117, 2363114000000, 
-0.0305790812490055, 0.15642054213248877, 0.49990299774974767, 2363119000000, 
-0.07106616480487098, 0.3016543621796531, 0.4999833143823863, 2363124000000, 
-0.035240183682640217, 0.011337972738002708, 0.5004539963651026, 2363129000000, 
-0.05172604159796074, 0.175047350759479, 0.50038537061446, 2363134000000, 
-0.08356398265239537, 0.26373333027462387, 0.5005425825171853, 2363139000000, 
-0.06351048984122126, -0.08328020166097438, 0.5008867184334699, 2363144000000, 
-0.030656673842122135, 0.14184128627621892, 0.5013218087790396, 2363149000000, 
-0.14310610891931846, 0.30251705909407933, 0.501469475699676, 2363154000000, 
-0.014539330989991262, -0.0459145702426107, 0.5029500432938999, 2363159000000, 
-0.03691392463350035, 0.1522480254119, 0.5032882069203206, 2363164000000, 
-0.09824965257802781, 0.18308628255224355, 0.5036623366550943, 2363169000000, 
-0.004821705797329047, 0.12270019127082168, 0.5046181149520165, 2363174000000, 
-0.030938123084242434, 0.09559617572563295, 0.5046088564625623, 2363179000000, 
-0.10255470841912499, 0.14907702614157772, 0.5041811358015628, 2363184000000, 
-0.04671130175177031, 0.14949826807386146, 0.5046545316559488, 2363189000000, 
-0.011706039597903152, 0.13647533682079682, 0.5044473900979857, 2363194000000, 
-0.03754921198098234, 0.1358294408172288, 0.503396649446837, 2363199000000, 
-0.06615725011597835, 0.16832979466307402, 0.5030274808862483, 2363205000000, 
-0.030871315604735775, 0.24406651185833905, 0.5021293969822497, 2363210000000, 
-0.09994849204337809, 0.022028244174798664, 0.5012045370590209, 2363215000000, 
-0.0861603150427082, 0.17722022745794921, 0.500795258968258, 2363220000000, 
-0.0161337821889653, 0.29099563160406455, 0.499796630375659, 2363225000000, 
-0.08279815537109779, 0.03634745279378226, 0.4988533962064966, 2363230000000, 
-0.04737839330539664, 0.1843415026180424, 0.49817375405289366, 2363235000000, 
-0.0677963005292718, 0.16471705215955346, 0.49721127358191225, 2363240000000, 
-0.05139754178620058, 0.14222056787773749, 0.4976783976185553, 2363246000000, 
-0.06426550605193043, 0.2691981103348267, 0.4972562583110092, 2363251000000, 
-0.09646305137024458, -0.021410206324247616, 0.4974221481021958, 2363256000000, 
-0.07304584118186737, 0.17894147183338366, 0.49826687381956936, 2363261000000, 
-0.01763370297890151, 0.29791994484999695, 0.49834889816435535, 2363266000000, 
-0.05161873694269447, 0.043524435507164706, 0.49867984495957074, 2363272000000, 
-0.049687189651641823, 0.1424293434516643, 0.4996099329328751, 2363277000000, 
-0.012974835877363335, 0.28014971118066356, 0.5000369652655768, 2363282000000, 
-0.08304646481227516, 0.021116421311744474, 0.5002717574945638, 2363287000000, 
-0.06919374465038947, 0.2758867567273771, 0.5008193481968771, 2363292000000, 
-0.07078289841570051, 0.031065789036199047, 0.5012062500710984, 2363297000000, 
-0.06170361220572969, 0.14227685485090227, 0.501997343742975, 2363302000000, 
0.000727594458100965, 0.30044347841492025, 0.5016341973216375, 2363307000000, 
-0.07808400220654588, 0.019082826949378094, 0.5014192069875775, 2363312000000, 
-0.0583206278451245, 0.16591310458332956, 0.5015783168048751, 2363317000000, 
-0.03538704524592347, 0.2344077410215504, 0.5013069567345285, 2363322000000, 
-0.042051587233677246, 0.08532278764578632, 0.5008896170731536, 2363330000000, 
-0.009764169089155075, 0.23383046940890798, 0.5005934028379995, 2363335000000, 
-0.0845409400665742, 0.06753582267661899, 0.5002646528398944, 2363341000000, 
-0.04163438252740188, 0.22044217714736936, 0.4994515708174913, 2363348000000, 
-0.06606700209642742, 0.06410035179569999, 0.5000637940139563, 2363356000000, 
-0.024878380646005976, 0.24040416625228392, 0.4989486292514333, 2363361000000, 
-0.09474834753526912, 0.02369292840627686, 0.4991052486315357, 2363366000000, 
-0.02962796667298368, 0.2706687184336716, 0.49918680392874665, 2363371000000, 
-0.044193298869709484, 0.16387695206288994, 0.49887111827240815, 2363376000000, 
-0.07942262584156538, 0.03831651938752405, 0.49939035805116266, 2363381000000, 
-0.015282092671104943, 0.3083528271390447, 0.49956721715315244, 2363387000000, 
-0.07404295661815137, 0.030982541769958377, 0.4998483707523077, 2363392000000, 
-0.051474618923992965, 0.12114293046588526, 0.5001536126090249, 2363397000000, 
-0.03555196521614568, 0.2817747498244442, 0.49989421956176366, 2363402000000, 
-0.036136065254912024, 0.14439932476018577, 0.5000814663063304, 2363408000000, 
-0.05762191367795305, 0.08753375551123571, 0.5012844640908461, 2363416000000, 
-0.0608757156105291, 0.1269588975968885, 0.5003868109177811, 2363421000000, 
-0.07030110473906712, 0.1750269377668713, 0.5010825743708092, 2363426000000, 
-0.06531768370491452, 0.24762413324029364, 0.500564983499035, 2363432000000, 
-0.08412164535690776, 0.015621317287811964, 0.5005364376957954, 2363437000000, 
-0.05449574298022658, 0.1542358943703709, 0.5010316610839113, 2363442000000, 
-0.06510604760661785, 0.15462464008821428, 0.50059454039508, 2363447000000, 
-0.038384833307129454, 0.17947812283328463, 0.5004389586947301, 2363452000000, 
-0.06552052237301859, 0.15221985448487235, 0.5007436641066604, 2363458000000, 
-0.0671748092704335, 0.1647056635597336, 0.5002561481039917, 2363463000000, 
-0.032229651486326144, 0.160298272790353, 0.5000449279289284, 2363468000000, 
-0.05103083894071811, 0.2392165354948526, 0.4997962235775211, 2363473000000, 
-0.0719993152279431, -0.007498593725496969, 0.5002628138080538, 2363478000000, 
-0.030038408444650104, 0.1746993530102562, 0.5000876913392936, 2363483000000, 
-0.05323367336453624, 0.28278582500140464, 0.4994758464466437, 2363488000000, 
-0.07343972009864469, 0.01990902681549226, 0.5000285070800948, 2363493000000, 
-0.06628380094951543, 0.15536514764162687, 0.5004983762192083, 2363498000000, 
-0.029022826480241383, 0.2763997203327527, 0.5001839791669226, 2363503000000, 
-0.08670425226724515, 0.03838380994449448, 0.5006520510626622, 2363508000000, 
-0.06275302914129229, 0.15329382206063333, 0.5006417633839534, 2363513000000, 
-0.03172654366760411, 0.2656338731260195, 0.500389392450475, 2363518000000, 
-0.08087601590194257, 0.01896327763584331, 0.5008821700079884, 2363523000000, 
-0.07189969673595446, 0.14399055574018557, 0.5006683832847161, 2363528000000, 
-0.022957838800656265, 0.22057097996043135, 0.500211357620618, 2363533000000, 
-0.07956581417357943, -0.020173483293602638, 0.5001983543147971, 2363538000000, 
-0.028269648548896194, 0.17402908423636, 0.5004894105423223, 2363543000000, 
-0.04428015715458342, 0.18769280258814083, 0.5000359280291443, 2363548000000, 
-0.05970499348774257, -0.003464465245771032, 0.5001736767871946, 2363553000000, 
-0.07899681078918402, 0.17933199247362538, 0.49992250252017156, 2363558000000, 
-0.03654169127810561, 0.3032117957833471, 0.5003678774163937, 2363563000000, 
-0.07618582888780472, 0.013863104011967439, 0.4998820732909613, 2363568000000, 
-0.04024329128337178, 0.17401429373974314, 0.5000510918728455, 2363573000000, 
-0.03223516400474021, 0.2504372767580475, 0.49968832992877477, 2363578000000, 
-0.08367988622200846, 0.06763788153943781, 0.5001267505761675, 2363584000000, 
-0.0652592662765584, 0.21341399772649466, 0.49993072878040357, 2363589000000, 
-0.07645547772692327, -0.013595202091850653, 0.4999717901283683, 2363595000000, 
-0.04573535452882158, 0.11364856880714794, 0.49991456295313685, 2363600000000, 
-0.03177938700921082, 0.2632533539475376, 0.4998737610703677, 2363605000000, 
-0.09033714730887767, 0.02252604539576484, 0.4999669544768082, 2363611000000, 
-0.03657707165410966, 0.2560628248072474, 0.500164241520664, 2363616000000, 
-0.10032937011678308, 0.028995046460663455, 0.5002416747172802, 2363621000000, 
-0.03675754498392898, 0.17424577267050087, 0.5003209896170204, 2363626000000, 
-0.0011818060770179273, 0.28251968475198247, 0.49995331507740176, 2363631000000, 
-0.07130565854670637, -0.019515169708629314, 0.5003035986451437, 2363636000000, 
-0.05225853508767228, 0.2617958334820347, 0.5003116744200292, 2363642000000, 
-0.06807917403058877, 0.13015742272567032, 0.49970862269037614, 2363647000000, 
-0.07463917036854527, 0.05731450126547151, 0.5005272759706989, 2363652000000, 
-0.046031081048682365, 0.23868374732718195, 0.5001928490643355, 2363659000000, 
-0.07168355689961911, -0.00077739827954204, 0.49992962481103287, 2363664000000, 
-0.02499167375822828, 0.15844232159401844, 0.5002332747228146, 2363669000000, 
-0.05039371221904283, 0.31854576155885617, 0.500031595446773, 2363674000000, 
-0.07740966285867594, 0.023931282303971617, 0.49974310949957823, 2363679000000, 
-0.04926446091876362, 0.18953506959498756, 0.5003416573551682, 2363684000000, 
-0.04258187245495816, 0.22216988950014127, 0.499900451463043, 2363691000000, 
-0.09874825628313502, 0.007156935324352609, 0.500149059458455, 2363696000000, 
-0.05419403929281034, 0.16438848244218537, 0.5004138663763877, 2363701000000, 
-0.044331732559578244, 0.15230763410561093, 0.49991924361857754, 2363706000000, 
-0.052997251329751485, 0.13903948750520365, 0.5000378004460756, 2363711000000, 
-0.05069310554822283, 0.17324914975484135, 0.5003697670112671, 2363716000000, 
-0.07349044931489002, 0.10799838313008761, 0.49989369201965844, 2363723000000, 
-0.07370885789051868, 0.17572509443195433, 0.5003132042909966, 2363728000000, 
-0.020801135739125756, 0.3121874721643354, 0.5002168990303445, 2363733000000, 
-0.08728796987407128, -0.02452241302929633, 0.500194097201404, 2363738000000, 
-0.05293097791781388, 0.14967909021222262, 0.5000900525992544, 2363743000000, 
-0.04747965526149216, 0.3068463777873183, 0.4998634010769013, 2363748000000, 
-0.07448513694350775, -0.008931576639405945, 0.499491780444973, 2363753000000, 
-0.026547776056832333, 0.15163136644909958, 0.5003197835082388, 2363758000000, 
-0.05954313742933949, 0.3012306566381815, 0.50015331400209, 2363763000000, 
-0.06315443258511413, 0.035439608841605234, 0.49996125465233043, 2363768000000, 
-0.08183304604434605, 0.17016667422114684, 0.5001508002423782, 2363773000000, 
-0.0644991028444293, 0.29543855974586264, 0.5002121175827158, 2363778000000, 
-0.05571080297305131, -0.04816685584882797, 0.5002608919102625, 2363783000000, 
-0.07076714264332838, 0.1426305265021524, 0.5002967851545883, 2363789000000, 
-0.05828949277743749, 0.1325887873512089, 0.5001171987108923, 2363794000000, 
-0.05347861842647412, 0.12288437996664844, 0.5000469627205847, 2363799000000, 
-0.02674531814119666, 0.29804817232547454, 0.5003468378960706, 2363804000000, 
-0.0828837401869317, -0.019502124485668616, 0.5001089155040707, 2363809000000, 
-0.0758824781064812, 0.13996501123332603, 0.5003882075650757, 2363815000000, 
0.0017630550238543624, 0.40336590460037125, 0.5001195742994958, 2363820000000, 
-0.06714129620940269, 0.05371457431980565, 0.500554149025529, 2363826000000, 
-0.022742090504663477, 0.3470101945174271, 0.5000550690987292, 2363831000000, 
-0.05023799026436887, 0.02283008473983787, 0.5003242066542564, 2363836000000, 
-0.06721992042663058, 0.15342507425748292, 0.500053947953477, 2363841000000, 
-0.034357722726550105, 0.2628858796210452, 0.5001380786329847, 2363847000000, 
-0.0689663767346686, 0.0016830595043461419, 0.5004468772436828, 2363852000000, 
-0.04884417878170136, 0.17041316602872855, 0.5002807185767386, 2363857000000, 
-0.004791549644171618, 0.31397300243966425, 0.49985444399265655, 2363862000000, 
-0.07638984862634494, -0.08385036102734494, 0.5000006410209301, 2363867000000, 
-0.04491116299632136, 0.20162697518208028, 0.5002843501907016, 2363872000000, 
-0.008773703888687898, 0.29296576145844166, 0.49996750294135506, 2363877000000, 
-0.09967636327764953, -0.03850356460785053, 0.49975517836791195, 2363882000000, 
-0.07264431467177318, 0.15079301438336612, 0.49997187352294153, 2363887000000, 
-0.03293074430962547, 0.2673564858834327, 0.4997858763061392, 2363892000000, 
-0.08457781999001562, -0.04521376886618454, 0.5000422483619794, 2363897000000, 
-0.07440301211772389, 0.19180050776881424, 0.5002438900768409, 2363902000000, 
-0.026145342527699334, 0.30936325646756924, 0.5001121884147003, 2363907000000, 
-0.08668071213445874, -0.012741736406043841, 0.5003382978679073, 2363913000000, 
-0.05647808971909271, 0.15280584745892242, 0.5006022954087055, 2363918000000, 
-0.0335878097064255, 0.2610593498758472, 0.49976781856666863, 2363923000000, 
-0.10255399917440204, -0.0785854235791288, 0.5000108545354813, 2363928000000, 
-0.04853824501070624, 0.15958331824659652, 0.5004823532106533, 2363933000000, 
-0.059749722368387194, 0.15993406350959183, 0.49990262267723967, 2363938000000, 
-0.026981169120433204, 0.14081024085138855, 0.49998108716053086, 2363945000000, 
-0.020160483911353933, 0.30706207385357626, 0.49988914861363865, 2363950000000, 
-0.05763927576224169, -0.007889495656888847, 0.5000623030483955, 2363955000000, 
-0.06513812243298936, 0.19181695294034712, 0.5002914378163895, 2363960000000, 
-0.04301260249771409, 0.3451331664222198, 0.49971585378939615, 2363965000000, 
-0.05478650459080177, 0.024628466939481286, 0.5004134021116253, 2363970000000, 
-0.06206927032821859, 0.1607912631018293, 0.5001588063182779, 2363975000000, 
-0.07655391932114868, 0.14029074570972638, 0.4999634112669787, 2363980000000, 
-0.06009470205275441, 0.18336571481784192, 0.49996817327773946, 2363985000000, 
-0.07494563903814701, 0.13549274019945676, 0.5000531363820481, 2363991000000, 
-0.05544379337822739, 0.1685111123400919, 0.5002142291212203, 2363996000000, 
-0.012420181183067374, 0.34518335517879295, 0.5004073174150496, 2364003000000, 
-0.091887485474552, 0.0532943058542556, 0.5003861591780315, 2364008000000, 
-0.006622077519116441, 0.318000844355209, 0.5001658065485297, 2364013000000, 
-0.06940725813364901, -0.003010644104253114, 0.5001137992198824, 2364018000000, 
-0.044236040887565636, 0.14117209656861263, 0.5000904681163523, 2364023000000, 
-0.023308094950132387, 0.27743818125458, 0.4996887022854469, 2364028000000, 
-0.09650804909679497, -0.07363607532218837, 0.49996473560204097, 2364033000000, 
-0.05605505591477173, 0.28598132632054013, 0.5000414318900791, 2364038000000, 
-0.025712376474056966, 0.16910738424357452, 0.49967030366674614, 2364043000000, 
-0.11256525686743882, -0.07493462155991805, 0.5002338211187088, 2364048000000, 
-0.04989866622658107, 0.29976129172113036, 0.5003954564809492, 2364053000000, 
-0.04222091194401052, 0.15762909685379667, 0.49971407443554056, 2364058000000, 
-0.09195851622957102, -0.004029187702080982, 0.5002003258003561, 2364063000000, 
-0.018160967697696588, 0.31271981407977323, 0.49975910778699667, 2364068000000, 
-0.10267773048303495, -0.0362523893666013, 0.49983495524712135, 2364073000000, 
-0.05333294074369553, 0.15330529253526162, 0.5000462014400263, 2364078000000, 
-0.03926654488278441, 0.28614939040670606, 0.4999949933095391, 2364083000000, 
-0.08513940473463448, 0.01992887255751987, 0.5007130033171836, 2364088000000, 
-0.06797704023470165, 0.17641454716168678, 0.5005355952499929, 2364093000000, 
-0.02352963947380761, 0.3276968659272675, 0.49975525643542984, 2364098000000, 
-0.06867411946179472, 0.00380566713112895, 0.5005721618768614, 2364105000000, 
-0.047461227099865465, 0.16761020177304956, 0.5005264078682159, 2364112000000, 
-0.047953905932890194, 0.14368500943110812, 0.5000181669889083, 2364118000000, 
-0.035085793681435336, 0.2637731009605077, 0.5001564162269033, 2364124000000, 
-0.0848238767796478, 0.011119729834174405, 0.5002822921497985, 2364130000000, 
-0.0391598249052829, 0.18160224635526606, 0.5003481057760285, 2364135000000, 
-0.025304577760316235, 0.30989129586010367, 0.4996141679525297, 2364140000000, 
-0.1034691644231224, 0.0028462314964240194, 0.5003199795261907, 2364145000000, 
-0.05929917979959978, 0.20384524203381596, 0.5004313766385178, 2364151000000, 
-0.05130229559734479, 0.1653335215679261, 0.5002135618786117, 2364156000000, 
-0.03192193015159735, 0.12506476606631953, 0.500281233912321, 2364161000000, 
-0.01621624074979643, 0.3180172598735828, 0.5000594372543721, 2364166000000, 
-0.11478634669257753, -0.08319799409358875, 0.4998345650676678, 2364171000000, 
-0.08253930336278877, 0.16541073030437667, 0.500115246209978, 2364176000000, 
-0.029895397654653332, 0.34238044427689923, 0.5007226941459811, 2364181000000, 
-0.09045590379193091, -0.017293237364431183, 0.4999030136657266, 2364186000000, 
-0.05524704676924827, 0.1715707931037981, 0.5003477968557535, 2364191000000, 
-0.006259076041993955, 0.3151886415256412, 0.5006039931074533, 2364196000000, 
-0.11240904174950246, -0.04846633426331722, 0.499955637717201, 2364201000000, 
-0.036100695106593535, 0.16775359639462167, 0.4999249179860971, 2364206000000, 
-0.03871020899905907, 0.17542079321562426, 0.5004044450199457, 2364211000000, 
-0.1307291365632202, 0.15879347076754172, 0.5006403947132284, 2364216000000, 
-0.02358321477018777, 0.14665003034585344, 0.5007872087568378, 2364221000000, 
-0.015582549775071047, 0.19387236795348362, 0.5012599998335304, 2364226000000, 
-0.057302272477300284, 0.33933078746341266, 0.5014912495987954, 2364231000000, 
-0.10614348335769586, -0.041421684237375085, 0.5017036995930967, 2364236000000, 
-0.04386379746382187, 0.1522662988925563, 0.5028068258690722, 2364241000000, 
-0.03309838855032519, 0.3119383665209151, 0.5025065133301827, 2364246000000, 
-0.11752201659495227, -0.01776590719021271, 0.5027010437506088, 2364251000000, 
-0.052771381526372896, 0.15181242970288364, 0.5030267709326889, 2364256000000, 
0.01366889640739518, 0.3005643026567685, 0.5025155210560055, 2364261000000, 
-0.1217699087316759, -0.013639155962614752, 0.5022324626934747, 2364266000000, 
-0.025860816462170415, 0.1497354046034375, 0.5020924004593469, 2364271000000, 
-0.0851521754847439, 0.1409969527506826, 0.5015803470151372, 2364276000000, 
-0.05957502360798667, 0.13022296744208767, 0.5008801514936823, 2364281000000, 
-0.04828712822457489, 0.16203396246289214, 0.5009568623889881, 2364286000000, 
-0.025737557171890267, 0.17509203706251686, 0.4995314776119281, 2364291000000, 
-0.059604318369053826, 0.12299564772358325, 0.49906464234591097, 2364296000000, 
0.0032835240117704513, 0.34376567243205014, 0.498978534919492, 2364301000000, 
-0.14488960187375044, -0.06967317025086593, 0.4989056672202488, 2364306000000, 
-0.038916819372805084, 0.15619733730124088, 0.4983718905592603, 2364311000000, 
0.021721473284809122, 0.33783773605253276, 0.49852846694420383, 2364316000000, 
-0.1421394932655502, -0.06383170259996157, 0.4985218985885206, 2364323000000, 
0.002760542957155213, 0.25885284223778576, 0.4988155020436228, 2364328000000, 
-0.14758830552219804, -0.11015386896268817, 0.49854612395897663, 2364335000000, 
-0.040783212045555836, 0.1904298041565048, 0.4997415887950619, 2364340000000, 
-0.07672435675150589, 0.1705257321702757, 0.49930924704064744, 2364347000000, 
-0.04556463927510782, 0.154792854347926, 0.5004025557120212, 2364352000000, 
0.03946193673388522, 0.33832984833706026, 0.5005305313579234, 2364359000000, 
-0.1284325912611836, -0.015784584246048245, 0.5006198757988916, 2364364000000, 
-0.034263993858638056, 0.1564298280065162, 0.5013137493639951, 2364369000000, 
-0.05008681460818279, 0.16154557623720636, 0.5007613690907717, 2364374000000, 
-0.10292784145621743, 0.11088366535714121, 0.5010174833436399, 2364379000000, 
0.04000539124487459, 0.3295059728227251, 0.5009379780177408, 2364384000000, 
-0.12062723427407895, -0.05473571762989693, 0.5006213130597414, 2364389000000, 
-0.042279056408945304, 0.1455855872568958, 0.501049160881109, 2364394000000, 
0.058958937756687986, 0.38422464115310534, 0.5001171090885619, 2364399000000, 
-0.16725906864775292, -0.07023079476284637, 0.5002582417049856, 2364404000000, 
0.00457006171838899, 0.27110098488151463, 0.4998093754273952, 2364412000000, 
-0.20625206853935854, -0.09028128633656715, 0.4997834648821835, 2364417000000, 
-0.06539563032772676, 0.15558422055517818, 0.5001586257196867, 2364422000000, 
-0.044318088689836777, 0.1392415338956402, 0.4990791521474597, 2364428000000, 
-0.03907997104473995, 0.18376791870535614, 0.4999281300658672, 2364433000000, 
0.04880594408120846, 0.33900939231351884, 0.4995492098408455, 2364438000000, 
-0.18661293978900034, -0.08861194973089007, 0.4992855949829285, 2364443000000, 
-0.05108112947836459, 0.14576245423684236, 0.49956863727157735, 2364448000000, 
0.07762951432137857, 0.41360198841665274, 0.49950388863787637, 2364453000000, 
-0.12377725592892128, 0.006096349676560749, 0.4996400302645441, 2364458000000, 
0.04677514519715506, 0.3399710637400887, 0.4996722018747613, 2364463000000, 
-0.14042971428613454, -0.0414767481408835, 0.5000591046212745, 2364468000000, 
-0.03278938326747123, 0.18796419401304704, 0.5004560539057386, 2364473000000, 
0.016618662227540923, 0.37396759471572877, 0.5003863700791141, 2364478000000, 
-0.1539757046768747, -0.06763083775995107, 0.5004057830813847, 2364483000000, 
-0.06926654184876291, 0.18066942496885868, 0.5005539582585408, 2364488000000, 
-0.03140631205942661, 0.19287967133657227, 0.5003888347722466, 2364493000000, 
-0.06420228241461716, 0.10909514787592317, 0.5007561313301785, 2364498000000, 
0.061215201701765504, 0.37405526482877943, 0.5010235890332119, 2364503000000, 
-0.12905228313769856, -0.0661538678193797, 0.49989354110282824, 2364508000000, 
-0.07703293091400269, 0.1394195685117651, 0.5001117778847165, 2364513000000, 
-0.046897814524744626, 0.15906829488049737, 0.5006059063121999, 2364518000000, 
0.01237564456530899, 0.28787131918160425, 0.5001437382038656, 2364523000000, 
-0.11175035113534834, -0.0008581449168058742, 0.5005064133665261, 2364528000000, 
0.0030327159508449324, 0.2969568010343565, 0.500199380665331, 2364533000000, 
-0.12569629798510815, -0.03211474882494718, 0.4999948061585324, 2364538000000, 
-0.068421008792062, 0.15932303076659818, 0.5004403964899731, 2364543000000, 
-0.04551931982754646, 0.16516302487229703, 0.5000212724909822, 2364548000000, 
-0.050360881486197606, 0.13662283427594507, 0.5001244592336701, 2364553000000, 
-0.05840693624027537, 0.17107555452086798, 0.5002902429320126, 2364558000000, 
-0.0673554022542362, 0.15468673231983163, 0.4996252067753917, 2364563000000, 
-0.036360531850160416, 0.12232033470089071, 0.5001649989518421, 2364568000000, 
-0.03824936325589003, 0.14900607810204175, 0.5000083758355869, 2364573000000, 
-0.05718900076142403, 0.15409573722486047, 0.4995279972629043, 2364578000000, 
-0.0883041623234054, 0.14660513644985154, 0.5000488805043034, 2364583000000, 
0.02214727551629131, 0.28336313341473335, 0.5004453170013119, 2364589000000, 
-0.1071083862326456, -0.07894894661798228, 0.4996749955624293, 2364594000000, 
-0.03521865446110517, 0.1088095142943825, 0.5002932954759207, 2364599000000, 
-0.001401482127611195, 0.32612748795304175, 0.5003869176877933, 2364604000000, 
-0.17601809497541088, -0.09117294096489433, 0.5004407132667518, 2364609000000, 
-0.0461882792558961, 0.16760703219209486, 0.5004842850019965, 2364614000000, 
-0.07238028605702962, 0.13359268450874598, 0.5001146521965756, 2364619000000, 
-0.07508631616391698, 0.16572413104751785, 0.500272248182535, 2364624000000, 
0.01168534205057567, 0.2814267491981519, 0.4998108066581243, 2364629000000, 
-0.15294975509437078, -0.09152550977710025, 0.5002784987838128, 2364634000000, 
-0.0480913123021184, 0.12093632441046209, 0.5004323901402616, 2364639000000, 
-0.02223796484706242, 0.2856292486914355, 0.49996830325440006, 2364647000000, 
-0.1069886351135396, -0.02012639710205497, 0.49989736747757263, 2364652000000, 
-0.03602992542898395, 0.1671903447943502, 0.5000214673544177, 2364657000000, 
-0.07511400892625236, 0.11877170982924654, 0.4998183337427204, 2364663000000, 
-0.02142797655815629, 0.16455504075263375, 0.5000025880946422, 2364675000000, 
-0.1025973332957861, 0.13747999699019187, 0.4999930145906433, 2364680000000, 
-0.0007126538092038712, 0.3288363883685975, 0.49976712192417017, 2364685000000, 
-0.1455299455365884, -0.03462791906548336, 0.4998840868777307, 2364691000000, 
-0.05438684099117514, 0.16206313716758033, 0.5003873248930012, 2364696000000, 
-0.05413972257660619, 0.1526127383914414, 0.49997023287110487, 2364701000000, 
-0.07482603570751567, 0.11691426136135596, 0.5001449937687183, 2364706000000, 
-0.06459714036772272, 0.17800511609344052, 0.5002009273140957, 2364711000000, 
-0.0798244986854467, 0.13527836166412363, 0.49986046494007536, 2364717000000, 
-0.08268734701045606, 0.18381131368590464, 0.5000581194492861, 2364722000000, 
0.013590609789061014, 0.36755713389584915, 0.5006770524799845, 2364727000000, 
-0.1411946234371355, -0.02562685317382179, 0.5001084890203855, 2364732000000, 
-0.06492627235426084, 0.15917756328979996, 0.5002132608480893, 2364737000000, 
0.03181948217774479, 0.3410247855967389, 0.49986847674546947, 2364742000000, 
-0.142038152418437, -0.050824444219917886, 0.500186234887546, 2364747000000, 
-0.05487834363704518, 0.17389231845003078, 0.5005476711183703, 2364752000000, 
0.02734472578979033, 0.34118649459747763, 0.4999452576196167, 2364757000000, 
-0.12677848278157275, -0.09233291031885776, 0.4999198458911209, 2364762000000, 
-0.06411401885017619, 0.159015627946777, 0.500569137023669, 2364767000000, 
-0.0740942671786397, 0.13909256900203334, 0.4999724751301809, 2364774000000, 
-0.06107544322337273, 0.13662194638893482, 0.5002176136234086, 2364779000000, 
-0.0019680555712197553, 0.35992249645680696, 0.4999903069612576, 2364784000000, 
-0.1292998039892364, 0.014044822983072084, 0.5000998837251357, 2364791000000, 
0.0009010534122786524, 0.3205670497336109, 0.5001569840045144, 2364796000000, 
-0.1204096338097569, 0.009963606761619889, 0.5000376144315861, 2364801000000, 
-0.08082476765609567, 0.11778939933803016, 0.500410677179531, 2364806000000, 
0.035952404899981, 0.34897941592002546, 0.49970212300345956, 2364811000000, 
-0.1624523670309564, -0.045127921747827586, 0.5000501441326464, 2364816000000, 
-0.05705014813538258, 0.131522349614815, 0.5001925366138051, 2364822000000, 
0.03534501143252816, 0.39256253541882274, 0.4999935375367918, 2364827000000, 
-0.1302814144765365, -0.045335675006535237, 0.500118375117575, 2364832000000, 
-0.02687576608154037, 0.3059107102766087, 0.4999244335704323, 2364838000000, 
-0.1608792022601175, -0.0977682282193646, 0.5001013437287126, 2364843000000, 
0.026494113402160478, 0.3160031728012923, 0.5003424147627822, 2364848000000, 
-0.09889477360758796, 0.035333328799164794, 0.5002754888523177, 2364854000000, 
-0.05579046414803276, 0.1823842803032658, 0.5004254617425385, 2364859000000, 
-0.03529544906636341, 0.15817703843273306, 0.4998751028442608, 2364864000000, 
-0.0745573563390214, 0.11859606968557702, 0.49985093185417134, 2364869000000, 
0.028719288206584915, 0.3090900370855846, 0.49987704643861997, 2364874000000, 
-0.06010273080068375, 0.14270160554540195, 0.5001738693488937, 2364879000000, 
-0.10088083851105326, 0.03261333974142166, 0.5006941629821211, 2364884000000, 
-0.035721876453720984, 0.15653277215375183, 0.5001987515264944, 2364889000000, 
-0.08184696654517368, 0.1446209319679574, 0.50002642533902, 2364894000000, 
-0.09363132371073385, 0.16429473615622442, 0.5003281780788877, 2364899000000, 
0.008414605422327413, 0.2931770046698581, 0.4999245261284967, 2364904000000, 
-0.12424102578355567, -0.03697859604852261, 0.49989741893773526, 2364909000000, 
-0.01919432869568572, 0.16904095508302525, 0.5007076392397888, 2364914000000, 
-0.03427525880323953, 0.18578169245342968, 0.4999933954488576, 2364919000000, 
-0.04850473854465574, 0.11949278948942468, 0.5001113690140221, 2364924000000, 
0.0011316642246289744, 0.2836523647480757, 0.5003519595886665, 2364929000000, 
-0.09501089760928413, -0.032309140600582056, 0.499969261436853, 2364934000000, 
-0.06761234590995348, 0.11689219676004496, 0.499742737544773, 2364939000000, 
-0.06080094059140685, 0.15319636816218726, 0.4999477105819633, 2364944000000, 
-0.05560359497408224, 0.13824124655520967, 0.49954492012332125, 2364949000000, 
-0.07309747553741933, 0.13742999829370792, 0.5001359178171507, 2364954000000, 
-0.06132013985812915, 0.13725072533060495, 0.5005478125185426, 2364959000000, 
-0.05527281412032528, 0.14685222323929026, 0.5001512596809844, 2364964000000, 
-0.061555238308378384, 0.15372366766367798, 0.5002322303612279, 2364969000000, 
-0.036700787369622, 0.16105708129126442, 0.5002623465476621, 2364977000000, 
-0.09438844057485812, 0.15959822040831456, 0.50047372246356, 2364984000000, 
0.08738294313123907, 0.48269404991275494, 0.500039277350047, 2364988000000, 
-0.10827614986469515, -0.05528967580904358, 0.5004734700398112, 2364993000000, 
-0.008677560576603887, 0.27381327395561705, 0.5000889779044053, 2364999000000, 
-0.10777299092033932, -0.04247758867692389, 0.5000825612921649, 2365004000000, 
-0.07153186167932578, 0.16716835782123354, 0.5001505561323076, 2365009000000, 
0.002628287957417373, 0.3148983089166729, 0.49995753124942754, 2365014000000, 
-0.11220722402333236, -0.02083598136604015, 0.4999185095350315, 2365019000000, 
-0.04375693175764246, 0.1425724028856091, 0.5000757824784544, 2365024000000, 
0.013125206287116262, 0.3266000769533745, 0.4996827460677191, 2365029000000, 
-0.11978659348142127, -0.05657054802331627, 0.49983948817771234, 2365034000000, 
-0.039001287946487995, 0.16937243989284392, 0.4996345604440177, 2365039000000, 
-0.013958824071796215, 0.248612548074189, 0.49996860720323943, 2365044000000, 
-0.11262862335240129, -0.027650451836216044, 0.5002255619300653, 2365049000000, 
-0.07640530031193243, 0.17076578508821327, 0.4999409792931323, 2365054000000, 
-0.050003287923180546, 0.17000744152131614, 0.4999278543991729, 2365059000000, 
-0.051991921971465994, 0.1255502546414124, 0.4997408981368356, 2365064000000, 
0.037505635786470475, 0.2833898238081066, 0.4998556541675477, 2365069000000, 
-0.0760382063524457, -0.06804524337089875, 0.4999417591277569, 2365074000000, 
-0.07258934330250497, 0.1545475879755393, 0.49993651450662113, 2365079000000, 
-0.03515760710539662, 0.2995350510740357, 0.5000984641638103, 2365084000000, 
-0.14865576437770084, -0.07957877983215234, 0.49972100043272966, 2365089000000, 
-0.08594139227451925, 0.11590771729161367, 0.500031293628525, 2365094000000, 
0.03574087524799725, 0.3555808929039275, 0.5002433836431649, 2365099000000, 
-0.07396789576713961, -0.012904130611631419, 0.49990627978873614, 2365106000000, 
0.022078202323140575, 0.3340352950367991, 0.49990548496770026, 2365111000000, 
-0.09132282806287148, 0.02348312564863327, 0.499478511257249, 2365116000000, 
-0.055470733844391606, 0.12406609503257678, 0.500092933082825, 2365121000000, 
0.0050341023338459434, 0.3752548762113793, 0.500252410617, 2365126000000, 
-0.11863172491904447, -0.07625904964671244, 0.4997365412498122, 2365131000000, 
-0.0459769866668638, 0.14159749096773902, 0.5002817839775842, 2365136000000, 
0.029465106347503805, 0.3315064982289076, 0.49982111526776307, 2365141000000, 
-0.1346530984257466, -0.08501348789631978, 0.5001350931227299, 2365147000000, 
-0.05155656681801265, 0.19456526540000232, 0.5001885430249303, 2365152000000, 
0.013077274200034152, 0.33184058910911374, 0.4997283310442079, 2365157000000, 
-0.12483991700593165, -0.005689292606241198, 0.5004247396597222, 2365162000000, 
0.02706502668213766, 0.2991635542524063, 0.5001899367104888, 2365167000000, 
-0.024695991966707038, 0.22887737462755275, 0.4999801190919644, 2365172000000, 
-0.1142277052631158, 0.015865425146025926, 0.5001808984485807, 2365177000000, 
-0.05844884402588626, 0.1908580032369371, 0.50039317732898, 2365182000000, 
-0.03241849420218375, 0.09635405443823022, 0.4997886290209146, 2365187000000, 
-0.051054733478946686, 0.15704126308015004, 0.5006410343965167, 2365192000000, 
-0.027167708160241166, 0.3136708415281638, 0.4999030123256562, 2365197000000, 
-0.13716918325829733, -0.12563171061758954, 0.4999525433997185, 2365202000000, 
-0.03664229998077033, 0.17221787993991283, 0.5003185322403677, 2365207000000, 
0.02236279997107065, 0.30059186831808615, 0.499935110323211, 2365212000000, 
-0.1294331111304422, 0.012545652244930865, 0.50025686050562, 2365217000000, 
0.04001974408423833, 0.3332368789070868, 0.4997009887608339, 2365222000000, 
-0.11077520137029342, 0.008951902187477878, 0.4999582912850984, 2365227000000, 
-0.06058525644155531, 0.1924016173173209, 0.5003694602411775, 2365232000000, 
0.007405951082603187, 0.2902638593028301, 0.4997455196637146, 2365237000000, 
-0.1513708471267089, -0.07688138883852154, 0.5002614175403505, 2365242000000, 
-0.0015268751110135903, 0.2724759284566657, 0.5000649391243173, 2365247000000, 
-0.12613422335257207, -0.046026951417688075, 0.5001848515195895, 2365252000000, 
-0.07354408588090702, 0.17013695190448347, 0.5003956469948178, 2365257000000, 
0.048229668971339686, 0.3207051902373703, 0.5000005210508548, 2365262000000, 
-0.12522115094881375, -0.05968422747632426, 0.5001381937039502, 2365267000000, 
-0.06692723691415343, 0.17416317213703872, 0.5003525296565233, 2365272000000, 
-0.04658339438539683, 0.1329420205461348, 0.50004513902678, 2365278000000, 
-0.06438891596283058, 0.14106043235977783, 0.500136778646136, 2365283000000, 
0.016128137408312038, 0.2941274294999817, 0.5002773128478375, 2365288000000, 
-0.11098097738068148, -0.06212055934319403, 0.49981265515319795, 2365293000000, 
-0.06382839528916145, 0.1428009479930421, 0.500338157164536, 2365298000000, 
0.011165420403473124, 0.31278666303810687, 0.49993849039042837, 2365303000000, 
-0.155502692872996, -0.10949564319081573, 0.5002244908855469, 2365308000000, 
-0.06501462642280496, 0.13539647812833205, 0.5003361377398842, 2365313000000, 
0.00016989835156465578, 0.30231723673423905, 0.5001547999064008, 2365318000000, 
-0.12470890932995532, -0.014741508152988556, 0.4998732844740615, 2365323000000, 
-0.05095447009026794, 0.17084288091286304, 0.5003277283558631, 2365328000000, 
0.022557837675899868, 0.2754200955724355, 0.49947572668523665, 2365333000000, 
-0.13386629379601905, -0.010687357182302452, 0.49997202925904594, 2365338000000, 
-0.07471536244581657, 0.15647938062893307, 0.5000546835390269, 2365343000000, 
0.194690127820195, 0.8511065788862083, 0.5000313618962455, 2365348000000, 
-0.11074698514791523, 0.0650338204796389, 0.5004899995630534, 2365353000000, 
-0.030885242563745526, 0.13750157549171782, 0.5002716710130382, 2365358000000, 
-0.060258756499880224, 0.12282895661031326, 0.5001851630750878, 2365363000000, 
-0.044654349311853504, 0.19013521197827002, 0.500330369885306, 2365368000000, 
0.0006932392885816152, 0.39982383398427324, 0.5002386211256474, 2365373000000, 
-0.07681540688888057, 0.00015567487114514014, 0.49986067281677576, 2365378000000, 
-0.044492133931183495, 0.1565368652842484, 0.5001464950599558, 2365383000000, 
0.0007924092987224244, 0.30505045141188397, 0.4994423837358577, 2365388000000, 
-0.12876342684235664, 0.018964545418504442, 0.4999040797066801, 2365395000000, 
-0.016447528038302385, 0.2744414712985314, 0.499741333563622, 2365401000000, 
-0.12894119343046145, -0.01742792803794316, 0.49989629891735965, 2365406000000, 
-0.061281046991590864, 0.16219880081354301, 0.5004101278318477, 2365413000000, 
-0.05181923995379485, 0.10673227427928023, 0.5001566167025502, 2365418000000, 
-0.06151721588642431, 0.16926312419800685, 0.5001711349002601, 2365424000000, 
-0.012163866759659483, 0.2971011049230649, 0.49995262939738727, 2365429000000, 
-0.11507465149356279, -0.01156063034327304, 0.5003911917314968, 2365434000000, 
0.013070708922097926, 0.25489437159321066, 0.4999872838567088, 2365441000000, 
-0.11961837364398814, -0.018773517627694573, 0.4998989901607374, 2365446000000, 
-0.05810764082297773, 0.17880912566725515, 0.5002160183950656, 2365451000000, 
0.018857703335668774, 0.31687311617143, 0.499640080054681, 2365457000000, 
-0.12512274462261486, 0.00861320402433348, 0.49967335804647195, 2365462000000, 
0.008416174385639122, 0.2928737190112445, 0.5000244798899373, 2365467000000, 
-0.11927435563702596, -0.004357778645704864, 0.4995469030040539, 2365472000000, 
-0.03942193383304317, 0.19153059541557105, 0.5003047558710163, 2365477000000, 
-0.01906998566345531, 0.29642689568797825, 0.49978355871183977, 2365482000000, 
-0.10527654443482266, 0.002644429158357888, 0.5001900514778913, 2365487000000, 
-0.04601479799447023, 0.18978051527604212, 0.5002699942126082, 2365492000000, 
0.02684049392316721, 0.26554456434425966, 0.49965508665092256, 2365497000000, 
-0.11118063235604964, -0.0058721683292913595, 0.4999224050094904, 2365502000000, 
-0.06638050519000994, 0.1589507117292147, 0.5004641552790313, 2365507000000, 
-0.05566645743049283, 0.140880314022502, 0.49976819100237846, 2365513000000, 
-0.033954163464346945, 0.1795142958409075, 0.5001496041114739, 2365518000000, 
-0.002023206223912599, 0.3077469653495154, 0.49991559726664475, 2365523000000, 
-0.12117138621152931, 0.02221702424825001, 0.4996335379404295, 2365528000000, 
-0.01690611885279523, 0.3040551339845966, 0.5004877195076354, 2365533000000, 
-0.09827418228974659, -0.0015110914997753175, 0.49956014818959765, 2365538000000, 
-0.06261420202700405, 0.13864219265696695, 0.5001929308816826, 2365543000000, 
-0.026280288877594808, 0.2754101281353119, 0.49997327908749084, 2365548000000, 
-0.07721421596724502, 0.02803515962129854, 0.49982253198390153, 2365553000000, 
-0.08676422519971676, 0.15780015045111373, 0.5000577201965407, 2365558000000, 
-0.07745031985391691, 0.1660436684756006, 0.5006535341973166, 2365563000000, 
-0.058853247403581554, 0.14257077714540137, 0.4999909578470155, 2365568000000, 
-0.0810064136379609, 0.18741309172613066, 0.49988308868582776, 2365573000000, 
-0.009089176836075942, 0.29827981778350887, 0.5002918787730245, 2365578000000, 
-0.11026434843364144, 0.03149915380608836, 0.500009676905648, 2365584000000, 
-0.055777298708371864, 0.1701990126042088, 0.499985677012788, 2365589000000, 
0.018791110550257603, 0.3053239940662619, 0.500324253940832, 2365595000000, 
-0.10200397381237848, 0.09624749738232276, 0.5002077311919898, 2365600000000, 
0.03387619960225166, 0.31193070646343546, 0.5000089041509638, 2365605000000, 
-0.05857777685907783, 0.15414451268807564, 0.4995594321370026, 2365610000000, 
-0.07250323410846171, 0.08402836918149942, 0.5003280812713641, 2365616000000, 
-0.08762627465366292, 0.1570109870846009, 0.4997542875359782, 2365621000000, 
-0.0767329123951733, 0.1567909809411711, 0.5003733430042949, 2365626000000, 
0.012321623419058042, 0.2592694093667274, 0.5002157675287371, 2365633000000, 
-0.07496131209660985, 0.0655063127786385, 0.49957229480864584, 2365639000000, 
-0.0035258332957345635, 0.2880234607151268, 0.500204705927183, 2365644000000, 
-0.09489331004841177, -0.014724737414198332, 0.5002989034619079, 2365649000000, 
-0.060523195013636656, 0.14753704648995009, 0.5003615399027984, 2365655000000, 
-0.002497051111067617, 0.24133689545440956, 0.4996255335342678, 2365660000000, 
-0.08813404608643047, -0.00631021177198101, 0.5002556312983258, 2365665000000, 
-0.0550994444969754, 0.14159520192419034, 0.5004835912611342, 2365670000000, 
0.012660738597333325, 0.30805983303195, 0.4996276890696059, 2365676000000, 
-0.10265295992410761, 0.0424601748752035, 0.5003772884368024, 2365681000000, 
-0.008469014327526524, 0.2923819363039391, 0.4997758060505722, 2365687000000, 
-0.10110390585246037, 0.0843539227837738, 0.5002533746589389, 2365694000000, 
-0.027637713850507856, 0.2552786081661942, 0.4999613902516212, 2365699000000, 
-0.14094120032138274, -0.06733537917213606, 0.5000200317331469, 2365704000000, 
-0.07612558485254552, 0.14721494965653875, 0.5004570949051531, 2365709000000, 
-0.03605856697992115, 0.27798128752674295, 0.5002675389826781, 2365714000000, 
-0.14871474888322342, 0.00360049336347016, 0.5001886886731862, 2365719000000, 
-0.04891794407343111, 0.1950986801588959, 0.5002175604090727, 2365724000000, 
0.017530714232789416, 0.2871727835127567, 0.5001817032777307, 2365729000000, 
-0.13326073343560801, 0.00410207686890046, 0.5000310887542722, 2365734000000, 
-0.036565606663787636, 0.15584846602853183, 0.5001215587644584, 2365739000000, 
-0.06905987672532311, 0.13296680919252535, 0.5000639498601007, 2365749000000, 
0.0064377384199711465, 0.25884327020102077, 0.499631473077667, 2365754000000, 
-0.11133881322247524, -0.0184218537457209, 0.5000779755938289, 2365759000000, 
-0.06837232135147676, 0.15986251050826666, 0.5004840416862297, 2365764000000, 
0.009853664200532786, 0.29033437935361456, 0.49978919050528114, 2365769000000, 
-0.1153830987577285, 0.0023145026815410055, 0.5001805594070768, 2365774000000, 
-0.030553238523893918, 0.26242137686100325, 0.5000915022963923, 2365779000000, 
-0.013863540831614656, 0.1848559948720688, 0.5000332572417411, 2365784000000, 
-0.08763572384907478, 0.07480951862734832, 0.5003477196559577, 2365791000000, 
-0.024117606035171803, 0.25525618490478996, 0.4997541601892246, 2365796000000, 
-0.09497176280842051, 0.030773801682679472, 0.5002752551175654, 2365801000000, 
-0.047908051754875794, 0.16774097025328957, 0.49989300255537344, 2365806000000, 
-0.017992506657751515, 0.21953751828237458, 0.4998737674469293, 2365811000000, 
-0.14773701286203994, -0.029618406693957516, 0.49982929520312347, 2365816000000, 
-0.027586307115895773, 0.14645317684213863, 0.5003491223329845, 2365821000000, 
-0.043028597432043736, 0.2286061858986774, 0.4998740197554853, 2365826000000, 
-0.1045210950302857, -0.03851704723631763, 0.5001460179194777, 2365831000000, 
-0.05242414310991772, 0.13240393855074034, 0.5000054714986633, 2365837000000, 
-0.053513607316972044, 0.12064188855817655, 0.49967401103397374, 2365842000000, 
-0.04748405477778908, 0.16480912808828402, 0.5002055688591568, 2365847000000, 
-0.0020888590883313615, 0.2306577985956873, 0.5000811370970141, 2365853000000, 
-0.09598680128014651, 0.014244210079374873, 0.4996928717426454, 2365858000000, 
-0.05858150347369112, 0.17400903159106199, 0.500113565130442, 2365863000000, 
-0.029944126951864974, 0.253548606548128, 0.49992511925149974, 2365868000000, 
-0.11684021296436492, 0.020363531632598648, 0.4999766885216066, 2365873000000, 
-0.07058022836439153, 0.15155772946597446, 0.5001936172629651, 2365878000000, 
-0.0074947535592700355, 0.3138475456924902, 0.49991092619269295, 2365883000000, 
-0.10140324887426054, -0.0009262583306761845, 0.4998418511508557, 2365888000000, 
-0.07371751282418605, 0.18522026478028908, 0.5002679902180619, 2365893000000, 
-0.010495784018450444, 0.25784167456786805, 0.49976796695946035, 2365898000000, 
-0.09081590492812071, -0.03169616899565455, 0.4997934286846252, 2365903000000, 
-0.05404366150678282, 0.15020460132127875, 0.5003310641293587, 2365908000000, 
-0.014358130013435588, 0.24079085487993168, 0.5001095708632834, 2365913000000, 
-0.12062447939513918, -0.03786773955442249, 0.5000869637581271, 2365918000000, 
-0.036431460328567464, 0.17272312159043993, 0.5002270156203621, 2365923000000, 
-0.04652703809349654, 0.3071035601333506, 0.500034245090303, 2365928000000, 
-0.07377006372817471, 0.05947906200472007, 0.5001472256218652, 2365933000000, 
-0.0036170640897134933, 0.27441031443740654, 0.5004744111251619, 2365938000000, 
-0.03792926355669637, 0.021802409510375462, 0.4997230058423024, 2365943000000, 
-0.06234044408722595, 0.159569721883079, 0.5004548728306831, 2365948000000, 
-0.00211516754810275, 0.25103393758470804, 0.49994340190976516, 2365953000000, 
-0.10699728963923419, 0.008161564384798967, 0.500201568015596, 2365960000000, 
-0.0043059310483748656, 0.20982853934257126, 0.500063263293939, 2365965000000, 
-0.12182236813688824, 0.03543435400109515, 0.499859809423002, 2365971000000, 
-0.011326489561450156, 0.20834034534768894, 0.49965228345269463, 2365981000000, 
-0.11356004650379292, 0.04410999195025466, 0.5000109140569567, 2365986000000, 
-0.013426913075331568, 0.2577878866139906, 0.49996906511152145, 2365992000000, 
-0.0813408066126166, -0.02189853108996793, 0.500037637070565, 2365997000000, 
-0.04130173773665784, 0.15922352660305675, 0.5004007956707105, 2366002000000, 
-0.02704279493769528, 0.3069224237318976, 0.4996764541769777, 2366007000000, 
-0.1043675273989411, 0.03594475174076875, 0.49997316055495916, 2366012000000, 
-0.04976723434600416, 0.1640856860220955, 0.49991994855614713, 2366017000000, 
-0.05348763990787646, 0.14672509196301234, 0.500155235384831, 2366022000000, 
-0.07441724946799849, 0.13491498143924813, 0.5002249071982852, 2366027000000, 
-0.059132093368010674, 0.2463623375606828, 0.500017209489094, 2366033000000, 
-0.10568263628943164, 0.0017392173114592069, 0.5000242869148077, 2366038000000, 
-0.032944339581255255, 0.15623923175202623, 0.5006609502077395, 2366043000000, 
0.005278198809597675, 0.27976706028669873, 0.499991280984862, 2366048000000, 
-0.09775052396496582, 0.014682141531632305, 0.500081839186354, 2366053000000, 
-0.057600077509778524, 0.15606694703919674, 0.5003651601189842, 2366059000000, 
-0.05324684045461634, 0.15477892322063858, 0.4998470325044071, 2366063000000, 
-0.06538229574372995, 0.13649688737748178, 0.5001450447604643, 2366068000000, 
-0.005049541914377318, 0.2690651958595742, 0.5001980413255978, 2366073000000, 
-0.11638059899522712, 0.005140496122071951, 0.49993419665768674, 2366078000000, 
-0.06052363940626338, 0.18069044654392002, 0.5002912936645862, 2366083000000, 
-0.030058519562026, 0.2777375792099255, 0.49988340820190275, 2366088000000, 
-0.09153090064824848, 0.06823510862218687, 0.5000170413175405, 2366093000000, 
-0.04322665009307345, 0.295277416970731, 0.5001385754222454, 2366098000000, 
-0.13151687412505425, 0.04778975928111098, 0.5002782762159436, 2366103000000, 
-0.05336063811458773, 0.1648461771257917, 0.5002113644194995, 2366108000000, 
-0.0015162380521887946, 0.29518969048482013, 0.5000238690989652, 2366113000000, 
-0.08415725422084373, 0.025577350887462155, 0.5002010771446865, 2366118000000, 
-0.04211992351866288, 0.25569064714303463, 0.5000891562047661, 2366123000000, 
-0.1034225109847809, 0.020523224775281745, 0.49998816763216336, 2366128000000, 
-0.06568352330002868, 0.17741492183536262, 0.499919029953207, 2366133000000, 
-0.03269080031755727, 0.27730026944677955, 0.5004000428113272, 2366139000000, 
-0.08966254558934517, 0.03468603920330672, 0.5000438415446835, 2366144000000, 
-0.04078216834215119, 0.12990094328274232, 0.500512111531523, 2366149000000, 
-0.029204823497765785, 0.23316649828346112, 0.5003194196501325, 2366154000000, 
-0.12269417384605887, -0.03268445737042407, 0.4999967045456796, 2366159000000, 
-0.06449688726800965, 0.1682723958559715, 0.499961113625485, 2366164000000, 
-0.038856391849390846, 0.2564139518584419, 0.5002208003385432, 2366169000000, 
-0.09132327947383566, -0.03719541235263809, 0.4999392475028068, 2366174000000, 
-0.06750300824447734, 0.17703906174937642, 0.5002451092926034, 2366179000000, 
-0.033757609487463223, 0.2705366697324811, 0.4999969947724307, 2366184000000, 
-0.10009846190873689, -0.023980096809328826, 0.500577240115532, 2366189000000, 
-0.04032723609156847, 0.22236606967897168, 0.5002969548892696, 2366194000000, 
-0.03682202170048848, 0.2959240149502383, 0.5001091306850559, 2366199000000, 
-0.09029277672634256, 0.03590633321749184, 0.49981099238218707, 2366204000000, 
-0.044531433572784426, 0.17134742519104296, 0.500456897532879, 2366209000000, 
-0.00032357740068438695, 0.280807053453108, 0.500009845841358, 2366214000000, 
-0.08851655014388207, 0.007554882907437315, 0.4999023389779235, 2366219000000, 
-0.06431241120559093, 0.16343879652551888, 0.5006302784797564, 2366224000000, 
-0.06287970250679131, 0.13806513861158015, 0.5002387194627229, 2366229000000, 
-0.0048563286579958315, 0.16466261475808017, 0.5001825306596439, 2366234000000, 
-0.03533072313368376, 0.30375221060944513, 0.5003639924472039, 2366239000000, 
-0.10042930321874606, 0.019675258685470622, 0.5003008682673397, 2366244000000, 
-0.05315000696171195, 0.1643416348714472, 0.5002037094899517, 2366249000000, 
-0.03132415915751616, 0.26323519023924474, 0.499813420536829, 2366254000000, 
-0.06521867101873294, 0.03574331174617047, 0.5001903277467445, 2366259000000, 
-0.03873134070766511, 0.260832771381957, 0.5001061604198722, 2366264000000, 
-0.08456419802500686, 0.020040218607389814, 0.4999410146691153, 2366269000000, 
-0.06003940300398477, 0.1536613051576394, 0.5002345259143585, 2366274000000, 
-0.05033459278816667, 0.23650721815798473, 0.4999236429303501, 2366279000000, 
-0.09147903641979063, 0.0275115729198217, 0.4997711588788443, 2366284000000, 
-0.015786373074524226, 0.16854433431612273, 0.5002020162955501, 2366289000000, 
-0.04705962476488619, 0.2414721204876459, 0.4998733216669175, 2366294000000, 
-0.1021899377145836, 0.031476527727727084, 0.5001342367008402, 2366299000000, 
-0.06442956961115678, 0.15698867026447125, 0.5004006082091089, 2366304000000, 
-0.01902259455270952, 0.2659022865359593, 0.4996242951551028, 2366309000000, 
-0.07892032419044899, 0.02212912511202869, 0.5003296075898964, 2366314000000, 
-0.047903299847652764, 0.1425574556320316, 0.5002419431204523, 2366319000000, 
-0.0506556758885102, 0.1569870342515865, 0.4998956219032893, 2366324000000, 
-0.06837035806478597, 0.11610688457552934, 0.499846905447767, 2366329000000, 
-0.07936831546140663, 0.22621395552866608, 0.500260081235313, 2366334000000, 
-0.06519495815021374, 0.029669029050441595, 0.4997139328309359, 2366339000000, 
-0.06324230742280466, 0.15844813954865541, 0.5000999532243198, 2366344000000, 
-0.0340369925788851, 0.2513879969306679, 0.5000656005335361, 2366349000000, 
-0.09072526579157757, 0.04086039643717174, 0.5000683749614172, 2366354000000, 
-0.04583028828215516, 0.18178282584507865, 0.4999128449783578, 2366359000000, 
-0.032503229557870064, 0.2729366583171352, 0.4997983103092416, 2366364000000, 
-0.0903123561367248, -0.0005182900637993176, 0.500485995109484, 2366369000000, 
-0.0393432408828898, 0.1683290239388415, 0.5002008196712328, 2366374000000, 
-0.02298249124745142, 0.24447307096510704, 0.4996997719634761, 2366379000000, 
-0.07938418782662321, 0.018105109175316585, 0.5002666253755774, 2366384000000, 
-0.05705507371939227, 0.12508680948906656, 0.5003915073648517, 2366389000000, 
-0.07506709643954305, 0.10836950750273158, 0.49987658073305125, 2366396000000, 
-0.05409050920656834, 0.16850075455117966, 0.5000315504252453, 2366401000000, 
0.015195242383334404, 0.27933374354431295, 0.4997217195092476, 2366406000000, 
-0.08451835808232022, 0.01342284540204707, 0.49958266713217825, 2366411000000, 
-0.041183215275947885, 0.25207103625825455, 0.5000711657999571, 2366416000000, 
-0.0949259063463466, 0.014648636397570306, 0.49989214795893017, 2366421000000, 
-0.038814927784630596, 0.14828338943613842, 0.5002938669097431, 2366426000000, 
-0.016055386881151067, 0.2846720636872267, 0.49969188247899116, 2366431000000, 
-0.08937602829435631, 0.00423984672317422, 0.5001972742230265, 2366436000000, 
-0.10110379006476389, 0.14968844734151712, 0.50029653808439, 2366441000000, 
-0.019318166147609707, 0.2792739512142433, 0.4999113373946087, 2366446000000, 
-0.09162692592395702, 0.07178918027325197, 0.49991584378110115, 2366451000000, 
-0.02127710689761525, 0.2607987131952093, 0.5002293268294341, 2366456000000, 
-0.0598669611655689, 0.011466828341307187, 0.5001627761420958, 2366461000000, 
-0.0473911572467962, 0.15416696714611441, 0.5003576715607166, 2366466000000, 
-0.019264786845022155, 0.26508366926631466, 0.5002280797471839, 2366471000000, 
-0.0842647923813264, -0.009279916112065637, 0.499652877601202, 2366476000000, 
-0.04734143634809598, 0.17348418262760001, 0.5000247462140063, 2366481000000, 
-0.03529758743079582, 0.27347051869785166, 0.5006016592196499, 2366486000000, 
-0.0763837473528796, -0.029842154823128582, 0.4999781013125487, 2366491000000, 
-0.08235464009262558, 0.1669211747334672, 0.5002300552308931, 2366496000000, 
-0.022442799087416795, 0.2791185182226981, 0.5002934945117335, 2366501000000, 
-0.06691646156441063, 0.0539658333978569, 0.4997139189222216, 2366506000000, 
-0.08298076346628969, 0.1958124355624366, 0.5005717151399299, 2366511000000, 
-0.044322276799391956, 0.29797969938979274, 0.5001812610643549, 2366516000000, 
-0.0930883520218599, 0.027968129622319197, 0.5001937810557301, 2366521000000, 
-0.05374547813034801, 0.2648440693375723, 0.49996929858369743, 2366526000000, 
-0.06500885990414448, 0.18415303082129672, 0.49992893462404325, 2366531000000, 
-0.065583006032288, 0.06385744912143174, 0.5002045477175455, 2366536000000, 
-0.04990425092731069, 0.2718422032726289, 0.5003252653525008, 2366541000000, 
-0.1143908761559469, 0.023846492179358504, 0.5000740519778375, 2366546000000, 
-0.07264641978535206, 0.15297041640502335, 0.499765663501924, 2366551000000, 
-0.003684000201703841, 0.26661252501165356, 0.5003322665636416, 2366556000000, 
-0.058060324881652935, -0.0020132751875554817, 0.4999734911625986, 2366561000000, 
-0.061336722637585994, 0.16574517014880774, 0.5002611513647368, 2366566000000, 
-0.04636857014455675, 0.2685428614038393, 0.49969536180015195, 2366571000000, 
-0.0804937224157889, 0.02200092879006885, 0.49971806304257677, 2366576000000, 
-0.050579657317156836, 0.18290716993058062, 0.5004779719898209, 2366581000000, 
-0.06459568496690773, 0.2340844978454891, 0.49977315663654104, 2366586000000, 
-0.06104993733443295, -0.05185181195052874, 0.5003707231044557, 2366591000000, 
-0.054470878444286525, 0.1807168848572697, 0.5000689093532978, 2366596000000, 
-0.032156543991929215, 0.2885926963212922, 0.5000168007239412, 2366601000000, 
-0.07988904159859098, 0.033102236248472944, 0.5000464267308236, 2366606000000, 
-0.04702699500732658, 0.15979317873126656, 0.5005283836950526, 2366611000000, 
-0.10924719422305643, 0.1491153199728787, 0.4997080120956836, 2366617000000, 
-0.08735316640923199, 0.15532359321011893, 0.49996555107941476, 2366622000000, 
-0.05112776075108508, 0.27340110279938, 0.5002935115149628, 2366627000000, 
-0.06918199729603736, 0.03694185436014685, 0.49969167273515736, 2366632000000, 
-0.04815806331236694, 0.18616157737477457, 0.500196414831784, 2366637000000, 
-0.003262408829261536, 0.327115567114786, 0.4999503199322416, 2366642000000, 
-0.09172652140930856, 0.03330266889836906, 0.49999657190473, 2366647000000, 
-0.04709704321559444, 0.1513646084284383, 0.500428521245882, 2366652000000, 
-0.05307664727923436, 0.1312590357568945, 0.500050553450001, 2366657000000, 
-0.0651554077684274, 0.14876347300135026, 0.5002363848250462, 2366662000000, 
-0.023294772705480127, 0.2391997119311933, 0.4998052411650248, 2366668000000, 
-0.07344735802514779, 0.07557052362349911, 0.5002065487860926, 2366675000000, 
-0.03611851583277157, 0.3600789426483092, 0.4998553757691121, 2366680000000, 
-0.0826668108943038, -0.019018605473765958, 0.5002078043731623, 2366685000000, 
-0.042959392520648496, 0.18443635827351842, 0.500120954819248, 2366690000000, 
-0.00288443466933401, 0.28566782567967386, 0.5000307253530022, 2366695000000, 
-0.06925834041862557, 0.019856985184951242, 0.5002486069904173, 2366701000000, 
-0.06377521347198234, 0.16489038981066956, 0.5003240648372926, 2366706000000, 
-0.054805379859038945, 0.15561639133846855, 0.5004027578471868, 2366713000000, 
-0.05308563690039988, 0.18010826717689635, 0.500438292955044, 2366719000000, 
-0.05610817654455051, 0.31536068977756526, 0.5006387187549267, 2366724000000, 
-0.0746938922578661, 0.001562849494120876, 0.5001248174338411, 2366731000000, 
-0.06868385930473, 0.26421600432549613, 0.5001551760003049, 2366736000000, 
-0.06115126724353076, 0.0016771842986670858, 0.5002695395483897, 2366741000000, 
-0.0330051118113223, 0.1492103834180048, 0.5003730690520617, 2366746000000, 
-0.047084151594766754, 0.24427391923934325, 0.49976241988152803, 2366751000000, 
-0.0919722815680799, -0.028886252668913343, 0.499750922728529, 2366757000000, 
-0.07097703598577093, 0.19031482830032556, 0.5004066656281358, 2366762000000, 
-0.02444579395386997, 0.2924401962886426, 0.4997152195393594, 2366767000000, 
-0.06093645538299125, 0.025342531487695094, 0.5004319416246271, 2366772000000, 
-0.0019990099090995833, 0.2941672054177207, 0.4999672567229537, 2366777000000, 
-0.06456078133175956, 0.03671934336499519, 0.49987467083079523, 2366782000000, 
-0.04547404698274994, 0.18516105445902184, 0.4997985613676716, 2366787000000, 
-0.026290061227359537, 0.3300492344071775, 0.4999492384672799, 2366792000000, 
-0.08353420820616593, 0.01366126730131258, 0.5002175149046366, 2366797000000, 
-0.04693806826350884, 0.19395382468866673, 0.5002477915118144, 2366802000000, 
-0.03313434125851357, 0.25458240028980184, 0.49986027421506873, 2366807000000, 
-0.07454711412175354, 0.014893270800273993, 0.5000989190135653, 2366812000000, 
-0.04022372269682281, 0.18289371594498, 0.5001298266689284, 2366817000000, 
-0.013063765661519185, 0.33557589136658905, 0.5000415539302054, 2366822000000, 
-0.07676337947847037, 0.023412795469550662, 0.5000735040365104, 2366827000000, 
-0.06563533954726763, 0.17978163928319213, 0.5004073402720615, 2366832000000, 
-0.007838182774047034, 0.32755637849832375, 0.5000176015586867, 2366837000000, 
-0.04737683352121977, 0.0521450298756615, 0.5002552781040277, 2366842000000, 
-0.03465748268437595, 0.3239042524455669, 0.5002304215157896, 2366847000000, 
-0.10601314696607213, -0.019868500904778926, 0.4996191907928668, 2366852000000, 
-0.04683814558292512, 0.17674022263666367, 0.5003475255204797, 2366857000000, 
-0.039319051195470495, 0.27264307498520324, 0.49978412791526367, 2366862000000, 
-0.07534605084774769, 0.056201559276474175, 0.5004393108192139, 2366869000000, 
-0.009680479126408622, 0.34567191594668506, 0.5002433733593356, 2366874000000, 
-0.04773261742196893, 0.014969515717681646, 0.4996376667403418, 2366879000000, 
-0.05808624208907984, 0.1771626988045894, 0.5002139022335774, 2366884000000, 
-0.05292913796041972, 0.1494952687922106, 0.5001758730146828, 2366890000000, 
-0.056205563123874064, 0.17236188846610692, 0.5004970653591109, 2366896000000, 
-0.020600553859367536, 0.30105607548677593, 0.4997500459210626, 2366901000000, 
-0.06683598531543541, -0.040213396630194236, 0.5001153095900224, 2366906000000, 
-0.02998889627656074, 0.28995091027978703, 0.5002390040938932, 2366911000000, 
-0.02818389423894436, 0.16135945841209365, 0.4998571209529745, 2366916000000, 
-0.07694488420482117, 0.03190515536222296, 0.5001650346054438, 2366921000000, 
-0.043303067624048286, 0.2611588654465337, 0.5003577650436982, 2366926000000, 
-0.06442260780458768, 0.04167395916780242, 0.4996286161606097, 2366931000000, 
-0.05332336516838652, 0.1544141850341552, 0.5000622639466527, 2366937000000, 
-0.01774206658193875, 0.2538673835157193, 0.4999606614575541, 2366942000000, 
-0.07114250598890913, 0.058360837659289004, 0.5001178105098153, 2366948000000, 
-0.03602479599365312, 0.16264733170455006, 0.500241393327461, 2366953000000, 
-0.05436190528569993, 0.29578783299366435, 0.5002216287619182, 2366958000000, 
-0.11330725062453585, 0.012083069214279773, 0.500266863788119, 2366963000000, 
-0.058583132221052416, 0.1366885764656124, 0.5002057818056728, 2366968000000, 
-0.05385794145049271, 0.31990322317511766, 0.5001635402748073, 2366973000000, 
-0.09058033534403499, -0.058910739253266974, 0.49985205760167045, 2366978000000, 
-0.06337932454080927, 0.17154243065527974, 0.5005709534303961, 2366983000000, 
-0.043448103062814956, 0.27981620496582144, 0.5001076855474056, 2366988000000, 
-0.07331068875910267, 0.009163987840744023, 0.5002175424340006, 2366994000000, 
-0.06445354217992931, 0.16908985876280064, 0.500714709505493, 2366999000000, 
-0.03103946319885171, 0.2978376592173886, 0.49985580231893695, 2367004000000, 
-0.09735130381002337, -0.14608841151374058, 0.49991240644683194, 2367009000000, 
-0.02068181601866644, 0.20429606581969664, 0.5002486021116753, 2367014000000, 
-0.1002421976518913, -0.019158821857818368, 0.5002514119478231, 2367019000000, 
-0.05203671747004023, 0.17333558426722956, 0.5005431039855232, 2367024000000, 
0.025556173229626958, 0.34468213907855594, 0.49971393929991637, 2367029000000, 
-0.05528242225981114, 0.003590036754829204, 0.4998845683407881, 2367034000000, 
-0.05182205412577656, 0.13590900598563443, 0.5001644333307823, 2367039000000, 
-0.07944013679488482, 0.14988483579040168, 0.4996173898273351, 2367044000000, 
-0.06936662025804685, 0.14385775069024181, 0.5001222689228878, 2367049000000, 
-0.021786550737321927, 0.33211202736730494, 0.5001677658566078, 2367054000000, 
-0.08361030436381182, -0.015820833373548157, 0.4998041550645416, 2367059000000, 
-0.05207152650274387, 0.1828564985556549, 0.5002538377152091, 2367064000000, 
0.003301384723376464, 0.34971188780724033, 0.49997657131686996, 2367069000000, 
-0.05692035744508113, 0.05659908038458072, 0.5003548677730799, 2367075000000, 
0.00657430323141648, 0.3551404611197881, 0.5003020665200129, 2367080000000, 
-0.08190923506446508, 0.0040658949815212155, 0.5000401505759866, 2367085000000, 
-0.06692880550827991, 0.16495050679605514, 0.5001923389209166, 2367090000000, 
-0.024670868006628616, 0.28694421291146904, 0.5002552301994333, 2367095000000, 
-0.08319706476083506, -0.009705070306985614, 0.5002367576737492, 2367100000000, 
-0.047890290597167665, 0.15111043305098865, 0.5006118466814014, 2367105000000, 
-0.02531778886609114, 0.3687183731630985, 0.5004616687166052, 2367110000000, 
-0.10102912415816949, -0.041235445250400335, 0.5002880248004238, 2367115000000, 
-0.05884059676780674, 0.1993271876781894, 0.5001231127932564, 2367120000000, 
-0.022338888115573347, 0.31259293219692014, 0.49971059022086595, 2367125000000, 
-0.07926025259533848, 0.002922385501058094, 0.5001631588776405, 2367130000000, 
-0.03233815835865291, 0.25996631039535684, 0.5002863142637722, 2367135000000, 
-0.08903342026211047, -0.05241605531626978, 0.5001068102866889, 2367140000000, 
-0.046769368398708155, 0.1312272975923274, 0.5002882139100658, 2367145000000, 
-0.013197925903634878, 0.30359048243341386, 0.5001659481007914, 2367150000000, 
-0.07038425659104446, -0.003367029726846854, 0.4998299234554339, 2367155000000, 
-0.018887110498053125, 0.1873855031463278, 0.5004561754414671, 2367163000000, 
-0.017226182284650247, 0.13901580286349102, 0.5000500942191078, 2367168000000, 
-0.04798991066791522, 0.16146661802682125, 0.5006747772099827, 2367173000000, 
-0.005450487900059094, 0.313200055947826, 0.49998079184999067, 2367179000000, 
-0.08324321238907242, -0.025728397366974493, 0.49967726627953324, 2367184000000, 
-0.05388857276518385, 0.1420158800477783, 0.49972838589252827, 2367195000000, 
-0.06708499475630961, 0.15756549818454121, 0.5001586186305438, 2367201000000, 
-0.02819000897470639, 0.320539224419271, 0.499960141919243, 2367207000000, 
-0.08129170349038257, 0.06195732249444803, 0.5001981933531185, 2367212000000, 
-0.021627759489446927, 0.42379356492849446, 0.5005298913692005, 2367217000000, 
-0.07982653804060112, 0.019799844255090335, 0.5002054551550214, 2367222000000, 
-0.056975232370989295, 0.19728020996305923, 0.500163440187668, 2367227000000, 
-0.05863420726557471, 0.16864531051191428, 0.5001055319953324, 2367233000000, 
-0.049451511648165296, 0.07839811742791092, 0.5004465708896981, 2367238000000, 
-0.03607065465173088, 0.2839845999127258, 0.5001458644086172, 2367244000000, 
-0.09346438034686597, -0.016338970161541268, 0.49996624455824923, 2367249000000, 
-0.06826027763597149, 0.15310938267870092, 0.5005545150039904, 2367254000000, 
0.002956680912813151, 0.27195396106337, 0.4995941187495525, 2367259000000, 
-0.12676206522734068, -0.09536542661226323, 0.5001356315333564, 2367264000000, 
-0.08847799765327574, 0.17535376415004167, 0.5000414099472803, 2367269000000, 
-0.01511857823182735, 0.2950388036830728, 0.4997955642931464, 2367274000000, 
-0.10637695556833413, -0.07109312979888129, 0.49985061462958824, 2367279000000, 
-0.027823371712604496, 0.14908310773373662, 0.4999510346810669, 2367284000000, 
-0.05020948388156002, 0.15597713979864458, 0.5002898815741044, 2367289000000, 
-0.06754582605933507, 0.1519036980825716, 0.4998577711543386, 2367294000000, 
-0.07106485413066699, 0.16706973651704185, 0.5001380042254826, 2367299000000, 
-0.002412014193251543, 0.31498613621038674, 0.5001667343527754, 2367304000000, 
-0.1490696985988805, -0.1267268967434289, 0.500307079992182, 2367309000000, 
-0.058439211535820136, 0.1496428375405472, 0.5006562991311266, 2367314000000, 
0.004583865737028143, 0.35840328196153803, 0.5003254805230375, 2367319000000, 
-0.09876012479595903, -0.06868270278529046, 0.5002670808972316, 2367324000000, 
-0.04432407851063509, 0.1836464380877489, 0.5006644848717839, 2367329000000, 
-0.07289301933317219, 0.16588302429607657, 0.5001939903361853, 2367334000000, 
-0.062243693416325005, 0.11959327353793464, 0.4999135225268198, 2367339000000, 
0.01797392073666471, 0.3175326795366344, 0.5003785928165785, 2367344000000, 
-0.13673961676891214, -0.061662743694562136, 0.5002970618837763, 2367349000000, 
-0.013433471627931182, 0.17685498176651512, 0.5003441280772624, 2367354000000, 
-0.05990838463797401, 0.16245805074333863, 0.4996311545354015, 2367359000000, 
-0.0420983859359715, 0.12335135142104281, 0.5003810543646672, 2367365000000, 
0.03408169362923014, 0.4116653492730708, 0.49986101908706276, 2367370000000, 
-0.10208553816094212, -0.059895094344080864, 0.5001783060777325, 2367375000000, 
-0.0456568801300245, 0.164596467666023, 0.5001176992709028, 2367381000000, 
-0.0777580010111245, 0.1324381464318624, 0.49983499298044426, 2367386000000, 
-0.0705737285589725, 0.12642470950098406, 0.49994386782531064, 2367391000000, 
-0.025572557590992903, 0.3228071390413705, 0.5003120463863336, 2367396000000, 
-0.08559456563160027, -0.03884103352010049, 0.49967325345887365, 2367401000000, 
-0.04904674008926952, 0.15457709486347618, 0.5005596851073912, 2367406000000, 
-0.014797397702739763, 0.33985668373497774, 0.500155248827148, 2367411000000, 
-0.1827524655337835, -0.11611694687347869, 0.5001836198399712, 2367417000000, 
-0.042176771122753975, 0.16613867320064177, 0.5001145792853636, 2367422000000, 
-0.06254130752493003, 0.14354334314809453, 0.5000326510478333, 2367428000000, 
-0.065747398815956, 0.14641897253491287, 0.5004364374742398, 2367434000000, 
-0.014598594639915306, 0.3011294011537116, 0.5002673619722096, 2367439000000, 
-0.17744322598447568, -0.1199635976947649, 0.4995931220890643, 2367444000000, 
-0.05041137827250758, 0.17987873659590137, 0.5006107406400458, 2367449000000, 
-0.003208382425352343, 0.32043104114274884, 0.499950854648256, 2367454000000, 
-0.154456855461278, -0.09775675194335928, 0.5002314786869427, 2367459000000, 
-0.0515425594787305, 0.16807253784816878, 0.5004031126400481, 2367465000000, 
-0.06545120348830141, 0.20568100981385434, 0.49982390310465524, 2367470000000, 
-0.05618118150456427, 0.11538240160319976, 0.5000904069636429, 2367475000000, 
0.008194021427265295, 0.3309008680123611, 0.5002675344881733, 2367480000000, 
-0.12302800126076092, -0.027901819092574727, 0.5003681771701161, 2367485000000, 
-0.042546609475828286, 0.15580172193781072, 0.4998207605102599, 2367490000000, 
0.03417540395288629, 0.3605665610343347, 0.5002617932653597, 2367495000000, 
-0.17086855858345767, -0.09079468066891755, 0.5000154574415023, 2367500000000, 
-0.041401555882314256, 0.16670856902598763, 0.5001670447427098, 2367505000000, 
0.043758668170494015, 0.3478410929062323, 0.49995556530910734, 2367510000000, 
-0.21587304497390264, -0.1081851030351343, 0.5002629333224649, 2367515000000, 
-0.060459301147414206, 0.15040050244080305, 0.500437687689357, 2367520000000, 
0.03866247498208464, 0.3594323463117024, 0.4999188958568025, 2367525000000, 
-0.14906471595659254, -0.05835661627704083, 0.5003999409233885, 2367530000000, 
0.014740419308520367, 0.30044203062494607, 0.5001160182757256, 2367536000000, 
-0.10872689941568356, 0.0029844195741100393, 0.5004869763792248, 2367541000000, 
-0.04207860109017812, 0.1544846952869601, 0.5000850176756684, 2367546000000, 
-0.009347336401854658, 0.324965151517864, 0.5000034926031587, 2367551000000, 
-0.1377790172455741, -0.06628734497970264, 0.5001919085027541, 2367556000000, 
-0.04712841278735775, 0.1909951875659317, 0.5002188095755191, 2367561000000, 
0.0262825857782005, 0.3337100972679895, 0.4999082208731186, 2367566000000, 
-0.15950051215555366, -0.08518943878064927, 0.4998913771890623, 2367571000000, 
-0.07256225377457862, 0.17070633120828285, 0.4998759417222184, 2367576000000, 
0.048843563426642894, 0.333161815384974, 0.5001757680391609, 2367581000000, 
-0.15338447212524123, -0.045567483010302216, 0.4998936754264177, 2367586000000, 
-0.04513668032356926, 0.17100756712095083, 0.50005827196876, 2367591000000, 
-0.04216381499241871, 0.15949025389195248, 0.49974805077360085, 2367596000000, 
-0.060173444673417995, 0.14872715907454798, 0.4998780029783853, 2367601000000, 
0.006232590103525951, 0.3192792760183442, 0.49990061796867824, 2367606000000, 
-0.15833669234136877, -0.045415947558305726, 0.49973849499242823, 2367611000000, 
-0.04126383859525757, 0.17437707158180266, 0.5005273199299111, 2367616000000, 
0.060326344581418105, 0.399382946691314, 0.5003453489831238, 2367621000000, 
-0.15592341338290622, -0.0754036938348446, 0.4998481232502315, 2367626000000, 
-0.0653847545910475, 0.13438654892107937, 0.5003155986891686, 2367631000000, 
0.004425977709005116, 0.13919944844640295, 0.4997875708395862, 2367636000000, 
-0.09079400270310435, 0.15095060503001137, 0.5002499574060421, 2367641000000, 
0.011237514836742363, 0.33304862770154386, 0.49999483461037914, 2367646000000, 
-0.11362866962802409, -0.07481986417886244, 0.4997390496866002, 2367651000000, 
-0.057610328404922334, 0.1716452804873654, 0.5001446512984987, 2367656000000, 
-0.0011884410333347604, 0.3128130792071415, 0.4995245537860574, 2367661000000, 
-0.13749346944774674, -0.03696677968837153, 0.5000090533799401, 2367666000000, 
0.011286222213318904, 0.3230066756455004, 0.49994427334336033, 2367671000000, 
-0.1468707599895715, -0.04091328606474966, 0.4998633951799358, 2367676000000, 
-0.04591895381826293, 0.1625937303916663, 0.5004234324414281, 2367681000000, 
0.03215541358546184, 0.29919588219339877, 0.5000434399230395, 2367686000000, 
-0.13385468638702963, -0.08070596098337324, 0.5000451881501656, 2367691000000, 
-0.050260111790982845, 0.14058946742611805, 0.5006595542579975, 2367696000000, 
0.059598857169963215, 0.340706190060958, 0.49968226718705605, 2367701000000, 
-0.15976480735311602, -0.013433980788032393, 0.5000961342159305, 2367706000000, 
0.03771377687892574, 0.3736421558077908, 0.5000555484437682, 2367711000000, 
-0.16530069102606762, -0.0942172348413764, 0.5001662654456701, 2367716000000, 
-0.05832404160512002, 0.1535882713988112, 0.5005892883414975, 2367721000000, 
0.025011673219468015, 0.39129065646956396, 0.49991777690523476, 2367726000000, 
-0.19878164567572063, -0.18625223678468186, 0.49995437323133257, 2367731000000, 
-0.0026638241579750536, 0.26896898052271606, 0.5000947668539987, 2367736000000, 
-0.14674910415297399, -0.034254200223696046, 0.49961671916094264, 2367741000000, 
-0.07542026486943641, 0.1528287664840869, 0.5003285335486262, 2367746000000, 
-0.007851499717596501, 0.33161573203255584, 0.5001031808270431, 2367751000000, 
-0.14480091691875582, -0.07224724558067754, 0.49998503302742736, 2367756000000, 
-0.04543130815790558, 0.18845332950521507, 0.5003182848675138, 2367761000000, 
-0.021940576082487978, 0.15674060625865335, 0.49996710905050473, 2367766000000, 
-0.10591360341881717, 0.1269388250431367, 0.5000753950139802, 2367771000000, 
0.0015954102993004544, 0.331283962305664, 0.5002799449895409, 2367776000000, 
-0.12754641677308676, -0.03483490703647928, 0.4999359257479378, 2367781000000, 
-0.04163084732545889, 0.20500125322934773, 0.5003046862785526, 2367786000000, 
0.02575541101635214, 0.34090307128506026, 0.5001741274884617, 2367791000000, 
-0.12579754585067207, -0.05002103755612488, 0.5000882276863511, 2367796000000, 
0.018275061763893173, 0.33639880419296037, 0.5000192486567989, 2367801000000, 
-0.0798943261953601, -0.010907911484913907, 0.4999937809267476, 2367806000000, 
-0.08679785032175756, 0.16663162871186193, 0.5005674682222416, 2367811000000, 
0.02289723766957227, 0.3509128535609072, 0.500127418812864, 2367816000000, 
-0.1451395513108152, -0.08180700583038521, 0.5002272345827656, 2367821000000, 
-0.07334438131853223, 0.14797046930335478, 0.5004303585717657, 2367827000000, 
-0.061273595806637104, 0.12823368721368522, 0.49986484058205904, 2367832000000, 
-0.05353255420344468, 0.13690828846002817, 0.5001811371407955, 2367837000000, 
0.012839798642085912, 0.4105753781925376, 0.5003504242925398, 2367842000000, 
-0.10191911639551501, 0.04591282440429652, 0.4998623341464368, 2367847000000, 
-0.06803962190344418, 0.15945581234243342, 0.5005105368571228, 2367852000000, 
0.01357706760395263, 0.33178731721302124, 0.4999150133930732, 2367857000000, 
-0.16375690375274696, -0.0322667699558378, 0.4998368877655179, 2367862000000, 
-0.05331186486392973, 0.1703714729941815, 0.5004393927413624, 2367867000000, 
-0.018083695491425116, 0.3167546349373908, 0.4994933188035096, 2367872000000, 
-0.11009790235993681, -0.06440631926947463, 0.5002270932819785, 2367877000000, 
-0.04952729073192533, 0.1672150159862898, 0.500298337927351, 2367882000000, 
-0.02842424139387041, 0.340399662839268, 0.4997752114808408, 2367888000000, 
-0.15309726333991966, -0.016554555860596426, 0.5003780002065542, 2367893000000, 
-0.00029667124339945346, 0.3416241833415001, 0.49999146169972125, 2367898000000, 
-0.1446367478861713, 0.010267785370581126, 0.49961368269289097, 2367903000000, 
-0.053435759547687506, 0.12778172815017716, 0.5002748666753445, 2367908000000, 
0.025543159878217373, 0.31090915378139977, 0.5000984609791046, 2367913000000, 
-0.10807904494641817, -0.017178554177267335, 0.5000278421405253, 2367918000000, 
-0.07608187950206394, 0.13649044227061158, 0.5000741832955605, 2367923000000, 
0.017095483481998963, 0.33398757400186735, 0.5002203357570463, 2367928000000, 
-0.09650671953421577, -0.034543993216794355, 0.5000154716005893, 2367933000000, 
-0.06500801240818141, 0.1390143356832883, 0.5003366292452973, 2367938000000, 
0.01016880637169326, 0.33209775116505696, 0.5004983028138978, 2367943000000, 
-0.08627554058231177, -0.023289181985030143, 0.5004129062471913, 2367949000000, 
-0.07913411252418556, 0.15309361020112416, 0.5006371061407956, 2367954000000, 
0.028565550619581395, 0.3498287099118239, 0.4998730211281198, 2367959000000, 
-0.12445228468109396, -0.08507246853588679, 0.500614437939917, 2367964000000, 
0.029209086797001217, 0.33219595680825137, 0.5004990389025017, 2367969000000, 
-0.01559394961380281, 0.21577199328082255, 0.4998343929742956, 2367974000000, 
-0.09195041618958424, 0.020510459768715062, 0.5002302279330342, 2367979000000, 
0.029989970141033426, 0.3481758582706133, 0.49983684600723854, 2367984000000, 
-0.08653300294454999, 0.14586802581224786, 0.49957682331534076, 2367989000000, 
-0.032780487554047416, 0.13908192172472866, 0.5004238957583746, 2367995000000, 
-0.13762388813439394, -0.022631192458918058, 0.4997464816515342, 2368000000000, 
-0.03733530986030678, 0.17216697248972104, 0.5001910860788438, 2368005000000, 
0.005419224349773672, 0.327430413549493, 0.5004109422843162, 2368011000000, 
-0.10857132977145775, -0.0661340191020356, 0.49991059658370307, 2368016000000, 
-0.04110282721301289, 0.163223881105333, 0.5003101220122149, 2368021000000, 
-0.060697898431489844, 0.16653564900388065, 0.5000493252249539, 2368026000000, 
-0.050262794325104714, 0.13472300023569203, 0.5004463240849624, 2368032000000, 
0.0016400340022304175, 0.35443776012510936, 0.5001574602729634, 2368037000000, 
-0.031356462650516885, 0.19044984964990996, 0.4999894931801197, 2368043000000, 
-0.08935344228911413, 0.002170700545358655, 0.5001307979663343, 2368049000000, 
-0.015179067228697444, 0.24541695236820912, 0.5001288652335318, 2368054000000, 
-0.12129425594434694, -0.08070127850386402, 0.5001733447875383, 2368059000000, 
-0.05199361729256592, 0.15678919231696903, 0.5005571725305457, 2368064000000, 
0.04064153510591112, 0.37733182036927376, 0.49931963511512023, 2368069000000, 
-0.11728368685140524, -0.035006347659207376, 0.49980432812974973, 2368074000000, 
-0.018981910178626757, 0.2944601475290222, 0.4997776876360045, 2368079000000, 
-0.10562883301960137, 0.001536338499300214, 0.5000471790608252, 2368084000000, 
-0.07802932933300649, 0.20397426226406318, 0.5003255344436474, 2368089000000, 
0.0012896873278820387, 0.34906416293149256, 0.5001152002081568, 2368094000000, 
-0.10696106172713192, -0.059511251320763556, 0.5000789300084664, 2368100000000, 
-0.04381578272982825, 0.18020874026566158, 0.5002183486569614, 2368105000000, 
0.0026511039922649388, 0.30898029700245416, 0.49955557100763154, 2368110000000, 
-0.17832792724849708, -0.09771736515701543, 0.4998262724824701, 2368115000000, 
-0.03643039065362351, 0.16299734604103303, 0.5007999213403803, 2368120000000, 
-0.04878633449278791, 0.14026886345328074, 0.49994289576878326, 2368125000000, 
-0.08025577055265816, 0.12399803451654172, 0.5002938681632187, 2368130000000, 
-0.0027527342718776816, 0.29528502689494207, 0.5002972965835769, 2368135000000, 
-0.12448417152708219, -0.045151859587972784, 0.49989513632686217, 2368140000000, 
-0.05596655821173627, 0.16368289264977232, 0.5005871238210865, 2368145000000, 
0.003110200735281359, 0.33087335740037443, 0.4998104319115752, 2368150000000, 
-0.11592499832082839, -0.057546348861183684, 0.5002079322195281, 2368155000000, 
-0.05799758983962563, 0.18656457554306166, 0.5004515536054411, 2368160000000, 
-0.017389849059447224, 0.1539389517099094, 0.49989118615588984, 2368165000000, 
-0.07078162395014805, 0.14714071673780663, 0.5000401506266291, 2368170000000, 
0.016737160632636992, 0.34900490386481153, 0.49959551799242696, 2368175000000, 
-0.1165493902883829, -0.05250117977706605, 0.5000049119578974, 2368180000000, 
-0.05245488936769102, 0.17762930046850303, 0.5000142154545776, 2368185000000, 
0.024548363338054137, 0.32622902236882256, 0.5002036078625534, 2368190000000, 
-0.1270665988608603, -0.030380878996132923, 0.5002289070744517, 2368195000000, 
-0.0012548756530740288, 0.3344969650912717, 0.5002461897514151, 2368200000000, 
-0.110518143301477, 0.00787574444570828, 0.5000908184597914, 2368205000000, 
-0.05123853910250357, 0.1613468750307092, 0.5000957508477523, 2368210000000, 
0.040599792454747596, 0.40590703021411234, 0.5001819702365979, 2368215000000, 
-0.10701350125210338, 0.01944259602903245, 0.5003000090963278, 2368220000000, 
-0.04806144551908403, 0.15248963237241633, 0.5000974465031229, 2368225000000, 
0.04089749281486567, 0.39443208176317485, 0.4999884907017826, 2368230000000, 
-0.11995165993910276, -0.043311839238940844, 0.4998396690212415, 2368235000000, 
-0.08253866874170407, 0.1629154458727082, 0.5003598529025743, 2368240000000, 
0.012528802775456614, 0.3618383308355718, 0.4995790557243077, 2368245000000, 
-0.13810016069510805, -0.05087612152577857, 0.49996418571459067, 2368250000000, 
-0.05878661243004052, 0.168612257952687, 0.500283913291661, 2368255000000, 
0.0231666393618366, 0.34596707389902437, 0.49962418759458277, 2368260000000, 
-0.11751487854995965, -0.02467628176897509, 0.49987218726154364, 2368265000000, 
-0.04370456373461291, 0.192030920957299, 0.5004424266593392, 2368270000000, 
0.010854116951224757, 0.33407278974162113, 0.5000818017182406, 2368275000000, 
-0.1022202405326237, -0.041085771961560304, 0.49976965366376774, 2368280000000, 
-0.05504718783986821, 0.137371085040095, 0.5001028675823174, 2368285000000, 
-0.011013098680258272, 0.30607612697408865, 0.4999683977679028, 2368290000000, 
-0.1328638795299307, -0.05368739213275647, 0.5000358316422178, 2368295000000, 
-0.08881779359856282, 0.17245322901619717, 0.5001952190747162, 2368300000000, 
0.020514718921108177, 0.3045026164372597, 0.49963736817177057, 2368305000000, 
-0.09884611055541521, -0.04121947800480428, 0.49983573332752723, 2368310000000, 
-0.06445842945092235, 0.19607135225820035, 0.5003597900522466, 2368315000000, 
-0.03871326023691287, 0.12374765247976713, 0.4998136274107833, 2368320000000, 
-0.0758732391545355, 0.15653916489244485, 0.5004285475176274, 2368325000000, 
0.017642113219359212, 0.29884914508327426, 0.5002214974265082, 2368331000000, 
-0.11568274418597249, -0.027179047556827644, 0.500504303659703, 2368336000000, 
0.010878153938322303, 0.2609482675585362, 0.4998570055356598, 2368343000000, 
-0.13600025673898666, -0.0890678073271948, 0.5000710464647805, 2368348000000, 
-0.06992497266859914, 0.1682567926451796, 0.5003463201993935, 2368355000000, 
-0.03444596700750951, 0.1286323902810846, 0.49983564764805777, 2368360000000, 
-0.0429065758034824, 0.1749746423180103, 0.4996168395704834, 2368365000000, 
0.016806696185207234, 0.2969915385105474, 0.4999956483190073, 2368370000000, 
-0.09452207625034045, -0.026203349032137783, 0.4998906407680548, 2368376000000, 
-0.0026601839136664407, 0.3229315488053822, 0.4998716807870512, 2368381000000, 
-0.10215933743887647, -0.009177825813500216, 0.49987790854843106, 2368386000000, 
-0.05878808082058062, 0.1509582011908654, 0.5001104383842787, 2368391000000, 
-0.011117523368674088, 0.30291295194240125, 0.4999458030055967, 2368397000000, 
-0.1378712281947571, -0.09205275011128437, 0.5002924087775288, 2368402000000, 
-0.060890257389661195, 0.15939884336261323, 0.5001262926372635, 2368407000000, 
-0.05781097210991888, 0.15605993205846677, 0.49998102550725626, 2368412000000, 
-0.05851211390745449, 0.1548608279106594, 0.5003197650250841, 2368417000000, 
-0.0037184954650171134, 0.28464323202268293, 0.5001638481128741, 2368422000000, 
-0.13037839304268795, 0.0021309539236489157, 0.4999146882710649, 2368427000000, 
-0.08645830376136777, 0.17645095768819752, 0.5000624248351162, 2368432000000, 
0.0228484099534296, 0.3495841397409923, 0.5000585720652599, 2368437000000, 
-0.1090157427451759, -0.010223653032426512, 0.5002640692831481, 2368442000000, 
-0.044301034671120766, 0.14532354759011368, 0.5001734064338156, 2368447000000, 
0.01759816984338488, 0.3056215763631541, 0.49964068967674113, 2368452000000, 
-0.10060516914624884, -0.03192799825526509, 0.5003084365109173, 2368457000000, 
-0.0632851444372866, 0.16754157671581404, 0.5002473868732359, 2368462000000, 
0.0011207452622661648, 0.30828491281439857, 0.499932855683964, 2368467000000, 
-0.15664529846638167, -0.03082821804132326, 0.49982371364148986, 2368472000000, 
-0.0154458828443779, 0.3043904869508378, 0.5000086218223978, 2368477000000, 
-0.11457018409031192, -0.034418301243195074, 0.49960724956107516, 2368482000000, 
-0.05506972163595477, 0.17263845106444634, 0.4998453071921764, 2368487000000, 
0.034961517574391476, 0.3243179246830444, 0.4996530264712573, 2368492000000, 
-0.1286753035473352, -0.05619938229879033, 0.49996005475902433, 2368497000000, 
-0.008840379568473375, 0.3083239035070995, 0.5000926377150005, 2368503000000, 
-0.15540922342661254, -0.11647258373114838, 0.4996774333918235, 2368508000000, 
-0.049055065431643244, 0.15227847346378912, 0.5002121743963049, 2368513000000, 
0.021263768680863132, 0.29056745237758275, 0.5001027342350537, 2368518000000, 
-0.1203229080222877, -0.02915278349498667, 0.5002094046572789, 2368523000000, 
-0.05552629931565652, 0.13460461431904672, 0.5002218908856308, 2368528000000, 
-0.04530582767818564, 0.1513824782285547, 0.5000334290892872, 2368533000000, 
-0.08040345647046786, 0.15895299480920136, 0.499744792480995, 2368538000000, 
0.02098128440861846, 0.3078572623613545, 0.5001431506684226, 2368543000000, 
-0.11130932805071028, -0.04574004653403392, 0.49991536833879385, 2368549000000, 
-0.03962073249844552, 0.15617894973877455, 0.5003713764544379, 2368554000000, 
0.03202431670871337, 0.3233618846544172, 0.49963900495716396, 2368559000000, 
-0.10700691043335353, -0.06718700994801377, 0.5001751351480216, 2368564000000, 
-0.02151066713373237, 0.1666416643314289, 0.5002187980309195, 2368569000000, 
0.03436682720136102, 0.34687471227124467, 0.5002453136184556, 2368575000000, 
-0.10915773163810606, 0.010897051838487305, 0.5001941516891021, 2368580000000, 
-0.01692068189919063, 0.18340388088595766, 0.5001870177750245, 2368585000000, 
0.016082178127422266, 0.30048529434956767, 0.5000629638331621, 2368590000000, 
-0.1197447176807108, -0.022345185577804627, 0.500105976362199, 2368595000000, 
-0.05163024646734187, 0.15723008605123726, 0.5003679194428043, 2368600000000, 
0.042547676552024294, 0.3792685694862085, 0.500362147533507, 2368605000000, 
-0.11416614134335225, 0.058649167951854875, 0.49985569958965165, 2368610000000, 
-0.04209169082168513, 0.17677569937720256, 0.5008629707522556, 2368615000000, 
0.05091241985152756, 0.4455183611059102, 0.5002367401805204, 2368620000000, 
-0.10012118387918915, 0.07262042487093498, 0.4998983646176247, 2368625000000, 
-0.031301272549077476, 0.18491213556623418, 0.5000891483816484, 2368630000000, 
0.035028808460428495, 0.29734801727472776, 0.5000327624498775, 2368635000000, 
-0.11982010809465836, -0.006827932412592061, 0.5003463388963146, 2368640000000, 
-0.016249750258300923, 0.25905299183000596, 0.5006727149574501, 2368645000000, 
-0.13120905428613722, -0.011406294561514627, 0.5002011308462128, 2368650000000, 
-0.042132715428880335, 0.14649811334139404, 0.5003787397314886, 2368655000000, 
0.01060581130620792, 0.2784088585664275, 0.499958185420412, 2368660000000, 
-0.1156002747258821, -0.014241072926189383, 0.5000275697922005, 2368665000000, 
-0.057901775878480055, 0.14056531553376567, 0.5002652453555546, 2368670000000, 
-0.05955386327340323, 0.13740852258603165, 0.5000806715633206, 2368675000000, 
-0.06660924554798922, 0.14318634613367195, 0.5002382557464762, 2368680000000, 
0.024264301608711302, 0.2980540442379764, 0.4999278209830709, 2368685000000, 
-0.14335392876049863, -0.02542308099891472, 0.5000761540972881, 2368690000000, 
-0.06131223298417086, 0.16527288218474728, 0.5002303721818392, 2368695000000, 
0.031590848437603986, 0.284023250188122, 0.5000064545035191, 2368700000000, 
-0.13160732646191348, 0.007248127149101348, 0.49973173218313954, 2368705000000, 
0.0038669108908691557, 0.2761796880949784, 0.500196058842193, 2368710000000, 
-0.11222184064318295, 0.03857928013587957, 0.49994003577772644, 2368715000000, 
-0.06898561757960678, 0.14925533605902602, 0.50015510634633, 2368720000000, 
0.007488938892704257, 0.28665115616615694, 0.4995562906070786, 2368725000000, 
-0.13888063184852226, -0.0014713290026633088, 0.5002032960609974, 2368730000000, 
-0.06045906283578822, 0.1808057048589316, 0.5004890141425802, 2368735000000, 
-0.08161195423413749, 0.13953980643422456, 0.5004528774674384, 2368744000000, 
-0.05833694031671253, 0.19074163469120045, 0.5002050231660147, 2368749000000, 
-0.046565099173249844, 0.1168312098558439, 0.5000140732613061, 2368754000000, 
-0.0651396855629103, 0.17048753501776917, 0.5001679079115923, 2368759000000, 
0.0076402952403786945, 0.25233486419235823, 0.5002111016717025, 2368765000000, 
-0.11627153482398128, -0.01813413200503098, 0.5000553769207994, 2368770000000, 
-0.0489688971796957, 0.15589093394299527, 0.5001656912674591, 2368775000000, 
-0.0026118186598412686, 0.2634003728927274, 0.5001904147046892, 2368780000000, 
-0.09861644989368425, -0.0012609627453302684, 0.49999445836564943, 2368785000000, 
-0.08436539862707937, 0.15756707189507543, 0.5001880813938462, 2368790000000, 
0.020897690991135212, 0.2756620621620407, 0.4995973168414977, 2368795000000, 
-0.12434375406417039, 0.015936348796524936, 0.4999146857269787, 2368800000000, 
-0.06711871544908724, 0.15743181948043708, 0.5000707240616973, 2368805000000, 
-0.06390215901968221, 0.13120386439186243, 0.5001495732114898, 2368810000000, 
-0.0774104745100607, 0.18951028349318103, 0.5001611799561532, 2368815000000, 
-0.012265370493800914, 0.31544064529007065, 0.5000629621723227, 2368820000000, 
-0.09925665818536246, 0.002466697359337533, 0.4999304266927875, 2368825000000, 
-0.041279543834456936, 0.1752664036963279, 0.4997775820377612, 2368830000000, 
0.021954461504775813, 0.3566765941568, 0.5002564640535334, 2368835000000, 
-0.08751641034808719, 0.06291486706322483, 0.4998875629620059, 2368840000000, 
0.004468210820983719, 0.2851414911104941, 0.4999471742411138, 2368845000000, 
-0.10986776259632948, 0.021459642072590573, 0.5000254839566768, 2368850000000, 
-0.06796575014896664, 0.14653201222257412, 0.5003420279848082, 2368855000000, 
-0.02068195166361134, 0.29807328382643256, 0.49994126273617107, 2368860000000, 
-0.11958341618414717, -0.01009630081859093, 0.5000302370864507, 2368865000000, 
-0.07609820696608112, 0.15586426132747486, 0.5001410041386098, 2368870000000, 
-0.08897350350235811, 0.14576850340942674, 0.4995733956583825, 2368875000000, 
-0.08364192925530639, 0.16313006537743943, 0.500087477763992, 2368881000000, 
0.014198385915672195, 0.24509596943176068, 0.5000764320569923, 2368886000000, 
-0.1303429362719825, 0.0039082025217967425, 0.5003403695303679, 2368891000000, 
-0.0314755164505906, 0.29742715489650007, 0.500079012558669, 2368898000000, 
-0.12139455518416473, 0.0023093610463665046, 0.4999273119651464, 2368903000000, 
-0.03707733692745051, 0.16499451909624036, 0.500205162669945, 2368908000000, 
-0.07760173496359483, 0.14639594920001742, 0.5002003664258377, 2368913000000, 
-0.030440650487248, 0.11929339560821794, 0.50042188320812, 2368918000000, 
0.013044280295118858, 0.27977294782933193, 0.500078384828994, 2368923000000, 
-0.07390590521226456, 0.035847847111625766, 0.5002058804828058, 2368928000000, 
-0.06041916669617166, 0.1536161026658517, 0.4999419587342696, 2368933000000, 
0.009424284409541722, 0.2643141648304968, 0.49971566282611124, 2368938000000, 
-0.1378574125079634, 0.028492164018634598, 0.5000179115991756, 2368943000000, 
-0.04401138076256672, 0.1441918052891519, 0.5000695976552075, 2368948000000, 
-0.04632889762599366, 0.17537385062801922, 0.4999485207754454, 2368953000000, 
-0.057931881472977884, 0.16158087322824358, 0.500136292352241, 2368958000000, 
-0.019241957396298297, 0.2673292047988807, 0.49972853686665664, 2368963000000, 
-0.0965109850883977, -0.015765381439625102, 0.49992693206365246, 2368968000000, 
-0.029665190010245764, 0.15941336727213018, 0.5001336369285718, 2368973000000, 
-0.06337250744108743, 0.13386377419036402, 0.5000559388996044, 2368979000000, 
-0.04804474061580259, 0.16176240858502552, 0.5001133500602413, 2368984000000, 
-0.03527730010755012, 0.24997884718918884, 0.49999794719568863, 2368989000000, 
-0.14272053069415863, -0.01411555266792033, 0.4999763738863791, 2368994000000, 
-0.0467180872743983, 0.15734862902051738, 0.5001485861874814, 2368999000000, 
-0.06631427606561777, 0.1617324373450759, 0.5004584978677198, 2369007000000, 
-0.06055912206548061, 0.15782253635227028, 0.500421124142848, 2369012000000, 
-0.03136053525721734, 0.26076334215840496, 0.5001860862325326, 2369017000000, 
-0.12269480192490567, 0.012398786716545577, 0.5000055870193969, 2369022000000, 
-0.03994615937718439, 0.16467791310484572, 0.5005223719505266, 2369027000000, 
-0.03678887471428026, 0.11226546475671743, 0.5002014283528576, 2369032000000, 
-0.04987963664129064, 0.16874346718770053, 0.5000714432402736, 2369037000000, 
-0.005267987747105523, 0.2966860828554402, 0.5000554759262181, 2369042000000, 
-0.07934818961470666, -0.002152252156077653, 0.4999395228669647, 2369047000000, 
-0.05454335162020352, 0.1584317816705338, 0.5004154108495668, 2369052000000, 
-0.040876672154172414, 0.2634145266689109, 0.5000686271666952, 2369057000000, 
-0.09177355161031453, 0.026326735243607645, 0.49998153850178345, 2369062000000, 
-0.030216048005969123, 0.25271317565764995, 0.5001454752006086, 2369067000000, 
-0.10058025756827912, 0.015182471329986876, 0.49973066525697574, 2369072000000, 
-0.08291102189580987, 0.16158394220682248, 0.5005274153808255, 2369077000000, 
-0.023460204544931994, 0.26072442651580297, 0.4998211187063845, 2369082000000, 
-0.10111239488259664, 0.00977506426549976, 0.5001152760433742, 2369087000000, 
-0.06588146459019752, 0.1740462736250574, 0.5001520020739695, 2369092000000, 
-0.04525760369594357, 0.1378853318080281, 0.4995029212186481, 2369097000000, 
-0.06844965890588577, 0.12734139874777972, 0.49995316991271566, 2369102000000, 
-0.007006212765241446, 0.30740916424690556, 0.5003139555613083, 2369107000000, 
-0.07472103864099386, 0.02879979942187863, 0.5002924028648066, 2369112000000, 
-0.05661692827082262, 0.17722833172891825, 0.5004012365139693, 2369117000000, 
-0.0018572499082329039, 0.2391807272470689, 0.49995453007705015, 2369122000000, 
-0.10261493874592581, 0.016636390415385872, 0.5000488068616881, 2369127000000, 
-0.06773387746500657, 0.17300667596869176, 0.49993982012453525, 2369132000000, 
-0.026483810190154687, 0.2678651315128688, 0.49992858877720764, 2369137000000, 
-0.09213199217531205, 0.03725561279232887, 0.500183997012821, 2369142000000, 
-0.07637992840193986, 0.1546562097353445, 0.5002263457870452, 2369147000000, 
0.0035167569252306796, 0.42462420051512584, 0.4999762369869012, 2369152000000, 
-0.060668652981670665, 0.07569625157700717, 0.499992121081618, 2369157000000, 
-0.04368861284206366, 0.16664308596301294, 0.5002592794179744, 2369162000000, 
0.024503898194774568, 0.3023382203708908, 0.49991406322736853, 2369167000000, 
-0.0742262921042297, 0.03909794296744183, 0.5003737851955735, 2369172000000, 
-0.02946197978325633, 0.1818798665725097, 0.5001451193433957, 2369177000000, 
-0.012051505114089355, 0.24004727579773386, 0.4996754797852657, 2369182000000, 
-0.1311137982052996, 0.009870896142795557, 0.5002649142439025, 2369188000000, 
-0.03861911203232362, 0.15393683131903604, 0.5006616956310047, 2369193000000, 
-0.0519708997926924, 0.15686007542322566, 0.5000606482403556, 2369200000000, 
-0.03432236056418613, 0.15204673158456422, 0.5003494367944493, 2369205000000, 
-0.022654782962325586, 0.26976313116603845, 0.5001180628437454, 2369210000000, 
-0.06774633442967133, 0.13356674387414183, 0.49998597345979673, 2369215000000, 
-0.08930704499825973, 0.06467765430643718, 0.5001141511167341, 2369220000000, 
0.021995641215278548, 0.2504847759319823, 0.5000174071310947, 2369225000000, 
-0.08968826417291682, -0.025906391747612265, 0.49992108210042674, 2369230000000, 
-0.029587648273522303, 0.13313154006924427, 0.500411261419043, 2369235000000, 
-0.0053305083598685354, 0.2860892907147175, 0.49992177993714637, 2369240000000, 
-0.07904072034518995, 0.01423983214506378, 0.4999274447739461, 2369245000000, 
-0.07004445188834295, 0.175822966079559, 0.5001926066038077, 2369250000000, 
-0.01569222609171236, 0.29330027911220063, 0.5003886638935192, 2369255000000, 
-0.09905119719240635, 0.005106495721686828, 0.49988177068572065, 2369260000000, 
-0.07774579628940592, 0.16698844248934663, 0.49988115322354376, 2369265000000, 
-0.004709724349706918, 0.2645963937356941, 0.4998603225550271, 2369270000000, 
-0.08406893858593742, 0.013778867689984774, 0.5002201121599679, 2369275000000, 
-0.050449589609822314, 0.14633589296652333, 0.5001841451496543, 2369280000000, 
-0.07089377099036188, 0.12589293892172027, 0.49988113492984365, 2369290000000, 
-0.025474542682782753, 0.217240523459194, 0.5000565203831256, 2369295000000, 
-0.10648216680794953, 0.031704258795825925, 0.49988857491990024, 2369300000000, 
-0.07353173847686123, 0.1774806399290747, 0.49994380964479196, 2369305000000, 
-0.03710384562506107, 0.26389588496811783, 0.4999725078646302, 2369310000000, 
-0.10765941124143845, 0.04325112968360492, 0.5001774750505387, 2369315000000, 
-0.0572030962439137, 0.1508574884102662, 0.5002723341523627, 2369320000000, 
-0.030865000082117837, 0.24498795538823778, 0.5000176732325711, 2369325000000, 
-0.08074331747711756, 0.008135219138957674, 0.5003112719618451, 2369330000000, 
-0.057672530282056586, 0.18128326695461053, 0.5004395168350664, 2369336000000, 
-0.06918181404757373, 0.151843515777797, 0.4999416212494164, 2369341000000, 
-0.03827083943468409, 0.1497611943663712, 0.5002234119582062, 2369346000000, 
-0.018941894065081732, 0.27723000133394693, 0.5002424030150345, 2369351000000, 
-0.08658254903596796, -0.017306435310538493, 0.49951222029672343, 2369356000000, 
-0.04798256149394799, 0.17347219225645066, 0.5001514456245918, 2369361000000, 
-0.0258239989941994, 0.25469634199408114, 0.4999079173358708, 2369366000000, 
-0.09278648370367727, 0.03694572972454281, 0.5002458284508511, 2369371000000, 
-0.055334960762660576, 0.1631780168593348, 0.5000470485199893, 2369376000000, 
-0.0497625792771288, 0.2681489067520521, 0.4998986418436048, 2369381000000, 
-0.07156554435174821, 0.036154436012897966, 0.49999849188477147, 2369386000000, 
-0.05608308008565301, 0.14794531591580573, 0.5001998483483189, 2369391000000, 
-0.016199696341745777, 0.1349898493050332, 0.49991550402355117, 2369396000000, 
-0.03993609184984888, 0.12948854809060972, 0.49997741798435574, 2369401000000, 
-0.03460872340055037, 0.23423821083591298, 0.5002655993065972, 2369406000000, 
-0.09729211442902813, 0.032347834285505375, 0.4999644648699123, 2369411000000, 
-0.06527634640281982, 0.15376501434806453, 0.5002196260256234, 2369416000000, 
-0.026664745163145674, 0.27109368547440477, 0.4997952547010777, 2369421000000, 
-0.08689236717177817, 0.008470172024910006, 0.5003417721009575, 2369426000000, 
-0.07430006690544591, 0.16446100611640077, 0.5002363256423111, 2369431000000, 
-0.039728180456320414, 0.2846500397400466, 0.4997248650889027, 2369436000000, 
-0.06954023728677508, 0.012524264886757884, 0.4998764353646597, 2369441000000, 
-0.04966419010317034, 0.15213484808121822, 0.5003779057661187, 2369446000000, 
-0.05454328282538336, 0.2606534438182455, 0.4998257353507944, 2369451000000, 
-0.09168012076982493, 0.0449165710858168, 0.5000994963178349, 2369456000000, 
-0.06229682295207941, 0.25620024854745926, 0.4999904663724385, 2369462000000, 
-0.07839876089897063, 0.03810604742109823, 0.5000730070738664, 2369467000000, 
-0.0687578854032592, 0.16505058803584252, 0.5003426773189119, 2369472000000, 
-0.09739573573310872, 0.17547735313475343, 0.49979564091400863, 2369479000000, 
-0.037367982933827745, 0.16739667874211137, 0.5001104121776901, 2369484000000, 
-0.028002668720532475, 0.28507085772260116, 0.5000025474377928, 2369489000000, 
-0.08283724076889194, 0.0062007909158277525, 0.4997061736582372, 2369494000000, 
-0.06702160763634912, 0.14283455968402117, 0.5003957221406639, 2369499000000, 
-0.02591181603181966, 0.2416489619549439, 0.4996379831250151, 2369504000000, 
-0.10077592835700497, 0.010273749996644488, 0.5000126709493445, 2369509000000, 
-0.005051232893423845, 0.26408147562078726, 0.5000574122007416, 2369514000000, 
-0.07716641556420283, 0.055225908280376074, 0.4993112313786675, 2369519000000, 
-0.04058007811007303, 0.15473065722786544, 0.5006180795940915, 2369524000000, 
-0.04175839063319201, 0.24292656996998774, 0.5002717905793185, 2369529000000, 
-0.09761903374123242, 0.013548572877224425, 0.5000980794561253, 2369534000000, 
-0.02348229395188012, 0.14500824145518978, 0.5003438030098059, 2369539000000, 
-0.028467361624812615, 0.3042245499871863, 0.49977516677122896, 2369544000000, 
-0.08076288363764601, 0.04589992076135299, 0.49969482911164415, 2369549000000, 
-0.06680189778835136, 0.1638499581033957, 0.5001769340836494, 2369555000000, 
-0.060698539072824464, 0.15053556558116404, 0.49995692493285593, 2369561000000, 
-0.035632299281020366, 0.1257611059398253, 0.500158118077412, 2369566000000, 
-0.0359210158550711, 0.24769172153721808, 0.5000128756991059, 2369571000000, 
-0.052400936736678075, -0.049612325562561635, 0.4998245470748302, 2369576000000, 
-0.053464437259411156, 0.19125521950010133, 0.5001197465366396, 2369581000000, 
-0.01109849677490288, 0.274947621142406, 0.4996906231098188, 2369587000000, 
-0.07820535845814293, 0.02978674860811722, 0.5003038193223491, 2369592000000, 
-0.0401780828186067, 0.15286457741335063, 0.5005947858751997, 2369597000000, 
-0.015242578655580461, 0.27739833219910803, 0.49981078518838334, 2369602000000, 
-0.06064795173624761, 0.013790967236314716, 0.5000915761647139, 2369607000000, 
-0.032875044020185554, 0.20553671834546464, 0.5003695658275713, 2369612000000, 
-0.05849305920138355, 0.26455892871452125, 0.49976015105179256, 2369617000000, 
-0.07807679535273082, 0.014120609508540344, 0.5000171776051924, 2369622000000, 
-0.06408403418658364, 0.1705824758225082, 0.5000680709927474, 2369627000000, 
-0.03042152236348974, 0.2597260630806648, 0.5001993773076273, 2369632000000, 
-0.06391104886657176, 0.023765079734391986, 0.5002782245637505, 2369637000000, 
-0.033235786218760215, 0.1837072907184787, 0.5004763894033073, 2369642000000, 
-0.03996229658026229, 0.23337525840115467, 0.500058415497421, 2369648000000, 
-0.0811593653991557, 0.06500366839714221, 0.500066988149454, 2369653000000, 
-0.02801249296278123, 0.2306353739617125, 0.5003974672982677, 2369661000000, 
-0.06848467507472879, 0.05703264279310509, 0.5002899645038307, 2369666000000, 
-0.025550294581889395, 0.2602299383445661, 0.5006449333170644, 2369671000000, 
-0.09490636529053109, 0.018154627809416218, 0.5000156140373584, 2369676000000, 
-0.062028467570757154, 0.17128007049392655, 0.5004449506524866, 2369681000000, 
-0.03691884563136566, 0.2857562805031003, 0.49989203532048604, 2369686000000, 
-0.0378106816597986, 0.008340967641008338, 0.49994191542637734, 2369691000000, 
-0.058249690340878554, 0.1596354026400006, 0.5005774907068492, 2369696000000, 
-0.05528541225918126, 0.17219591399143702, 0.4999159422085207, 2369701000000, 
-0.058230628192027616, 0.14165520963699244, 0.5002520254865083, 2369706000000, 
-0.03714339077017361, 0.25914950671184817, 0.5000235894283779, 2369711000000, 
-0.06569570646913937, 0.010888065637528525, 0.49988437706357336, 2369716000000, 
-0.044380190118101626, 0.15176168292074613, 0.5000522063740537, 2369721000000, 
-0.03682300321426242, 0.26105321173694246, 0.49965546008010536, 2369726000000, 
-0.08353860838163929, 0.020976999477133513, 0.5001498486452056, 2369731000000, 
-0.09720523638487519, 0.26691854566194556, 0.49979670363069884, 2369736000000, 
-0.10150815142120037, 0.009603126568754828, 0.4998245955778549, 2369741000000, 
-0.06973327273589364, 0.15211908794784082, 0.5002503244021399, 2369746000000, 
-0.06460631165651914, 0.12907922177364822, 0.5005769672806052, 2369751000000, 
-0.09622822632030706, 0.14141803085786844, 0.5000387012544317, 2369756000000, 
-0.04752447680545864, 0.17817887607630906, 0.5001248485527651, 2369762000000, 
-0.03140734812415203, 0.2724927723577637, 0.49979933072632426, 2369767000000, 
-0.08754220998682413, 0.04308995971527914, 0.5004760100209217, 2369772000000, 
-0.07145050964689076, 0.15889979287036393, 0.5005131905899693, 2369777000000, 
-0.012448806662037532, 0.3170279511629053, 0.5001077267741699, 2369782000000, 
-0.08785029548520457, 0.03966675331283877, 0.5001361413541865, 2369787000000, 
-0.04334518610967014, 0.1582473970409329, 0.4999934306943208, 2369792000000, 
-0.06125462788561561, 0.14536260147401495, 0.5000086757417935, 2369797000000, 
-0.02352592153621801, 0.20527882947497547, 0.4999833476650782, 2369808000000, 
-0.03973999579046826, 0.06382492481010793, 0.5001000697986497, 2369813000000, 
-0.0411131695248098, 0.1526225367559187, 0.5004281626274434, 2369819000000, 
-0.0558142547397001, 0.1500315869004752, 0.5000589051113555, 2369825000000, 
-0.06458007015681987, 0.14920846648608793, 0.5000674413606309, 2369830000000, 
-0.05291877066871786, 0.13051817314884, 0.5000883010658879, 2369835000000, 
-0.09670565781903614, 0.18034046370434903, 0.5000354970578699, 2369840000000, 
-0.02643881932085628, 0.2631996838186907, 0.4997374876451643, 2369845000000, 
-0.06585489459289623, -0.006957385534746795, 0.49983021587405485, 2369850000000, 
-0.06434722116244118, 0.1593674370531917, 0.5008477958050301, 2369855000000, 
-0.026169898636012066, 0.15830663620364116, 0.4999397458040751, 2369860000000, 
-0.05798988600825244, 0.1471458390846472, 0.49994531127876213, 2369865000000, 
-0.03534405377328305, 0.2738522430585985, 0.5003348711688648, 2369870000000, 
-0.08512675806982274, -0.054522969048001683, 0.4999476879778445, 2369875000000, 
-0.05998963750919952, 0.1775057877202678, 0.5003062975804611, 2369881000000, 
-0.05430420109621951, 0.14531788926742883, 0.4999422594741945, 2369886000000, 
-0.0464958935535604, 0.15223063528267938, 0.5000439522989407, 2369891000000, 
-0.05454117324667831, 0.2897038684600558, 0.5004703765382812, 2369896000000, 
-0.10087368300941482, -0.0026935299360672134, 0.49998268608118895, 2369901000000, 
-0.04216066190511361, 0.12525503674166122, 0.499970349170611, 2369906000000, 
-0.010761368389385531, 0.20944063388073403, 0.4995701845420795, 2369913000000, 
-0.05623663900434861, -0.025722359673850143, 0.49972146249657995, 2369918000000, 
-0.0462070136959577, 0.17200008621658622, 0.50011513306976, 2369923000000, 
-0.017013030917256058, 0.2756190735344129, 0.49966611351845663, 2369929000000, 
-0.11431760069135563, 0.005878507941374236, 0.5002705110087208, 2369934000000, 
-0.049907650050784694, 0.13342748573460622, 0.500453065574619, 2369939000000, 
-0.06769949253126639, 0.16688754688973484, 0.49961962528493337, 2369945000000, 
-0.0484177070554368, 0.14688223360307745, 0.5001928302682582, 2369950000000, 
-0.03378387171207167, 0.24800523938115804, 0.500243386260922, 2369955000000, 
-0.03852186202713929, 0.1890792159027927, 0.4995401885749205, 2369960000000, 
-0.07665276744676687, -0.045903887896116796, 0.5000290051365743, 2369965000000, 
-0.03569089657674719, 0.14538788587125526, 0.5008091218215641, 2369970000000, 
-0.04730149069482428, 0.14695001047393347, 0.4997194552273275, 2369975000000, 
-0.05404511185924333, 0.13778385319445843, 0.5002521456306842, 2369980000000, 
-0.009813111405304921, 0.18798322831528966, 0.500371133373387, 2369985000000, 
-0.06115899981921889, 0.11915859714119012, 0.5001201395018197, 2369991000000, 
-0.044406771471976574, 0.18831886096329933, 0.49990768874214014, 2369996000000, 
-0.03096426225099969, 0.30914374842243414, 0.4999891722981182, 2370001000000, 
-0.077820608575389, -0.06872758868490705, 0.5001881395238427, 2370006000000, 
-0.04140458189165577, 0.18272652359165578, 0.5003582197712838, 2370011000000, 
-0.046052110880358356, 0.24193545895416174, 0.4996855309880514, 2370016000000, 
-0.0954937029752076, 0.007836686962608662, 0.5002943784920116, 2370021000000, 
-0.023303115074114273, 0.2601928085117214, 0.5003588526759116, 2370026000000, 
-0.09600866578703263, -0.0057347975290391665, 0.5003717835634945, 2370032000000, 
-0.07599912998926914, 0.13435675902611324, 0.5004365240756777, 2370037000000, 
-0.036817231195473026, 0.28175714466583507, 0.4998953342112085, 2370042000000, 
-0.0890361234081387, 0.008860850159566442, 0.5002447631815683, 2370047000000, 
-0.02335536022685401, 0.27355732883776684, 0.5002414598062556, 2370052000000, 
-0.06617700485745713, 0.0065636661498808205, 0.5000372404037084, 2370057000000, 
-0.04023272474499291, 0.1705730691608373, 0.5001757361036501, 2370062000000, 
-0.013032486421088986, 0.29310158709880607, 0.5000003242864197, 2370068000000, 
-0.04575413157635527, -0.0005102185187598196, 0.49991192085355546, 2370073000000, 
-0.06625517967023185, 0.15053021573530592, 0.5005820686413448, 2370078000000, 
-0.06451509574660932, 0.13594983971063201, 0.5002008433623122, 2370083000000, 
-0.07317651934378688, 0.16091403198211623, 0.5000860121115641, 2370088000000, 
-0.06262215851927043, 0.25705789865211554, 0.5001580452595222, 2370093000000, 
-0.08755816580799586, -0.00403246861714791, 0.49958444694902165, 2370098000000, 
-0.05350593753669414, 0.1582472651700824, 0.49997844705825717, 2370103000000, 
-0.060905344929254174, 0.2952395768916541, 0.5001624672353576, 2370108000000, 
-0.1077865404697976, -0.07793856672725298, 0.49982177756175356, 2370113000000, 
-0.054869186709920865, 0.16245063357387493, 0.5004970073122037, 2370118000000, 
-0.033735260460414536, 0.3355525123337794, 0.500102837149545, 2370123000000, 
-0.0771761522032687, -0.016267645934346268, 0.5002341941061696, 2370128000000, 
-0.01735216852196389, 0.14725077768036143, 0.5005382684384128, 2370133000000, 
-0.009192905257288539, 0.33445096153686643, 0.49986456641205773, 2370138000000, 
-0.0918093879004053, 0.031192980511665108, 0.5001289501681043, 2370145000000, 
-0.05460526904737451, 0.2039914781736799, 0.5003575730375921, 2370150000000, 
-0.04914904737247065, 0.1297637043399649, 0.4998563465492053, 2370155000000, 
-0.057459586248344664, 0.15137247947488336, 0.5002981823103073, 2370160000000, 
-0.008805476534985583, 0.3279745920093738, 0.500102841420764, 2370165000000, 
-0.07879475324699006, -0.029468357378607042, 0.5002265676382851, 2370170000000, 
-0.055595808945133156, 0.1632322008733066, 0.5002470958521028, 2370175000000, 
-0.022073916734234016, 0.3214258028739866, 0.49956959878889245, 2370180000000, 
-0.08034013199186418, -0.07176428804333317, 0.5001833719748787, 2370185000000, 
-0.03721621559249557, 0.16142058844649607, 0.5000121485592529, 2370190000000, 
-0.049997403316944994, 0.15283124855526117, 0.4997517032485695, 2370195000000, 
-0.08212555300884691, 0.10992917340839298, 0.5002643007466698, 2370200000000, 
-0.03591189270461109, 0.24633997578627856, 0.5004146757149645, 2370205000000, 
-0.07208734550986375, 0.0002515156883813093, 0.5000631963076907, 2370210000000, 
-0.035689753625745474, 0.13862781462802032, 0.5003765202319053, 2370219000000, 
-0.03757425922902738, 0.15037525199389268, 0.500004745386408, 2370224000000, 
-0.05542892690725767, 0.15941780827322818, 0.5004803513370865, 2370229000000, 
-0.053991770292422386, 0.2891244556613637, 0.4997301020984307, 2370234000000, 
-0.09641174928477905, -0.06375495503534928, 0.4999562974486827, 2370239000000, 
-0.040672875233927853, 0.14240991342561407, 0.5002938098102568, 2370244000000, 
-0.014534554021054372, 0.3146109350371346, 0.4998131062645217, 2370249000000, 
-0.11832126876702864, -0.0007328532482624057, 0.5000745734124256, 2370254000000, 
-0.04202289483517848, 0.30392769415195253, 0.5001982227396159, 2370259000000, 
-0.07752614320918298, 0.01594549498448527, 0.4995569522922502, 2370264000000, 
-0.06040748014709155, 0.16013840768625462, 0.500177127087925, 2370269000000, 
-0.0274413625620123, 0.3140523520765202, 0.4998513704721859, 2370276000000, 
-0.07857822552598859, 0.030516379101526044, 0.49999386792293066, 2370281000000, 
-0.05811588582348733, 0.2773389875192101, 0.4996442022935128, 2370287000000, 
-0.07080739247816674, 0.02288246160669565, 0.5001679586373377, 2370292000000, 
-0.04940185399917427, 0.15755681161209392, 0.5003399608890361, 2370297000000, 
-0.04207715319504216, 0.1590267747768736, 0.49986101066675986, 2370302000000, 
-0.05237678494060557, 0.17301385375923797, 0.5000749024339359, 2370307000000, 
-0.016622095249325754, 0.3215722425843945, 0.5000400848226212, 2370312000000, 
-0.09698138114299608, 0.006624665357445759, 0.49963369175473826, 2370317000000, 
-0.04547464402318484, 0.19132074786168415, 0.5000877124709909, 2370322000000, 
-0.006852493955475772, 0.36227208246454323, 0.49999812029617186, 2370327000000, 
-0.06047053945085571, 0.005147374495387788, 0.49997976091348223, 2370333000000, 
-0.028922543192180038, 0.18895522563721945, 0.5002562099552446, 2370339000000, 
-0.05830359281445991, 0.1474380426004669, 0.5000405000222149, 2370344000000, 
-0.07376248839875336, 0.13995956556193584, 0.4999711476360583, 2370350000000, 
-0.026903640821261128, 0.34094650483959643, 0.500212315794144, 2370355000000, 
-0.09561306414229168, -0.006191739818322689, 0.4997107039682556, 2370360000000, 
-0.03384844260151303, 0.15884361436498085, 0.5000740516319053, 2370365000000, 
-0.016921389477793584, 0.3206450943020273, 0.5001411255198047, 2370370000000, 
-0.10715237039505769, -0.03320439247860728, 0.4998141360972956, 2370375000000, 
-0.04001975300371228, 0.12856584890759426, 0.5006818325356739, 2370380000000, 
-0.049896289170950965, 0.16689782006500017, 0.5003945747902235, 2370385000000, 
-0.08894893840268858, 0.15233225899662234, 0.4999946517769765, 2370390000000, 
-0.042315601922245046, 0.1480103184269375, 0.5002740101050933, 2370395000000, 
-0.006547695653656637, 0.319194368315016, 0.5002533646573982, 2370400000000, 
-0.12492859528310797, -0.060216883947321456, 0.49988813772330953, 2370405000000, 
-0.032483312413379095, 0.19291541502522255, 0.5002642863478779, 2370410000000, 
-0.01879715316700375, 0.32316951177431635, 0.5002381744409475, 2370415000000, 
-0.09919569051240461, 0.010600203859014803, 0.4998977984786303, 2370420000000, 
-0.08558069010222877, 0.16842721381785722, 0.5004550946539394, 2370425000000, 
0.0018607863189884061, 0.3876731834178141, 0.5002526582375261, 2370430000000, 
-0.13224823916003764, -0.030946622345645793, 0.5001222792571546, 2370435000000, 
-0.028029596405001942, 0.3229958343748671, 0.5003170739819968, 2370440000000, 
-0.1168705430556711, -0.04489257007866782, 0.5001871714007647, 2370445000000, 
-0.05188435664808964, 0.1699490225110005, 0.5005227438703058, 2370450000000, 
0.008421746386869555, 0.33931297196705884, 0.5002265601934222, 2370455000000, 
-0.12367751747941455, -0.038351454827515744, 0.5004430895723813, 2370460000000, 
-0.029710315006819806, 0.1351476846150754, 0.5001308323209609, 2370465000000, 
-0.10071213702852133, 0.10935647502052816, 0.5000359578423249, 2370473000000, 
-0.035374250480424516, 0.15306154275324094, 0.5003874169013086, 2370478000000, 
-0.014930410361931379, 0.3507895771959122, 0.4998076503519072, 2370483000000, 
-0.1069586249126039, 0.027197973074548538, 0.5000708617794379, 2370488000000, 
0.011102084620384445, 0.34217879839488424, 0.49999428052262757, 2370493000000, 
-0.11542896298369443, -0.07201830166815047, 0.499929934394258, 2370498000000, 
-0.058327006636117326, 0.16195610691744522, 0.5000785087127506, 2370504000000, 
0.025628794992493778, 0.3784314066025591, 0.5000086243250945, 2370509000000, 
-0.1479341084709207, -0.031010153497832173, 0.4995663194881842, 2370515000000, 
-0.059356857144951536, 0.18471815646031875, 0.5003361716270098, 2370520000000, 
0.022188363234857445, 0.3914098778138162, 0.4996798759984135, 2370525000000, 
-0.08556873480909664, 0.01859779169471388, 0.5001737974059074, 2370530000000, 
0.03422758264320194, 0.383100637578934, 0.5000427031777375, 2370535000000, 
-0.1507125541848467, -0.11967021749699869, 0.5000543909734242, 2370540000000, 
-0.03734264191160761, 0.17815111601360345, 0.5002029595489564, 2370545000000, 
0.007698737678986759, 0.35372997780505483, 0.49967681954814336, 2370550000000, 
-0.15553710172569274, -0.09342096695303312, 0.49981280991643906, 2370555000000, 
-0.03803173055565057, 0.15422557740804974, 0.5005217508080255, 2370561000000, 
-0.05872811012865213, 0.1589132554520984, 0.49988017860213557, 2370566000000, 
-0.0372730985959312, 0.12753072533877424, 0.4999972162710275, 2370571000000, 
0.004250441439486435, 0.29775945722947256, 0.49991746186614927, 2370576000000, 
-0.051072381416861976, 0.18713632122788748, 0.4996053534541629, 2370581000000, 
-0.12139763944164025, 0.02952069004094606, 0.5003070442499432, 2370586000000, 
0.04189051956450031, 0.37199910728898694, 0.5001659027537787, 2370591000000, 
-0.1666818961408495, -0.11105828541213293, 0.5000251211728174, 2370596000000, 
-0.059523163160248825, 0.13605228380774548, 0.500125470759972, 2370601000000, 
0.06839251429327028, 0.3905340179851479, 0.4996672430280111, 2370606000000, 
-0.11190550087936477, -0.0334252127952072, 0.50010412875988, 2370611000000, 
-0.0621380347547541, 0.17506587673503995, 0.5002606656238975, 2370616000000, 
-0.06530710898646545, 0.14419193951611656, 0.5001399078301898, 2370621000000, 
-0.05686498715947503, 0.16746683027673784, 0.499795596047415, 2370626000000, 
0.028005708604585608, 0.3659233176596235, 0.5000811126803629, 2370631000000, 
-0.1478002654890496, 0.00468773204691085, 0.5002608140877214, 2370636000000, 
0.023169882399164655, 0.31448566663656824, 0.5001114500031768, 2370641000000, 
-0.011607682244310476, 0.1784585803222387, 0.5001463723354154, 2370646000000, 
-0.17398019443333884, -0.0873189333470488, 0.5002788038598263, 2370651000000, 
0.035430301535635506, 0.3437885961630236, 0.5004756407771189, 2370656000000, 
-0.1538400963601653, 0.0036487282915699075, 0.499829752946979, 2370661000000, 
-0.05987595918757836, 0.16466654986493603, 0.5001256627243964, 2370666000000, 
0.016450337765984827, 0.3624929543455878, 0.4997758992753216, 2370671000000, 
-0.18228033234968394, -0.04383003987811447, 0.5000553433373912, 2370676000000, 
-0.08564337173909468, 0.16716371630621338, 0.5000405858790268, 2370681000000, 
-0.061880025449587026, 0.1591669935335984, 0.5000374285609567, 2370686000000, 
-0.05134126972499316, 0.13431801620921432, 0.49972960932518756, 2370691000000, 
0.013279551271876654, 0.2723785195423534, 0.5003007768917609, 2370696000000, 
-0.10544069318019941, -0.045283146958109484, 0.499947819547668, 2370701000000, 
-0.0595303785929502, 0.1322980389005471, 0.5002032110063971, 2370706000000, 
0.03438090951515194, 0.3662203419727107, 0.5000636916728737, 2370711000000, 
-0.1487802454247825, -0.08840438200304201, 0.5002888558704413, 2370716000000, 
-0.035113099495156105, 0.19594762007518876, 0.5001668355957245, 2370721000000, 
0.00041832890217934765, 0.3273894812396822, 0.5002571321824881, 2370726000000, 
-0.12341698816242597, -0.03572958015783827, 0.5000641621504368, 2370731000000, 
-0.03463843835583516, 0.1235368707119707, 0.5001782463294285, 2370736000000, 
0.03670180412768506, 0.33412697635994687, 0.49982810007670836, 2370741000000, 
-0.16351979088613652, -0.14042867815887913, 0.49975111991739457, 2370746000000, 
-0.04937706167599255, 0.19060052294175672, 0.49993674392843457, 2370751000000, 
-0.03967760880324056, 0.14781653747062742, 0.49980842756490645, 2370756000000, 
-0.06273050933760749, 0.14265541985544394, 0.5001196025479279, 2370761000000, 
-0.011055601733960575, 0.32629788127959636, 0.5002237235080045, 2370766000000, 
-0.1096672070428497, 0.012356325657054995, 0.4997739159831433, 2370771000000, 
-0.030786009413465685, 0.14989804563032144, 0.5005984729662721, 2370776000000, 
-0.008797371422934158, 0.3165302622551706, 0.5000600333802137, 2370781000000, 
-0.2153092667279986, -0.22228594866399087, 0.5001909064894959, 2370786000000, 
-0.07503151950229778, 0.1554816255059788, 0.5001781773993909, 2370791000000, 
-0.041356248893511104, 0.1892467047984757, 0.5000154251681072, 2370798000000, 
-0.039613033112709715, 0.10923782588876842, 0.5003073458664742, 2370803000000, 
0.014137027369050434, 0.32565107103090757, 0.5000117508303995, 2370808000000, 
-0.11685886042745557, -0.04018584654298108, 0.5001022200255181, 2370813000000, 
-0.03490930303556869, 0.15017566702361995, 0.5002525229326552, 2370818000000, 
-0.03647692752645417, 0.17305334588761737, 0.4999562520553132, 2370825000000, 
-0.07847570455935624, 0.11137500630571144, 0.5001288654524062, 2370830000000, 
0.08545206125018809, 0.44958385573696474, 0.5001613733639645, 2370835000000, 
-0.1303821548833822, 0.007509785074745418, 0.49997730044551525, 2370840000000, 
-0.05142383273129342, 0.14384239727384646, 0.49989592246740466, 2370845000000, 
-0.061750838217286046, 0.1650999367873308, 0.5000802808478102, 2370854000000, 
-0.05904416698692258, 0.12745348542852333, 0.49990366317262636, 2370858000000, 
0.04805770713856074, 0.34340710530152974, 0.4996318944905832, 2370863000000, 
-0.1346656935609435, -0.06160919552427979, 0.499802590663114, 2370868000000, 
0.02031986291295891, 0.3298915780627536, 0.5004416776953974, 2370873000000, 
-0.01897325535375689, 0.17223469124372812, 0.499877996835575, 2370878000000, 
-0.13496856573764082, 0.021723766754233965, 0.5003879817911016, 2370883000000, 
0.02243331856662952, 0.3818327150955337, 0.5004144191912305, 2370888000000, 
-0.12874037527890037, -0.07741225674668378, 0.4999810144010867, 2370893000000, 
-0.051718592599483665, 0.13527575255961966, 0.5002282881296076, 2370898000000, 
-0.061335485131167836, 0.18250990598402125, 0.5002412583877165, 2370903000000, 
-0.062226693919550075, 0.12229527580502712, 0.500202325032876, 2370909000000, 
0.008219662713677328, 0.36402172215426304, 0.5001035997921943, 2370914000000, 
-0.12259431473663618, -0.05275944341426333, 0.49949956194205747, 2370919000000, 
-0.041081582650713155, 0.19354072621798055, 0.500088062616673, 2370924000000, 
0.03645224571962752, 0.41387263759453163, 0.49993389483613665, 2370929000000, 
-0.1709234084019749, -0.11498261498326068, 0.4999854955616037, 2370934000000, 
0.020972128953100053, 0.3123661006367176, 0.5001327103548511, 2370939000000, 
-0.10632876055115147, -0.034456411067524784, 0.49964179250075325, 2370944000000, 
-0.03448201657810018, 0.15876932081040976, 0.5004970090199022, 2370949000000, 
-0.0068618599889563, 0.3678947316621, 0.5001672309328832, 2370954000000, 
-0.13965846055403802, -0.08054885197410887, 0.49979466957811947, 2370959000000, 
-0.06427299394288527, 0.1673339735419963, 0.5000943777484297, 2370964000000, 
0.015868721256912223, 0.3294672747241703, 0.5000886626591822, 2370969000000, 
-0.13879362808225043, -0.05099301314914218, 0.4998069752506363, 2370974000000, 
0.010461939960113178, 0.319904422830234, 0.5003863273961248, 2370979000000, 
-0.15109999416620223, 0.0002498241603634925, 0.5000296819190954, 2370984000000, 
-0.06491164439867243, 0.0978413780532932, 0.5000737305181921, 2370989000000, 
0.05877658169444165, 0.38497139006111286, 0.5002723592050398, 2370994000000, 
-0.12368006406110994, -0.012632226216473821, 0.5002562481290659, 2370999000000, 
0.0013601377808184923, 0.3305535706744805, 0.5003841575178121, 2371004000000, 
-0.13145502940949236, -0.04626899835274917, 0.5000092313180653, 2371009000000, 
-0.07147467462459921, 0.14102809561151286, 0.49978726508363114, 2371014000000, 
0.0381965192888557, 0.3910473722970955, 0.4999229244300925, 2371019000000, 
-0.09645523246942692, -0.005169275474280274, 0.499737002011514, 2371024000000, 
-0.03895416662613113, 0.15915260708046328, 0.5001428277052449, 2371029000000, 
-0.06551022402485575, 0.15812895656527207, 0.49968512783548136, 2371035000000, 
-0.03305472112097923, 0.159596966384533, 0.5001959107455285, 2371040000000, 
0.014731797954387687, 0.36148032042814127, 0.5001380090697986, 2371045000000, 
-0.11308070546534583, -0.04404596870581884, 0.5001551332114063, 2371051000000, 
-0.05832505858192329, 0.16760360567890137, 0.5005820213791734, 2371056000000, 
-0.06281951855908541, 0.15608597577965588, 0.49968882580637286, 2371061000000, 
-0.06176179031485769, 0.10650284485249452, 0.4999900050023019, 2371066000000, 
0.011575456920976902, 0.38514432976976626, 0.49993304039429015, 2371071000000, 
-0.11785609975790731, 0.013639760578643365, 0.5000151421500528, 2371076000000, 
-0.040585169342073145, 0.16114492585701898, 0.5002840632888105, 2371081000000, 
0.0515742447270096, 0.3764126221976824, 0.500070077069087, 2371086000000, 
-0.1391022815375976, -0.038910055875423774, 0.4999691716684665, 2371091000000, 
-0.06716334654283355, 0.14668233929359972, 0.5004028775136149, 2371096000000, 
-0.03564561294088962, 0.1302190737656127, 0.5000672728649902, 2371101000000, 
-0.08715872800663739, 0.15924526074485815, 0.5001526778050935, 2371106000000, 
-0.0701469305918058, 0.14831672234535187, 0.5002944216362126, 2371111000000, 
-0.046707842373711415, 0.1616131953956761, 0.5002153304098073, 2371116000000, 
-0.042976100620725426, 0.13393571854004815, 0.49996572182535354, 2371121000000, 
0.0009289972827570374, 0.30873266223615253, 0.5000692208053776, 2371126000000, 
-0.11667355844408968, -0.043093306379348384, 0.5004766851161748, 2371131000000, 
-0.05760530099014268, 0.18648153338932003, 0.5006445034109668, 2371136000000, 
-0.055405610558245194, 0.1869673429022422, 0.4997404327868495, 2371141000000, 
-0.07732945740684374, 0.15048581136442588, 0.5002023335981916, 2371146000000, 
-0.0469021801234641, 0.18530162373793757, 0.5002000803082937, 2371152000000, 
-0.08711896405405388, 0.16981441637250871, 0.4999199018903139, 2371157000000, 
-0.04523835481655478, 0.1827790261698513, 0.49988646573020606, 2371162000000, 
0.015237407759168962, 0.3008384029217434, 0.4993765240391235, 2371167000000, 
-0.11457092812213758, -0.08710249477214217, 0.49978141561127104, 2371172000000, 
-0.03154366730026665, 0.153310828630785, 0.5002761617062204, 2371177000000, 
-0.047393045240206495, 0.18323760791810406, 0.4995643857756353, 2371182000000, 
-0.08385514594214283, 0.14475332571166358, 0.4997338772100256, 2371187000000, 
0.035431237986385505, 0.33075689456196056, 0.5005085280855953, 2371192000000, 
-0.09933981310822776, 0.006969524752630977, 0.4998433007364424, 2371197000000, 
-0.0446196374925532, 0.17648110675070014, 0.5004045454109132, 2371202000000, 
0.009862938988484404, 0.3478349777069834, 0.5002198973780893, 2371207000000, 
-0.11163204766311605, -0.02700589475963687, 0.5003120925885195, 2371212000000, 
0.010339240093929222, 0.345552814669354, 0.4999818703512204, 2371217000000, 
-0.11245242167579833, -0.031744380294878916, 0.4999946944645341, 2371222000000, 
-0.06811807577029085, 0.18532664234990928, 0.5004687630445419, 2371227000000, 
0.0004454846705195543, 0.3292115336428511, 0.5001609238942303, 2371232000000, 
-0.1048842160419675, -0.037115134093227815, 0.5001456047785592, 2371238000000, 
-0.01594383459204949, 0.3090022256621505, 0.5001763936243034, 2371243000000, 
-0.1417256233682823, -0.012771906356626285, 0.49981507384210966, 2371248000000, 
-0.052366430661301096, 0.1476104421241042, 0.5001710908214126, 2371254000000, 
0.006821418770550239, 0.3477057067802475, 0.5004201576811597, 2371259000000, 
-0.08581405505377926, -0.03232791134134061, 0.49987317811395654, 2371264000000, 
-0.05108811944471928, 0.14255444112346502, 0.4997759671184714, 2371270000000, 
-0.011536094329608136, 0.3221461959470183, 0.4999045256261166, 2371275000000, 
-0.11542519196590235, -0.11414323065390702, 0.49995562562553086, 2371280000000, 
-0.06448684368676035, 0.17532580393399758, 0.4999477318097104, 2371285000000, 
-0.01230692013201233, 0.2773585438009318, 0.49956890114521724, 2371292000000, 
-0.1110770365698445, -0.07054279381699816, 0.5004876228247449, 2371297000000, 
-0.016166725831568543, 0.14545055088872197, 0.5001333609350436, 2371302000000, 
-0.0105291711603996, 0.33427552165043983, 0.4998740758957675, 2371307000000, 
-0.11473127619230938, -0.04189603740504035, 0.5001090889147185, 2371312000000, 
-0.04695276256191245, 0.1718265224282074, 0.5004382752023427, 2371317000000, 
-0.022413142880514374, 0.29569400930232226, 0.49933271684527064, 2371322000000, 
-0.13361146879800834, -0.0617598922093089, 0.500107971522264, 2371327000000, 
-0.06412028309599915, 0.16130265690489368, 0.5006140918248358, 2371332000000, 
-0.0545146907778333, 0.1526198285547412, 0.5002674510809577, 2371337000000, 
-0.051621719671120087, 0.11170110015085384, 0.5002358860919623, 2371342000000, 
0.027514467576848937, 0.37146472981237877, 0.500563503563369, 2371347000000, 
-0.13964650939796763, -0.06695799053031538, 0.49963405912652015, 2371352000000, 
-0.04115792859243818, 0.18420509502954002, 0.5005562804060132, 2371357000000, 
-0.024974454332963913, 0.34106097869794577, 0.500187715042076, 2371362000000, 
-0.14808492333686307, -0.034756154475293816, 0.5000948972124956, 2371367000000, 
-0.04281569647425896, 0.3292843718376433, 0.5006417122666246, 2371372000000, 
-0.0953495475263659, -0.010465754893256771, 0.500074655671974, 2371377000000, 
-0.04689772463648703, 0.14420510277996165, 0.5002174294934388, 2371382000000, 
0.015786002953147867, 0.32945970200763147, 0.5001644272634929, 2371387000000, 
-0.11798930805372931, 0.019381707901312308, 0.5001446813914635, 2371392000000, 
-0.06737442189514292, 0.1738474443252107, 0.5000436690193506, 2371397000000, 
-0.04888594071603819, 0.10946522954980165, 0.5001099464289314, 2371402000000, 
-0.05487140999510144, 0.14589220132456351, 0.5000234178818609, 2371407000000, 
-0.003821750863842604, 0.28316067968105124, 0.5001866566389325, 2371412000000, 
-0.10892222961383768, -0.031702325459714874, 0.499943382827899, 2371417000000, 
-0.04888700568629205, 0.18032258627002967, 0.5002596151720092, 2371422000000, 
0.025168161293161392, 0.33653608267283813, 0.5004674019112388, 2371427000000, 
-0.12313302096296103, -0.05570601990568785, 0.4997107301544992, 2371432000000, 
-0.04188267856202565, 0.18126414094129045, 0.5003273433613742, 2371437000000, 
0.031442232082306835, 0.34525143478496234, 0.5002448228053408, 2371442000000, 
-0.12347602934349186, -0.04405705665852597, 0.4998147471623545, 2371447000000, 
-0.0482656742910673, 0.18271953958615247, 0.5001456808211281, 2371453000000, 
-0.0641583541886156, 0.1336221902605526, 0.4997543448629955, 2371458000000, 
-0.05326573949328611, 0.1024096594384713, 0.4999515111197593, 2371463000000, 
-0.014775791390179325, 0.308657468728998, 0.5002409060704681, 2371468000000, 
-0.08973313293740855, -0.03482171914188463, 0.49968820651276946, 2371473000000, 
-0.04429947304838187, 0.2044574757472194, 0.5001565669854438, 2371481000000, 
-0.02276098567153185, 0.15303194481368085, 0.49983214871151505, 2371486000000, 
-0.04568921937619206, 0.13396989336011056, 0.4999920964540018, 2371491000000, 
0.012526691336073353, 0.30180026808677557, 0.5004041294278312, 2371496000000, 
-0.11229058343643258, -0.0018609690443747709, 0.5003101005367602, 2371502000000, 
-0.058812288553337526, 0.17323966996348542, 0.49995748243472393, 2371508000000, 
-0.008481392089680507, 0.29456513130275713, 0.4996322308885865, 2371513000000, 
-0.12240801828763875, -0.06393502480932053, 0.5001922034616129, 2371518000000, 
-0.062161295924233834, 0.14513159842144085, 0.5000306727040257, 2371523000000, 
-0.02172949904995568, 0.14106538030946558, 0.4999749437705103, 2371528000000, 
-0.048812211990134, 0.14175329761529526, 0.5001115623466452, 2371533000000, 
0.008757574359485905, 0.2849209648587191, 0.5001990277384684, 2371538000000, 
-0.09874734263323197, -0.013743564424204675, 0.4998273039454371, 2371543000000, 
-0.08038123805859923, 0.15013609236961087, 0.4997865234356858, 2371548000000, 
0.01021828964490464, 0.3511934697989385, 0.5000095376196309, 2371553000000, 
-0.13744306500788692, -0.055782017057666826, 0.5001626560417587, 2371559000000, 
-0.059794536978746975, 0.1638530415473013, 0.5000912029821474, 2371564000000, 
0.03317743649152624, 0.33271548083350894, 0.5001820845688099, 2371569000000, 
-0.11908857333938455, -0.1099418302308931, 0.5000367535402731, 2371574000000, 
0.01191683819078394, 0.28383697895970655, 0.5000602751482389, 2371579000000, 
-0.09301311370195935, -0.09890251031945664, 0.4999626432455847, 2371584000000, 
-0.02065121198297873, 0.19873134197130968, 0.5000733743900148, 2371589000000, 
0.021196781960200247, 0.3760133679000749, 0.49980566806999155, 2371594000000, 
-0.1122257793460164, -0.013562559146881864, 0.4998933984039408, 2371599000000, 
-0.07485420474262641, 0.1449384833105936, 0.49994714447036304, 2371604000000, 
-0.06353856676287031, 0.1421307675605309, 0.4998231924642036, 2371609000000, 
-0.08364794505656341, 0.1608886033426744, 0.4999508145546613, 2371614000000, 
-0.03425715306300234, 0.37941092112762537, 0.5000149978853998, 2371619000000, 
-0.1118924011191682, -0.037489817543989626, 0.4995866120897635, 2371624000000, 
-0.062216636677661225, 0.14602781230751982, 0.5005071669815816, 2371629000000, 
0.025258342460831355, 0.2802061675631258, 0.4996371457918777, 2371634000000, 
-0.16385938722175855, -0.13420711456832748, 0.49973501587445407, 2371639000000, 
-0.06782912031974833, 0.14939065776131383, 0.49995314527202095, 2371644000000, 
-0.009918980383375466, 0.2648146081991629, 0.4998671210859158, 2371649000000, 
-0.1368116613177786, -0.06845110685627913, 0.49972368252931365, 2371654000000, 
-0.04395466780580589, 0.17275822937065974, 0.5001596336865497, 2371659000000, 
0.022725877310922855, 0.3165088355008455, 0.5001299370492983, 2371664000000, 
-0.10019713849537495, -0.043086396393169635, 0.5000612839437057, 2371669000000, 
-0.09003530774852225, 0.15750703329062937, 0.5004860661863758, 2371675000000, 
0.020189854755144464, 0.3564744591156459, 0.5000106396347084, 2371680000000, 
-0.09948453049798196, 0.0014723389283273908, 0.5000868834544115, 2371687000000, 
-0.05368340433369276, 0.18491623517268815, 0.5006669125500485, 2371692000000, 
-0.01097224298875666, 0.2959741273810183, 0.49993704058140886, 2371697000000, 
-0.14658228463440393, -0.006388434232468262, 0.500175823928671, 2371702000000, 
-0.04136035611490638, 0.18548485342216733, 0.5005761117414383, 2371707000000, 
-0.0025758059218033962, 0.29060063161466343, 0.4992884250530429, 2371712000000, 
-0.11487302383386057, 0.014734191711763156, 0.5001596057796944, 2371717000000, 
-0.06360999368500314, 0.18648524831705282, 0.5002227240866635, 2371722000000, 
0.011491897029763165, 0.28742191638267356, 0.4999680059250964, 2371727000000, 
-0.09645343599879266, -0.014354964908651919, 0.49979672712188766, 2371732000000, 
-0.045070582435889225, 0.15575298608386234, 0.5002971975853298, 2371737000000, 
-0.011769930659774424, 0.23642599906089318, 0.49971476737002796, 2371742000000, 
-0.11253366891195504, 0.014388060989191691, 0.5001789759101054, 2371747000000, 
-0.03752733380241466, 0.15560385905472482, 0.5001243459208222, 2371752000000, 
-0.07855014445232969, 0.10955418399990519, 0.4998268100502113, 2371757000000, 
-0.09041413286354238, 0.11539318094606724, 0.5002190100064011, 2371762000000, 
0.00625552029389689, 0.2669053724976632, 0.4999984256981416, 2371768000000, 
-0.12594088993422214, 0.015044022901460265, 0.49983110260755725, 2371775000000, 
-0.07846767442086461, 0.1509181320521883, 0.5002260065076283, 2371780000000, 
0.013558853863948131, 0.3281500712134383, 0.4999913077074516, 2371785000000, 
-0.09887626308049595, 0.02221239072697793, 0.5001085457474729, 2371790000000, 
-0.02995899773543873, 0.13490960640862504, 0.5004389693636137, 2371795000000, 
-0.0558887195029049, 0.12353619680366584, 0.5002199103444966, 2371802000000, 
-0.03672256973002315, 0.1674621682385413, 0.49988630657038063, 2371807000000, 
0.005927027553752997, 0.2964963456153973, 0.5003082483837407, 2371813000000, 
-0.0982844687949766, 0.06647059987509243, 0.4999594962537793, 2371820000000, 
0.02001399350675041, 0.2835674739959391, 0.49993911895029564, 2371825000000, 
-0.11206460683606209, 0.012143752801346268, 0.4999263957189809, 2371830000000, 
-0.06252531902613062, 0.15976426937716925, 0.5000022596823679, 2371835000000, 
-0.010010163320668276, 0.30053933670557814, 0.4996525561098724, 2371840000000, 
-0.11392490613805986, -0.0011052213463546108, 0.49994020830639296, 2371845000000, 
-0.06686454222592356, 0.18483689277004633, 0.5002263634558918, 2371850000000, 
0.023769486338911662, 0.2806836427117342, 0.4995528873090224, 2371855000000, 
-0.14599751509320802, -0.11047383230484244, 0.49950779660571165, 2371860000000, 
-0.05781439173682903, 0.16880678725178125, 0.4999519447634747, 2371865000000, 
-0.059157971232363535, 0.10448491363857161, 0.49978259712840745, 2371870000000, 
-0.03170369821744387, 0.17267970296546564, 0.5002336889469152, 2371875000000, 
-0.06977235940452915, 0.18211128337211785, 0.5004648891986295, 2371880000000, 
-0.07404200717142852, 0.12536247336936052, 0.5002146671600137, 2371885000000, 
-0.0590975389215974, 0.14401668423034356, 0.5002853235748342, 2371890000000, 
0.01357860575716791, 0.27369200792190573, 0.4999996626604595, 2371895000000, 
-0.08527871359054348, 0.011441016636970794, 0.4997105082040829, 2371900000000, 
-0.06422716743097094, 0.12471306192919013, 0.49978197968354593, 2371905000000, 
0.008905359515340956, 0.3230588038043567, 0.49988282685502816, 2371910000000, 
-0.09921332597061898, 0.02936897648977886, 0.4999986485800677, 2371915000000, 
-0.03683071012490164, 0.1514446461289803, 0.5001707431928306, 2371920000000, 
-0.054338905983663276, 0.10325997255992322, 0.49938918897105766, 2371925000000, 
-0.056128165625882825, 0.15541120738341785, 0.49985272495658767, 2371930000000, 
0.008181863981626377, 0.28635660993475287, 0.4999149744369421, 2371935000000, 
-0.08719270138268807, 0.020182384724954587, 0.4997777827821859, 2371940000000, 
-0.07097242893938542, 0.15142909151506798, 0.5001917931267837, 2371945000000, 
-0.016975098623695527, 0.2978668458615881, 0.49995244040053693, 2371950000000, 
-0.12072939455157611, 0.01784498018609626, 0.4998692911726464, 2371955000000, 
-0.06580798732026699, 0.13503863254196807, 0.5003455678442816, 2371960000000, 
-0.023481106423623714, 0.2685031957425442, 0.49985214765228797, 2371965000000, 
-0.11907660207845483, 0.032010302926275894, 0.49963333908759167, 2371971000000, 
-0.03468334797171936, 0.1545505463606893, 0.5004040468497148, 2371976000000, 
-0.024055574852954065, 0.15645508943734515, 0.499727262578908, 2371981000000, 
-0.06326901792704706, 0.13789409090936613, 0.5003885794785656, 2371986000000, 
-0.01887324132555884, 0.21903673914875435, 0.49966944391386237, 2371991000000, 
-0.11768925730704069, 0.005786852909253253, 0.49984675791839694, 2371996000000, 
-0.06000562639860743, 0.16138027652063566, 0.5001422015252734, 2372001000000, 
0.0027436541066123404, 0.29567966556135905, 0.49986888106377264, 2372006000000, 
-0.10680525616904646, 0.019768953225756405, 0.5002302960362166, 2372011000000, 
-0.06616351246707879, 0.18923556834414967, 0.5003884053026503, 2372016000000, 
-0.06310796260865068, 0.13131723787607438, 0.49963001531454926, 2372022000000, 
-0.05416050833805297, 0.16361170338611017, 0.5002501052012515, 2372027000000, 
-0.007146630679424027, 0.2751630223941743, 0.5001526541020894, 2372032000000, 
-0.11304779050699007, -0.008185241834116248, 0.5001458597828221, 2372037000000, 
-0.020520146506726, 0.24142099026529262, 0.5004515967812099, 2372043000000, 
-0.07143145416132976, 0.011475689301274355, 0.5000548375183782, 2372048000000, 
-0.03755348211453911, 0.1206101542684545, 0.4999916427377663, 2372053000000, 
0.011910712792597186, 0.317483160789073, 0.4996351268572892, 2372058000000, 
-0.11166756521414864, -0.001563837441579832, 0.5002858044593574, 2372063000000, 
-0.02281183563725743, 0.17797913458172868, 0.500372210206387, 2372068000000, 
0.061837333047017294, 0.3884605007636447, 0.500245709231343, 2372073000000, 
-0.07539427596948442, 0.06018692949820551, 0.5000792095102141, 2372078000000, 
-0.016333767621114385, 0.2872066665549567, 0.5003755535085999, 2372083000000, 
-0.10814838251986968, -0.002011449201320765, 0.4998935367848785, 2372088000000, 
-0.059665854619328995, 0.16420693469889122, 0.5001428765998379, 2372093000000, 
-0.03274890683227953, 0.15998585595437256, 0.49994660708532895, 2372098000000, 
-0.06833572913898739, 0.16344819024388102, 0.49994452209490753, 2372103000000, 
-0.06215163092785486, 0.15870570544798146, 0.5003871394029972, 2372108000000, 
-0.06330154447527474, 0.12547225371882606, 0.49964612719321394, 2372113000000, 
-0.07236311888108252, 0.1544687781162272, 0.5003192466465434, 2372118000000, 
-0.012811056691827142, 0.2747943108068619, 0.49966537846114123, 2372123000000, 
-0.07905427585667621, 0.03824799887081752, 0.5000323060073083, 2372128000000, 
-0.0537441138262972, 0.15725398554323014, 0.5001992377472031, 2372133000000, 
0.017987111980987187, 0.2806613955833362, 0.49977404545849574, 2372138000000, 
-0.09051107456400766, 0.02542454653061451, 0.5000149043823497, 2372143000000, 
0.001426516127922585, 0.24247667685905855, 0.5001553298890662, 2372148000000, 
-0.08829772086963611, 0.03623378374636873, 0.4998674049780055, 2372153000000, 
-0.06167596113806285, 0.15600386494083884, 0.500175686158468, 2372158000000, 
-0.047440544763696, 0.2463059540156607, 0.500192451773635, 2372163000000, 
-0.08194027183513558, 0.036127500715174926, 0.49994017210307057, 2372168000000, 
-0.061063819857569826, 0.16189765196976277, 0.5000996645607105, 2372173000000, 
-0.055976728383485726, 0.2049959806448192, 0.500263933715512, 2372178000000, 
-0.04623684188275953, 0.16799623515322357, 0.49991065337235296, 2372183000000, 
-0.06306921756177583, 0.15450924612293257, 0.5003774363633392, 2372188000000, 
-0.009650507178512076, 0.2803240684676269, 0.5000264968196844, 2372193000000, 
-0.10764759491822364, 0.03330146219733457, 0.49984076727365095, 2372198000000, 
-0.03546903124316729, 0.17871795711240088, 0.500299728541424, 2372203000000, 
-0.012028426815904342, 0.2436793533797622, 0.500363245427045, 2372208000000, 
-0.15668253858388836, -0.06680812407667819, 0.5000526543933251, 2372214000000, 
-0.014685759914343472, 0.2226145947697176, 0.49998120322375, 2372219000000, 
-0.06738219584502586, 0.03493825905063099, 0.49980006906243796, 2372224000000, 
-0.0485534384796711, 0.17350319710005885, 0.5002988416572305, 2372229000000, 
-0.03498776066354617, 0.2766937546612905, 0.5001697501471327, 2372234000000, 
-0.11855320598102717, 0.003024890001166179, 0.49989665735227407, 2372239000000, 
-0.060995152695775115, 0.15038598528108432, 0.5002965970870777, 2372244000000, 
-0.052072203776915654, 0.14843675183936642, 0.5000261687234802, 2372249000000, 
-0.044538234573754276, 0.12021372286924512, 0.5001867094871206, 2372254000000, 
-0.04532291273668762, 0.24250853431112301, 0.4995227713137236, 2372261000000, 
-0.12913396804282848, -0.029541858640778386, 0.4999517129926757, 2372266000000, 
-0.044466836816993593, 0.13517384580572955, 0.4999774292609791, 2372271000000, 
-0.04674232568193537, 0.14309680687878326, 0.4996459953873509, 2372277000000, 
-0.0779967228381602, 0.1399834564966365, 0.5004312264316789, 2372282000000, 
-0.042411487801881524, 0.2419754705917533, 0.5002607643642709, 2372287000000, 
-0.08110572787908757, 0.031202410368271247, 0.49995272714345246, 2372292000000, 
-0.02048974483055699, 0.26611952548445006, 0.4998334642968617, 2372297000000, 
-0.09917919342765275, 0.003693172597052447, 0.5001677030292005, 2372302000000, 
-0.07180339905111097, 0.14670707825162024, 0.49989804710651736, 2372307000000, 
-0.027855298502371492, 0.25691076837683763, 0.5000052331299559, 2372312000000, 
-0.08469655674154937, 0.03768027228023847, 0.49975384968834796, 2372317000000, 
-0.03253864239730887, 0.1658001225216354, 0.500609690411241, 2372322000000, 
-0.004398949764454912, 0.2473712552570245, 0.4999887239529551, 2372327000000, 
-0.10366594339003528, 0.03293903837445104, 0.5003591333865607, 2372332000000, 
-0.04997484407295083, 0.24112543502978867, 0.500443057789406, 2372337000000, 
-0.11619096791848359, 0.01148505325602591, 0.5001984558923056, 2372342000000, 
-0.05580155619484871, 0.16689416055185732, 0.5002350363865482, 2372347000000, 
-0.023884270811308513, 0.2595396479012849, 0.49998569172948065, 2372352000000, 
-0.0786232417509214, 0.07313867146438383, 0.4998793663712322, 2372357000000, 
-0.046020185271692694, 0.16458424404370017, 0.5001090648427816, 2372362000000, 
-0.04805459929316515, 0.23870193857155622, 0.49958362805064765, 2372367000000, 
-0.09279490224513628, 0.045393928079825265, 0.5003885256213074, 2372372000000, 
-0.0056972571749660875, 0.2674101577424973, 0.5000984679001643, 2372377000000, 
-0.11922113179042045, 0.033640768588129234, 0.499692436141703, 2372382000000, 
-0.03909531751925673, 0.1694469519490896, 0.5004115621568673, 2372387000000, 
-0.026620155902780846, 0.27414718733162113, 0.5002010487920892, 2372392000000, 
-0.08339390743897916, 0.021188579277516276, 0.5001079736216438, 2372398000000, 
-0.03599365315683286, 0.2470198834389131, 0.4999890002263175, 2372403000000, 
-0.07111843774107796, 0.06490356425245758, 0.49977983435969076, 2372408000000, 
-0.04296598031724673, 0.16191428969775362, 0.4998799338996152, 2372413000000, 
-0.010559043753242361, 0.34204537228284504, 0.4999319472952288, 2372418000000, 
-0.10720603430756899, 0.01916439882211473, 0.5003929850838993, 2372423000000, 
-0.05928195082801176, 0.25023487013418916, 0.500366476827592, 2372428000000, 
-0.10272977095500069, 0.02584727457874695, 0.4997953113207809, 2372433000000, 
-0.04889768398875505, 0.16088060055741987, 0.5000620049120372, 2372438000000, 
-0.017796477933970184, 0.24481476026564936, 0.5002403762244547, 2372443000000, 
-0.056093474770481704, 0.10697812682389304, 0.49976028770915987, 2372449000000, 
-0.05010160566631717, 0.18278981463252209, 0.5003473339688453, 2372454000000, 
-0.061226412443016145, 0.1571058709221588, 0.49968188505558125, 2372459000000, 
-0.07402243586134388, 0.13708050585565904, 0.5002710637267151, 2372464000000, 
-0.03440524699679922, 0.2454327360442491, 0.5001740032405775, 2372469000000, 
-0.054332397650818244, 0.03058600585943161, 0.4998259037923047, 2372474000000, 
-0.07240438616815643, 0.18598891069350226, 0.49979461732863606, 2372479000000, 
-0.022185988613546436, 0.3104815736921833, 0.49995185131811243, 2372484000000, 
-0.026733204728515807, 0.004156737804572714, 0.49980951772242954, 2372489000000, 
-0.05663014311126764, 0.16619362030118068, 0.49986918522163887, 2372494000000, 
-0.04265532222766695, 0.2175303202479552, 0.5000573893234324, 2372499000000, 
-0.114744064602652, -0.0035640405471249505, 0.4997839977557436, 2372504000000, 
-0.053627953786512216, 0.1604310237083509, 0.4998235880287679, 2372509000000, 
-0.0009463047138790447, 0.2561637047550286, 0.5001891694767416, 2372514000000, 
-0.06272371413274123, 0.01281553280830155, 0.5001369639292564, 2372519000000, 
-0.0844303684114769, 0.16119047955475369, 0.5002445929480159, 2372524000000, 
-0.04966945897549373, 0.24868714868006842, 0.4999340237288928, 2372529000000, 
-0.08448969987895114, 0.02035249173337956, 0.4998328502685679, 2372534000000, 
-0.034894357555541884, 0.1755157510641854, 0.5005496469649239, 2372539000000, 
-0.06468416066988883, 0.2765964570457053, 0.5004077883645733, 2372544000000, 
-0.09989777616982753, -0.003762830543660705, 0.49978109391219583, 2372549000000, 
-0.05816962344103336, 0.1538080713289232, 0.5002429840849794, 2372554000000, 
-0.019721807382092095, 0.26817949027271426, 0.49996464902795773, 2372559000000, 
-0.052620790866777165, 0.04013082229738392, 0.4998747238960431, 2372564000000, 
-0.07364159586664515, 0.17835699774570066, 0.5002214961924207, 2372569000000, 
-0.04255420859634467, 0.25880017025364915, 0.5001852758994416, 2372574000000, 
-0.07191841351700834, -0.01062412979734435, 0.5002929356640221, 2372579000000, 
-0.05497543094222123, 0.18378051460141964, 0.5005734000791532, 2372584000000, 
-0.03386289658266188, 0.11641426010827863, 0.4998965596891447, 2372591000000, 
-0.055109333714760324, 0.12080116786187847, 0.5000209516657765, 2372596000000, 
-0.01596401073351591, 0.256180437623231, 0.499927238884851, 2372602000000, 
-0.08285989956419389, 0.05770612182856918, 0.5002708603081559, 2372609000000, 
-0.034975632391687196, 0.2624568909647479, 0.49954807871320234, 2372614000000, 
-0.0701394516516575, 0.02250306182372582, 0.5000397341024205, 2372619000000, 
-0.05882495721320684, 0.19706123224763794, 0.5005182424056925, 2372624000000, 
-0.04382683576523756, 0.13396891940122535, 0.500006529302871, 2372629000000, 
-0.03976113088534243, 0.12093933653354115, 0.4998965514117124, 2372634000000, 
-0.004888641258082971, 0.2695648702727177, 0.49987420990242587, 2372639000000, 
-0.03351032907015987, 0.02651011237507042, 0.5002211849058825, 2372644000000, 
-0.04223333394801901, 0.17470433209950514, 0.5002626460010975, 2372649000000, 
-0.03686695952276082, 0.24108813663865, 0.4997384214471009, 2372654000000, 
-0.06789994625288315, 0.06619736496582034, 0.4997441734359307, 2372662000000, 
-0.04312691281786389, 0.279817526550221, 0.5000178359411769, 2372667000000, 
-0.08217684917894555, 0.06227752427090396, 0.5001705338371875, 2372672000000, 
-0.0474075314245039, 0.15240983925494755, 0.5001828043034717, 2372677000000, 
-0.0374130021123164, 0.2807512062510582, 0.5001190309541096, 2372682000000, 
-0.10679149317322235, 0.004929686158997568, 0.4998597301070578, 2372687000000, 
-0.04556507066497316, 0.1437581776766425, 0.5002585966551674, 2372692000000, 
-0.06663397466530309, 0.12933939482977097, 0.49987491216000546, 2372697000000, 
-0.0344761104937466, 0.14548986876432551, 0.5002621786617025, 2372702000000, 
-0.046085159509998044, 0.24793559495685982, 0.5004723996434147, 2372707000000, 
-0.09003559577671193, 0.005159676114552477, 0.5000073847183486, 2372712000000, 
-0.08477451338024, 0.1736110245880762, 0.5001468347387197, 2372717000000, 
-0.027271991200968126, 0.2654799790342449, 0.49986394666087064, 2372722000000, 
-0.07290071593759866, 0.006602714394681759, 0.4997083504873994, 2372727000000, 
-0.07284508364219704, 0.16657265526710352, 0.4999769551919731, 2372732000000, 
-0.03565812679812186, 0.28129145616404044, 0.5000272191792872, 2372737000000, 
-0.046691706921592954, 0.008036545138580046, 0.49999284645403924, 2372742000000, 
-0.0547697643869571, 0.1622176015417853, 0.5002894060251746, 2372747000000, 
-0.0434624909627397, 0.17608809473810955, 0.5001445583488094, 2372752000000, 
-0.07174273957974793, 0.1562746176814773, 0.5001962289741134, 2372757000000, 
-0.0745820016147533, 0.14147083902694618, 0.5002588425090458, 2372762000000, 
-0.06532137188647136, 0.14449498170522299, 0.49976368708425184, 2372767000000, 
-0.044234211288848975, 0.15425153761048546, 0.4998058460267439, 2372772000000, 
-0.06240822386396783, 0.2633084707250628, 0.4999770507192849, 2372777000000, 
-0.12213794057904566, 0.011181313712886312, 0.5001275969854005, 2372782000000, 
-0.04674454142307875, 0.17099648350291685, 0.500327926748016, 2372787000000, 
-0.04234301745792022, 0.34735724542099744, 0.4999806451502314, 2372793000000, 
-0.07903029548919471, 0.09628693909722755, 0.5001037332463709, 2372798000000, 
-0.030725697172736544, 0.24655656671110743, 0.4998593374163971, 2372803000000, 
-0.09411034206525022, -0.04518583032391138, 0.5000734357305067, 2372808000000, 
-0.040121348179080876, 0.1574309034411815, 0.5003232466659481, 2372813000000, 
-0.06308309110805263, 0.3182607824374073, 0.499546571094441, 2372818000000, 
-0.07169980021970554, 0.05670657558337819, 0.5000515098903149, 2372824000000, 
-0.044756508261840834, 0.27306965361899405, 0.49976240332154076, 2372829000000, 
-0.06038373054027302, 0.01724864014489795, 0.5000389658396989, 2372834000000, 
-0.010889145555642528, 0.1739288423210939, 0.5001872749099149, 2372839000000, 
-0.04137503985323909, 0.28788387900150575, 0.5000519903014428, 2372844000000, 
-0.07996996439767028, 0.037548731882273687, 0.5000752876758228, 2372849000000, 
-0.05785194358558462, 0.23770064450187786, 0.4998209364638109, 2372855000000, 
-0.06397716178357774, -0.03963366158058777, 0.49976067055773105, 2372860000000, 
-0.058881041430652696, 0.16229070609518648, 0.5000806944542141, 2372865000000, 
0.006975539827346111, 0.28337878302499286, 0.49963239876921794, 2372870000000, 
-0.04345739755985293, 0.0356730441040361, 0.49993219293059027, 2372875000000, 
-0.04671181935740423, 0.16089968298078655, 0.5003013849481028, 2372880000000, 
-0.026675149135771452, 0.12875520928467202, 0.5002767496698907, 2372885000000, 
-0.049903410860964705, 0.17738994839149078, 0.5000256097063893, 2372890000000, 
-0.01834189007212657, 0.2865279660648254, 0.4998509933346003, 2372895000000, 
-0.10069843955728681, 0.010180940684681925, 0.5001580304964528, 2372901000000, 
-0.04006395548554817, 0.1915847400366681, 0.5003757004159547, 2372906000000, 
-0.08764396237886582, 0.15835598500782538, 0.49978400617091456, 2372911000000, 
-0.05054045811891319, 0.13022755048380977, 0.5001056050773336, 2372916000000, 
-0.0174427789704208, 0.3067224200402496, 0.5005365202480273, 2372921000000, 
-0.08022723573056804, 0.012237227038188261, 0.5001828639688273, 2372926000000, 
-0.023099425463069517, 0.1769554765870507, 0.5000916238832236, 2372931000000, 
-0.031793385198464606, 0.24838997037198393, 0.4999968137350444, 2372936000000, 
-0.061577801077238925, 0.028442448976206534, 0.49986700367349635, 2372941000000, 
-0.0792233096763629, 0.15311068770957612, 0.5001181541594779, 2372946000000, 
-0.03220614600446903, 0.2804222108195457, 0.5002263609740684, 2372951000000, 
-0.06326420509990746, 0.05308003338890248, 0.49986523632104013, 2372956000000, 
-0.08028713828851947, 0.11245479312715795, 0.5003356231959771, 2372961000000, 
-0.036741959598434196, 0.1540064253685005, 0.5004666979627547, 2372966000000, 
-0.06317377212896692, 0.18671283325237747, 0.499738908214253, 2372971000000, 
-0.06933713523590823, 0.15697301215371684, 0.5002267343002716, 2372976000000, 
-0.06990109825553292, 0.17651233724895016, 0.5003587313583718, 2372981000000, 
-0.06892261669880358, 0.11817797345377809, 0.5006221146745199, 2372986000000, 
-0.0834697182747053, 0.16664964336732083, 0.5004137029425807, 2372993000000, 
-0.06107509639564675, 0.14792299673404952, 0.5002229983233026, 2372998000000, 
-0.013018297325955878, 0.16085536416343127, 0.5006064342811737, 2373003000000, 
-0.058065917236444387, 0.2895452546480531, 0.500450660812337, 2373008000000, 
-0.08342837169033804, 0.006355164676757586, 0.5002424098016, 2373013000000, 
-0.06225322109701345, 0.1573771821161556, 0.5005720551847895, 2373018000000, 
-0.0397355970916529, 0.3333142452986296, 0.5000304799996498, 2373023000000, 
-0.056767500421331864, 0.05840989452589743, 0.5004292087560201, 2373029000000, 
-0.023206948665940322, 0.28168526680853134, 0.5000145316752065, 2373034000000, 
-0.07081483089376367, -0.05521876393358509, 0.5002635856504163, 2373039000000, 
-0.03444189320314328, 0.17415788582189187, 0.5001537805584918, 2373044000000, 
-0.026029283715993983, 0.29403434984909693, 0.4997322082552789, 2373049000000, 
-0.06789142050275462, 0.09023889924651257, 0.5002819008171545, 2373058000000, 
-0.026281517599650056, 0.28733162659712347, 0.4997316948481637, 2373063000000, 
-0.09239650515486478, -0.09381148789704499, 0.49993901160921084, 2373068000000, 
-0.058030087245175964, 0.23370107466752074, 0.49995580250941996, 2373073000000, 
-0.08693088825919214, -0.005674571899612501, 0.4999491103837021, 2373078000000, 
-0.06386726164217259, 0.17964289056148702, 0.5001830437949978, 2373083000000, 
-0.04419360359068777, 0.26530129454537965, 0.4998812636585261, 2373088000000, 
-0.06111980815211489, -0.005588336139477384, 0.49996933089443807, 2373093000000, 
-0.058918216050842284, 0.18100754334228586, 0.4999500883783442, 2373098000000, 
-0.06655741472352637, 0.258336330837496, 0.4999697188793016, 2373103000000, 
-0.08854976128116122, 0.0031169402371206117, 0.499796612244409, 2373108000000, 
-0.04749602541517807, 0.15325480876409914, 0.5002871192594762, 2373113000000, 
-0.06520793133964893, 0.28317329474915753, 0.5002529369574625, 2373118000000, 
-0.06232326003866455, 0.027971327142334326, 0.49970002459764923, 2373123000000, 
-0.06416057178914775, 0.17911653769013655, 0.5003351390471209, 2373128000000, 
-0.0012908226510299388, 0.39790548249338387, 0.5003001404565625, 2373133000000, 
-0.07054364488965478, 0.0542128352912373, 0.5002036543535682, 2373138000000, 
-0.07755981964759233, 0.15558016481926015, 0.5002465921633441, 2373143000000, 
-0.04056058631574127, 0.3137088498918818, 0.5002127059288869, 2373148000000, 
-0.061122044575623216, 0.024761692968594394, 0.5000945568885419, 2373153000000, 
-0.04370177682128083, 0.33130808276631996, 0.500372488492427, 2373158000000, 
-0.07678177206967149, -0.001298080225888063, 0.49971532837711125, 2373163000000, 
-0.03923771500862987, 0.17451516078941623, 0.5004131010835489, 2373168000000, 
-0.042246547968632926, 0.3429770934845791, 0.49984642149868874, 2373173000000, 
-0.12159754279279353, -0.06159353287847873, 0.4996908255385571, 2373178000000, 
-0.04093817059089223, 0.1510657824147391, 0.5001512917000563, 2373183000000, 
-0.036302833677858484, 0.17677731303835892, 0.5000359904003576, 2373188000000, 
-0.056334293600742304, 0.11074768743749558, 0.5000268497096995, 2373193000000, 
-0.020504040468867626, 0.30858799142729054, 0.5000276056655583, 2373198000000, 
-0.06646371596668166, -0.023933852636503602, 0.5000949262774067, 2373203000000, 
-0.03262259947098063, 0.13210546557302869, 0.5002490969071718, 2373208000000, 
-0.04527702794517964, 0.2816218997696411, 0.49925277651597433, 2373213000000, 
-0.12144597160208294, -0.26571849846710993, 0.4998770388477078, 2373218000000, 
-0.04769721379760146, 0.16248741572932854, 0.5001654779655196, 2373223000000, 
-0.0627750060018799, 0.1304997127095252, 0.49941918298022625, 2373228000000, 
-0.057982510944371055, 0.17382435829040482, 0.5002502832849756, 2373233000000, 
-0.049522971832431935, 0.28323231616377925, 0.4999677737742282, 2373238000000, 
-0.07380205996622992, -0.019750895781637728, 0.5003934773019912, 2373243000000, 
-0.05930039673910738, 0.16802240941998117, 0.5001967863460837, 2373248000000, 
-0.03854650547132093, 0.24014236181172896, 0.49982244786545776, 2373254000000, 
-0.09541280375512727, 0.01367863996043029, 0.5003058793934946, 2373259000000, 
-0.03830444512242222, 0.1496653547527038, 0.5003569844335348, 2373264000000, 
-0.06654071410875392, 0.1394154563977782, 0.49960356936222244, 2373269000000, 
-0.05019451160968514, 0.1364856789333039, 0.5003861229921348, 2373274000000, 
-0.05949240538318184, 0.25587427674501717, 0.4999575568086468, 2373280000000, 
-0.0660670410047898, -0.02917759812391096, 0.5002751713966181, 2373285000000, 
-0.041893393755822614, 0.15030343034675578, 0.5002771532484535, 2373290000000, 
-0.026902569348080836, 0.3314256374932764, 0.49985086634261555, 2373295000000, 
-0.09432717926979353, 0.022452411085038163, 0.5000619045090537, 2373301000000, 
-0.06458581072294194, 0.17229016142246628, 0.5006977723321296, 2373306000000, 
-0.057621865176562204, 0.13024464682368161, 0.49989745173352895, 2373312000000, 
-0.042717581522850094, 0.16355278461879397, 0.5002306858038491, 2373317000000, 
-0.02415756285332679, 0.3062592224421719, 0.49978738507857984, 2373322000000, 
-0.05884200320100724, -0.04986067630733305, 0.49962248737369475, 2373327000000, 
-0.04710854072998653, 0.16489880627239015, 0.500297653576317, 2373332000000, 
-0.027518097993857297, 0.2994010993255196, 0.49980606418106244, 2373337000000, 
-0.09259525291954045, -0.027687787219621077, 0.4999459296457346, 2373342000000, 
-0.01913180847578142, 0.25154326865003707, 0.5004339417254674, 2373349000000, 
-0.12106346961796347, -0.006982642007653009, 0.5002614849181837, 2373354000000, 
-0.05208999023808657, 0.1371984031904768, 0.5001718642394463, 2373360000000, 
-0.01590298763196359, 0.2509072218506094, 0.5002086239891705, 2373366000000, 
-0.06721212739692738, -0.014386794528140474, 0.5002706327872848, 2373371000000, 
-0.04961735806839239, 0.29222961758878946, 0.500022903484693, 2373376000000, 
-0.08851005583189396, 0.008895369982321887, 0.4997547280038101, 2373381000000, 
-0.07157500484778695, 0.13186880356660974, 0.5002683755260348, 2373386000000, 
-0.038716921495147966, 0.272164702895814, 0.5004948068954306, 2373391000000, 
-0.08687523504758482, -0.002984219877988137, 0.49982099621899534, 2373396000000, 
-0.05102374924756306, 0.16523145905178332, 0.5003707968618741, 2373401000000, 
-0.08834066497423136, 0.1403678849436812, 0.4999600263028409, 2373406000000, 
-0.06268673857627262, 0.12532705083864265, 0.4998083222749162, 2373411000000, 
-0.04076165809681831, 0.29551748456550153, 0.4998065358465875, 2373417000000, 
-0.07528420875102657, -0.021378095606913648, 0.5001190413714733, 2373422000000, 
-0.02629038993509452, 0.1381941046010074, 0.5001184606044875, 2373427000000, 
-0.0744447934390956, 0.12864140410699276, 0.4997560136282913, 2373432000000, 
-0.044489812426917554, 0.13569455203646558, 0.5002114586025856, 2373437000000, 
-0.03022071591333078, 0.3182120378934463, 0.49999999191151234, 2373442000000, 
-0.09957587791479901, -0.07358742366046238, 0.5000282117440605, 2373447000000, 
-0.043691766954485754, 0.16581770331935267, 0.5005662560334415, 2373452000000, 
0.005964664585208225, 0.4169204391441783, 0.49979557529670215, 2373457000000, 
-0.08818404085704433, -0.00349484099046778, 0.49995730506675407, 2373462000000, 
-0.03904466708202929, 0.1589168761803289, 0.5004332345095579, 2373467000000, 
-0.015968688260992216, 0.307685487544901, 0.4999753630790351, 2373472000000, 
-0.05581727643495966, -0.03009894520465881, 0.49974533951770966, 2373477000000, 
-0.007530382362219323, 0.34286196014063647, 0.5002361058771302, 2373482000000, 
-0.084644069449148, 0.04024740472042931, 0.4999733942951916, 2373487000000, 
-0.05390921207502351, 0.1447711652417966, 0.5003528915780476, 2373492000000, 
-0.024105480486003215, 0.29612855045282704, 0.4996485397388994, 2373497000000, 
-0.10919166658732496, 0.004623738576668243, 0.5002292567879518, 2373502000000, 
-0.07342544531162573, 0.1377818575188529, 0.5004161327467436, 2373507000000, 
-0.05291798678418633, 0.15127548981552094, 0.5002761095825464, 2373512000000, 
-0.08076438222873045, 0.14163190994285832, 0.5003849721858453, 2373517000000, 
-0.04415764007861101, 0.362259946476467, 0.49967782599451227, 2373522000000, 
-0.07667319107108822, -0.01181658506729109, 0.5002376817648632, 2373528000000, 
-0.04629402990901543, 0.16975171524388183, 0.5005673087175658, 2373533000000, 
-0.051413636570305524, 0.17459081100417082, 0.4998640200779549, 2373538000000, 
-0.038257556143577884, 0.13491624538622798, 0.5003254275023105, 2373544000000, 
-0.016395938882548755, 0.3201954866527638, 0.5000606241287039, 2373549000000, 
-0.09593196679938616, -0.05285703284914252, 0.5000218994261842, 2373556000000, 
-0.024382365677978256, 0.21729192661278543, 0.4999688248624791, 2373563000000, 
-0.07095554169783358, 0.005295858227472357, 0.4999425545281509, 2373570000000, 
-0.008040428993434733, 0.34508280273536, 0.499751406360455, 2373575000000, 
-0.12839658188985098, -0.03877661337227495, 0.5001200057450624, 2373580000000, 
-0.04369487796584763, 0.19289313426288512, 0.5005336173644046, 2373585000000, 
-0.06240559201804027, 0.13578967628607438, 0.4999493242917988, 2373591000000, 
-0.03664225443806157, 0.12917143397640046, 0.500111063744677, 2373596000000, 
-0.013037682365994873, 0.35594120690013703, 0.4998556302228442, 2373601000000, 
-0.09744544742336855, -0.09891128665001751, 0.4999358383447912, 2373606000000, 
-0.05271184170673194, 0.15760489510168305, 0.5006733803384711, 2373611000000, 
-0.007612401846578258, 0.26604013986836467, 0.5002021261116012, 2373616000000, 
-0.09122111758158391, -0.038550989893730334, 0.5000216741925878, 2373621000000, 
-0.07618161321561405, 0.15473444625159816, 0.5007873066642755, 2373626000000, 
-0.07193760615772611, 0.1312131675589035, 0.4997564789135279, 2373631000000, 
-0.03580330238459015, 0.11863367370435071, 0.5001331938775384, 2373636000000, 
0.016388733238024585, 0.28570045018142565, 0.500202692497867, 2373641000000, 
-0.13332538589850917, -0.05125469444519582, 0.5000537553902256, 2373646000000, 
-0.0215872217890871, 0.20725079102920385, 0.5000276642600955, 2373651000000, 
-0.00990586846669034, 0.3087950640919336, 0.5004170759916898, 2373656000000, 
-0.15288328554588443, -0.0812085408542588, 0.5002114598190649, 2373661000000, 
-0.04252271328645524, 0.1582962821243117, 0.5002237082847483, 2373666000000, 
0.0017475561802361922, 0.3456836197282582, 0.5001032347554988, 2373671000000, 
-0.15621064615326827, -0.08399762964222156, 0.49974789661595515, 2373676000000, 
-0.04532678151099256, 0.17181082112356552, 0.5006980320464824, 2373681000000, 
0.020054972269520778, 0.4119786869677258, 0.4992896716601177, 2373686000000, 
-0.1596395421974763, -0.07351371738504259, 0.5003058047375429, 2373691000000, 
-0.0642295398632472, 0.1602956309797341, 0.5001541617749746, 2373696000000, 
-0.034375861830052715, 0.16541505653052313, 0.49982629574591925, 2373701000000, 
-0.07737610894435304, 0.13785832557882427, 0.49979004669333277, 2373706000000, 
-0.002942215051695364, 0.2989861014106325, 0.5001387682417728, 2373712000000, 
-0.14417209137254802, -0.12778657047248784, 0.49991387916517305, 2373717000000, 
-0.03948313645213113, 0.17718921198755938, 0.4998545550587951, 2373722000000, 
0.044147146221139896, 0.3391498024823561, 0.5002561610249514, 2373727000000, 
-0.141079057814526, -0.04743379150004949, 0.5001740111617358, 2373732000000, 
0.03088416014739801, 0.32411274930855655, 0.5000786358914975, 2373737000000, 
-0.08891665323453067, 0.018276110002395773, 0.5000042848616587, 2373745000000, 
0.02256117591136502, 0.34080700554220544, 0.5001709662572212, 2373750000000, 
-0.14387595623294294, -0.03382104307577047, 0.4999118486306049, 2373755000000, 
-0.06074024095913384, 0.15013076273648734, 0.5004128841184257, 2373760000000, 
0.030763875143708534, 0.30964966175311837, 0.5000070874026905, 2373766000000, 
-0.11620515459857411, -0.06861506703099743, 0.5005107081302811, 2373771000000, 
-0.03621673940854669, 0.16243938785303527, 0.5002951837417542, 2373776000000, 
-0.07489588064156838, 0.14448422046622583, 0.5001988617582486, 2373781000000, 
-0.049394423891956384, 0.18431020883059512, 0.49999792545636124, 2373786000000, 
0.006043711144128609, 0.3274420096344031, 0.4999767094516619, 2373791000000, 
-0.12006094396706318, -0.07465341488404191, 0.5000502342076881, 2373797000000, 
-0.04792023759963128, 0.18476744645830367, 0.5002330913691697, 2373802000000, 
-0.06416862979619165, 0.14007170690769646, 0.500205751379357, 2373807000000, 
-0.07236876139835634, 0.1759664081726671, 0.5003204561324565, 2373812000000, 
0.041672481646035604, 0.3634109186094583, 0.49993632905492447, 2373817000000, 
-0.15165825994470664, -0.058986007138848356, 0.5002976337769494, 2373822000000, 
-0.05776871317539293, 0.16130791901384003, 0.50067661478696, 2373827000000, 
-0.026755822773576573, 0.16833501247006427, 0.5000411504513441, 2373832000000, 
-0.0693935604663042, 0.11780773230294285, 0.5001553306803769, 2373837000000, 
0.022862238933835467, 0.34635816506682, 0.49963861013848554, 2373842000000, 
-0.15763412486161976, -0.10621444808078656, 0.49972431674714773, 2373847000000, 
-0.07095227917822391, 0.13083909610572184, 0.5001426815761768, 2373852000000, 
0.005166913745714832, 0.3492141341469276, 0.5000252801488926, 2373857000000, 
-0.1399639442013742, -0.07265952954832378, 0.5002174338220404, 2373862000000, 
0.013736788182471416, 0.3044168916652411, 0.5002791175924969, 2373867000000, 
-0.13166872876952634, -0.04310473318774481, 0.4993824749713686, 2373872000000, 
-0.060047660145308344, 0.15267037213233678, 0.5001029454750686, 2373877000000, 
0.013139134104902896, 0.3740373356700894, 0.5004018430848394, 2373882000000, 
-0.18609596939658954, -0.05922155314736324, 0.4999615048160708, 2373887000000, 
-0.062106935584711864, 0.1452632578207962, 0.5001457489971602, 2373892000000, 
-0.0531500849577444, 0.18312290422709743, 0.5001218454995981, 2373897000000, 
-0.06170385008774308, 0.1568309698941534, 0.5001459111724061, 2373902000000, 
0.050089606465735036, 0.3811956041163211, 0.5002849169464091, 2373907000000, 
-0.1735053235230332, -0.0633342286972149, 0.4998450476222549, 2373912000000, 
-0.02455996163968279, 0.14358880640386415, 0.5005206187687253, 2373917000000, 
0.05799117505788226, 0.3304362472225884, 0.5000950315968761, 2373922000000, 
-0.18054310130862436, -0.03253535452309619, 0.5003512287058834, 2373927000000, 
0.0027403136479671898, 0.3289426964736009, 0.5003041150089815, 2373933000000, 
-0.11230442822617975, -0.07139041674987372, 0.4997468141090691, 2373938000000, 
-0.06490319104952165, 0.18663200098579075, 0.5000041932275242, 2373943000000, 
0.010470493117417894, 0.2713794797193776, 0.49985478036170966, 2373948000000, 
-0.15367234528914342, -0.027646975883329834, 0.5001166165960896, 2373953000000, 
-0.0022837921681902167, 0.2732491604859424, 0.5001645613430349, 2373959000000, 
-0.18538528149703523, -0.10460921410308842, 0.5000355347291928, 2373964000000, 
-0.04303656071460346, 0.1577607766410652, 0.5000253473635207, 2373969000000, 
0.041765039468763206, 0.39467490158859087, 0.49932212380179186, 2373974000000, 
-0.10585602951060002, -0.018529172956130754, 0.5002741463949398, 2373981000000, 
-0.0025098818981011267, 0.4102230330434554, 0.5000581094968877, 2373986000000, 
-0.12152861341369312, -0.03815712253078595, 0.5002262125199057, 2373991000000, 
-0.05356091667682899, 0.1434396865400882, 0.5003829123107825, 2373996000000, 
-0.016519870669327474, 0.1833186328851829, 0.5000236633750883, 2374001000000, 
-0.04252907745797248, 0.094227725681688, 0.5001407608423607, 2374006000000, 
-0.04869004038483436, 0.1546545565929461, 0.5004395090432124, 2374011000000, 
-0.0649713487677876, 0.13250524908326558, 0.5003744128186635, 2374016000000, 
-0.03098019303140614, 0.1420276490087518, 0.5001086964829442, 2374021000000, 
0.04707040794493164, 0.32491688973803473, 0.5000027288156127, 2374026000000, 
-0.15222086127219311, -0.06894781373737122, 0.49981642840256996, 2374031000000, 
-0.044530801416913054, 0.17386191117726868, 0.5002759971340083, 2374036000000, 
0.01827901160881164, 0.3501598043956776, 0.49967684295789005, 2374041000000, 
-0.14792776540529776, -0.04906853314641215, 0.4999866622589971, 2374046000000, 
-0.06161715552811988, 0.16145816462162524, 0.5003556457836041, 2374051000000, 
0.0373520248100728, 0.31908960383297347, 0.4997654850084905, 2374056000000, 
-0.11271484443874667, -0.03561458335254409, 0.5000185682630911, 2374061000000, 
-0.06776687732979894, 0.13968544471370944, 0.5006204433756082, 2374066000000, 
0.05696381648226769, 0.36471871362370717, 0.5000969906467219, 2374071000000, 
-0.14381685920664006, 0.008256500696346834, 0.4996297050595724, 2374076000000, 
0.0028904032213812915, 0.31530140532718515, 0.4999287652567928, 2374081000000, 
-0.13261418483176673, -0.0013975373956652028, 0.4998557599540474, 2374086000000, 
-0.06376962448568502, 0.16425004346365485, 0.4999910172592269, 2374091000000, 
0.03613450707407585, 0.334913892535154, 0.4999748542266169, 2374096000000, 
-0.177739646367709, -0.12530287201597348, 0.49963459078563566, 2374101000000, 
-0.04321348917812982, 0.15221857418129264, 0.5002825352114183, 2374106000000, 
0.057660882924145236, 0.40839519175648487, 0.49960690776766375, 2374111000000, 
-0.09869593037663403, -0.10439023527334504, 0.4997962799182924, 2374116000000, 
-0.08471401725652757, 0.1476553952129787, 0.5001183999399569, 2374122000000, 
6.178622090911162e-05, 0.13468871821639966, 0.5001877253304388, 2374128000000, 
-0.043784990297301284, 0.1680728470558646, 0.5002595760405464, 2374133000000, 
0.020228982065497555, 0.2858614887913309, 0.499938684222402, 2374139000000, 
-0.11112442793493421, -0.06064761235224138, 0.5002516041076605, 2374144000000, 
-0.062223110516137284, 0.15214186761112528, 0.5000998781332455, 2374149000000, 
-0.07542321144114911, 0.1466949878955092, 0.4999002825349192, 2374155000000, 
-0.042451276009332684, 0.17600123552879388, 0.49995542911939594, 2374160000000, 
0.011513512560024034, 0.29220745112361485, 0.49994699548612803, 2374165000000, 
-0.11571637002104077, -0.015595921441274405, 0.49982635221370436, 2374170000000, 
-0.046994101743578244, 0.15409213886692225, 0.500189120107355, 2374175000000, 
0.006389841002183957, 0.2974823351100123, 0.4997541179080551, 2374180000000, 
-0.14773376787398484, -0.1145848423462586, 0.4998383732878198, 2374185000000, 
-0.04972520508063403, 0.16465696785074316, 0.5001861092544752, 2374190000000, 
0.022612170210249555, 0.36603641862570657, 0.4993366129872937, 2374195000000, 
-0.08691273294313813, 0.008140959508734034, 0.4999100415846827, 2374200000000, 
0.009414757529117733, 0.26385772661913476, 0.4999377478863612, 2374207000000, 
-0.15247921086317498, -0.0857611712189919, 0.5002577800004325, 2374212000000, 
-0.01096107946724347, 0.2768346288409614, 0.49996769473498964, 2374217000000, 
-0.14214823390323955, -0.0408586827466522, 0.49957158519558453, 2374222000000, 
-0.06631998023560401, 0.1131790580565722, 0.5004942490589696, 2374227000000, 
0.01682531964711424, 0.339024934351634, 0.4999368805067285, 2374232000000, 
-0.14086764039677452, -0.012516905589644392, 0.5000021273371905, 2374238000000, 
-0.07024806787737518, 0.1612698913320804, 0.5002455254981246, 2374243000000, 
-0.004841778060461425, 0.2934788346996068, 0.49981135872727805, 2374248000000, 
-0.12256330860443483, -0.015568554214648173, 0.5000804526525351, 2374255000000, 
-0.05909008857031474, 0.16982263105791773, 0.5006702729753247, 2374260000000, 
-0.0011989473578012493, 0.32597856818080684, 0.49992826678009955, 2374265000000, 
-0.12364301922017756, -0.02756029722534583, 0.5004958295794552, 2374270000000, 
0.03783726861283425, 0.32160025312581436, 0.500433655203327, 2374275000000, 
-0.10822547901323128, -0.03765810371292879, 0.4999614994706864, 2374280000000, 
-0.05933909398886866, 0.1404280968403004, 0.5004306602507993, 2374285000000, 
0.04432814340514242, 0.40534310847901867, 0.5000901056411191, 2374290000000, 
-0.1171503918116234, -0.05905038651641263, 0.5002221210000015, 2374295000000, 
-0.06352093361995406, 0.17073724814499797, 0.5002863304075167, 2374300000000, 
0.00804408179684761, 0.3342054657498937, 0.499951805703451, 2374305000000, 
-0.08569885323341041, -0.03457031006137462, 0.5001172458025379, 2374310000000, 
-0.07910139652584267, 0.15684670762009184, 0.5002938925928813, 2374315000000, 
0.021510755254574895, 0.3128243964481827, 0.49965885941261523, 2374320000000, 
-0.15140644660881766, -0.04089731286029655, 0.500108980385389, 2374325000000, 
-0.04437471364426019, 0.18091574914252417, 0.5002448345042728, 2374330000000, 
0.019797851414047225, 0.2946209589778354, 0.4997201614435054, 2374335000000, 
-0.15867329777337902, -0.030485506048015986, 0.49996972842409454, 2374340000000, 
-0.019430944566993014, 0.3044302357516739, 0.5000626532203756, 2374346000000, 
-0.13379078430815028, -0.0012653599528947412, 0.49971788589493377, 2374351000000, 
-0.0678770562853596, 0.14379702829099988, 0.5000931951551852, 2374356000000, 
-0.0121488894633744, 0.3107820587653089, 0.500552287041931, 2374361000000, 
-0.08692598849852975, -0.03292162551881548, 0.4996319613626132, 2374366000000, 
-0.055942211387303056, 0.14558086028908532, 0.49980748056581314, 2374371000000, 
-0.0867109316812062, 0.12849783117387908, 0.5006566900346386, 2374376000000, 
-0.05687263583343092, 0.11226855236915259, 0.5001729216433138, 2374382000000, 
-0.014333387610092917, 0.149616137752243, 0.5003035591920001, 2374387000000, 
-0.07323433529344434, 0.1655411840716133, 0.5004784717561289, 2374392000000, 
-0.062398483416416684, 0.14424000490752678, 0.5000672121440215, 2374397000000, 
-0.00613975197010184, 0.27713486083519484, 0.5004021425712388, 2374402000000, 
-0.09477067326095212, 0.013974035483958248, 0.5000739980733084, 2374408000000, 
-0.043217334222334175, 0.156814067881236, 0.5001607697539806, 2374413000000, 
0.023267792785455314, 0.32336177265559196, 0.49981354248523296, 2374418000000, 
-0.16687219960190489, -0.13175349464445707, 0.4998455976354803, 2374423000000, 
0.009878200460733382, 0.27567872586137665, 0.5000579415802331, 2374428000000, 
-0.11850716737553355, 0.03597194419218121, 0.49972846867683446, 2374435000000, 
-0.04591025060776249, 0.15525052674662143, 0.5001568175405043, 2374440000000, 
0.02763566843029821, 0.3531535891552026, 0.5002134885589328, 2374445000000, 
-0.10750815047050932, -0.061496800740859406, 0.5000821092205592, 2374450000000, 
-0.06446780520306337, 0.16446496540861694, 0.4998716692265135, 2374455000000, 
-0.05085218975075623, 0.13833205808783472, 0.49951915108808265, 2374460000000, 
-0.06964818292446207, 0.14263977025097463, 0.5000689030721013, 2374465000000, 
-0.021908903321740857, 0.2835386338101129, 0.5001604602334764, 2374470000000, 
-0.11601905473993755, -0.029015411570836768, 0.49978057425601075, 2374475000000, 
-0.03657097684354181, 0.17641749400410053, 0.49974778023056643, 2374480000000, 
0.009230836453159683, 0.3566359764059204, 0.5000012062614542, 2374485000000, 
-0.13692405441796096, -0.06614780418089902, 0.5001844680297906, 2374490000000, 
-0.07911317770441789, 0.16327659782067633, 0.500226803508665, 2374495000000, 
-0.002841702990563029, 0.33334544800766597, 0.5001817113862733, 2374500000000, 
-0.11054683078466958, -0.05913943311939185, 0.49996515615984866, 2374505000000, 
-0.05103888271325473, 0.171857494157639, 0.5004624466453228, 2374510000000, 
0.010003176403522367, 0.37736097053723694, 0.49971560875192905, 2374515000000, 
-0.09244171031052578, -0.0321414929267754, 0.5001083387149029, 2374520000000, 
-0.06998025724894492, 0.14736166946132828, 0.5004513685521541, 2374525000000, 
-0.04547908677616351, 0.16781350891482796, 0.500048198926406, 2374530000000, 
-0.07153729921194033, 0.11365548191579221, 0.5001006472970395, 2374535000000, 
-0.0031563522630831914, 0.3334321395844201, 0.500186853060623, 2374540000000, 
-0.10457679794174088, -0.02964844236073245, 0.49984464880356133, 2374545000000, 
-0.05555130516134306, 0.15115949869511724, 0.5000705837085543, 2374550000000, 
0.030031362092863494, 0.32516837715875613, 0.49988617865121543, 2374556000000, 
-0.10942996269035905, -0.001058454690769716, 0.4999849876877094, 2374562000000, 
-0.07470476498345394, 0.17293930532025184, 0.5003959598774432, 2374567000000, 
-0.04424092393486945, 0.17341516367846382, 0.49992360632228633, 2374572000000, 
-0.047911062920757884, 0.15750620465706125, 0.5003499690868917, 2374581000000, 
-0.06800148073576483, 0.17191655123104244, 0.5002980225527002, 2374586000000, 
-0.05215667935048596, 0.13045580121333517, 0.5001578678681788, 2374592000000, 
0.00615486025366015, 0.3122032577770386, 0.49998714627682367, 2374597000000, 
-0.11563931974796621, -0.1206275368507872, 0.4999456065158626, 2374602000000, 
-0.02825554528698869, 0.2513554357500598, 0.499940563612403, 2374608000000, 
-0.1298202203369239, -0.13156865668828538, 0.49992320454090344, 2374613000000, 
-0.08728007669604192, 0.1559226068822573, 0.5002454635844956, 2374618000000, 
0.031071590026080977, 0.3327880889909874, 0.4997736121942101, 2374626000000, 
-0.11704930039841416, 0.011056866021778522, 0.5003723222763923, 2374631000000, 
0.049356526583340485, 0.3429967934826307, 0.499694565197213, 2374636000000, 
-0.12850608265506605, -0.050499171277934206, 0.5002115039025403, 2374641000000, 
-0.06398085444960165, 0.21141775056804735, 0.5000739722338816, 2374646000000, 
-0.04167026524983588, 0.1424919902660275, 0.5001922412596251, 2374651000000, 
-0.04221607312907657, 0.14750633872264643, 0.5002472117743272, 2374656000000, 
-0.017229493496288543, 0.3137424794698148, 0.5000655316509639, 2374661000000, 
-0.10351750236476884, -0.04949050238403625, 0.5000751158364201, 2374666000000, 
-0.06316729604630723, 0.1802721904619544, 0.5002091253696356, 2374671000000, 
-0.0029428380719182298, 0.31885121003362915, 0.4999358753215066, 2374676000000, 
-0.12678102712521588, -0.03486123298024815, 0.5001667538824892, 2374681000000, 
0.01734571515266816, 0.32558090698318465, 0.500200534983603, 2374686000000, 
-0.09649255189123378, 0.01554542534821099, 0.49996969596906077, 2374691000000, 
-0.05386962668917397, 0.1410026166152391, 0.500182949870229, 2374696000000, 
-0.02204293792055767, 0.16267151909817817, 0.500410221036176, 2374701000000, 
-0.03484213677726993, 0.11891600626437021, 0.4992554825650588, 2374706000000, 
-0.042365596738991096, 0.15117953798657405, 0.4998577662797085, 2374711000000, 
0.009587800200613967, 0.2915295231960493, 0.5001433645982684, 2374716000000, 
-0.1008441914722267, 0.014399650800254744, 0.4998452571422187, 2374721000000, 
-0.048082307148945236, 0.1483907956446132, 0.499946625214584, 2374726000000, 
-0.0033539733664293527, 0.2631461000417547, 0.5003278274343635, 2374731000000, 
-0.11132586307420257, -0.012891743964598098, 0.49993559246692837, 2374736000000, 
-0.06318042968367496, 0.14891247186643894, 0.4999631525090037, 2374741000000, 
-0.028396763355863653, 0.2747405942473453, 0.49991190488693427, 2374747000000, 
-0.1293777261601955, -0.03211249491942358, 0.4998855812101963, 2374752000000, 
-0.043645900081200534, 0.1756556876667248, 0.5005850254116999, 2374757000000, 
-0.06810363532283893, 0.16624564868345462, 0.5005727006283268, 2374762000000, 
-0.0771940505180177, 0.12406080219440282, 0.5002589792081198, 2374767000000, 
-0.023106050462368046, 0.17712373030374995, 0.5003992963181818, 2374772000000, 
0.04206707829319683, 0.36366969426047524, 0.5002845899475562, 2374777000000, 
-0.11366120802889675, -0.008874089540337433, 0.5002025508715422, 2374782000000, 
0.009830570135681067, 0.3263784676538184, 0.5003935251000357, 2374787000000, 
-0.0969374353972752, 0.027651246648913344, 0.5001226675415383, 2374792000000, 
-0.04398313081014932, 0.18026585836301526, 0.5000601529043668, 2374797000000, 
0.015885851059816682, 0.3035049058327953, 0.4997802805243588, 2374802000000, 
-0.13827310547828323, -0.18561106762104845, 0.5000458992042778, 2374808000000, 
-0.027467264004849182, 0.2133273745292702, 0.4999610635892776, 2374813000000, 
-0.14068261677784788, 0.008889390920988706, 0.5000310867834672, 2374818000000, 
-0.06747564107738516, 0.18578702036372663, 0.5001985827805169, 2374823000000, 
-0.006379501451077966, 0.322630556399042, 0.5001136488868375, 2374828000000, 
-0.07531350296768995, -0.013791297247761087, 0.4999312193181392, 2374833000000, 
-0.018999982477486486, 0.18976055629085006, 0.5002449620005828, 2374838000000, 
-0.046653974482643495, 0.11975902603524578, 0.4999076798147947, 2374843000000, 
-0.062294932960478076, 0.1611050217115358, 0.4999416509412448, 2374848000000, 
-0.07367572420568039, 0.14821051798386306, 0.5005541400590591, 2374853000000, 
-0.0550089267659483, 0.13309140714012974, 0.49992270486371926, 2374858000000, 
-0.05215230401918185, 0.1685472531995974, 0.5000972156262209, 2374863000000, 
-0.00920780588740593, 0.2967625348179787, 0.4997639788755863, 2374868000000, 
-0.11700034488093244, 0.013219099624140768, 0.500024980222892, 2374873000000, 
-0.022312093844708954, 0.2552937309284672, 0.4997461656540531, 2374878000000, 
-0.10665792855796422, -0.03588010712308069, 0.5001676702635821, 2374883000000, 
-0.03860104888936221, 0.15140771724719024, 0.5005136790929176, 2374888000000, 
0.02972622437501935, 0.2989940633364467, 0.499897634684049, 2374893000000, 
-0.15000137921293166, -5.4856473814621914e-05, 0.49978605673683324, 2374898000000, 
-0.01568857593411306, 0.15996398315779348, 0.5004158394361461, 2374903000000, 
0.007366780620526255, 0.267722401715597, 0.49989691474300707, 2374908000000, 
-0.1192803281123495, 3.2594116243614066e-05, 0.5001353347989245, 2374913000000, 
-0.04967329444626737, 0.1499967201068091, 0.5003679608856976, 2374918000000, 
0.022295932993893687, 0.3019354727844407, 0.50002031902436, 2374923000000, 
-0.15739403765045967, -0.1227856382648418, 0.49988978114678684, 2374929000000, 
-0.018148111023929672, 0.25825365505242703, 0.4997992622042647, 2374934000000, 
-0.14271324631309137, -0.0229050698978099, 0.4999391404093036, 2374939000000, 
-0.09466188774915603, 0.1591140072772571, 0.5001680703711925, 2374944000000, 
-0.011939186242177994, 0.25448746363854563, 0.49976253378114416, 2374949000000, 
-0.19374059869220647, -0.12998289718515801, 0.5000559127206177, 2374954000000, 
0.023583280130177943, 0.24775360347210448, 0.5000687157185175, 2374959000000, 
-0.1242687596536598, 0.016546760886522065, 0.4997890667355085, 2374964000000, 
-0.026711588219965957, 0.18518122417982924, 0.499881425961368, 2374969000000, 
-0.030551949898114217, 0.24495717559482763, 0.4999037491294464, 2374974000000, 
-0.11399414936361314, -0.03162614862421842, 0.4999463875706935, 2374979000000, 
-0.05138743910854224, 0.18164928173779543, 0.5001861083146134, 2374984000000, 
-0.06275691282075349, 0.13095216059782758, 0.49981940916966844, 2374990000000, 
-0.044108424950503836, 0.18446470947221205, 0.4998279414909251, 2374995000000, 
-0.01574580283651974, 0.17560632899761688, 0.4997867470756392, 2375002000000, 
-0.06853813623937502, 0.12421371509556087, 0.5000481323331414, 2375007000000, 
-0.006228635016604445, 0.27473848046156846, 0.5001782305331197, 2375012000000, 
-0.07269233801759294, 0.03975290990060501, 0.500137991714476, 2375017000000, 
-0.08216729864503236, 0.18823059335416523, 0.5003419847315859, 2375022000000, 
0.0018570108030410285, 0.2897351886300028, 0.5001077498627626, 2375027000000, 
-0.08588181022573405, -0.013924573150241995, 0.5001918930595156, 2375032000000, 
-0.045609948015078575, 0.14939029566802706, 0.500316697908833, 2375039000000, 
-0.044143602541669595, 0.1309926928716137, 0.5002707217495841, 2375044000000, 
0.005913136315336402, 0.27654992944461826, 0.5001224763733534, 2375050000000, 
-0.0903768291100788, 0.011469265217803696, 0.4999353526588838, 2375055000000, 
-0.08934506017939436, 0.16357688074442184, 0.5001266125473306, 2375060000000, 
0.004905160741295713, 0.28485183526873403, 0.5000111942164536, 2375066000000, 
-0.11272945989104041, -0.047462398447023, 0.500103649500659, 2375071000000, 
-0.054162538044831364, 0.1806549787531077, 0.5000156618300039, 2375076000000, 
-0.05500089745184298, 0.15789201877066844, 0.49957562698719066, 2375081000000, 
-0.08831665885400942, 0.1422068555343552, 0.5002668795499887, 2375086000000, 
-0.020103317899915252, 0.26939897741271845, 0.5000719734501122, 2375091000000, 
-0.08595343397798963, 0.002967013814878917, 0.49935257238279257, 2375096000000, 
-0.04358932045825902, 0.16475888563038293, 0.5005889885273432, 2375101000000, 
0.004491173094479676, 0.24041405315464032, 0.4998882314131665, 2375106000000, 
-0.10004476824888221, -0.012044189428516008, 0.49940107482411494, 2375111000000, 
-0.10304979893451081, 0.17146812641454398, 0.5004723127023823, 2375116000000, 
-0.04371799541270206, 0.27383620003931824, 0.49965467183176954, 2375121000000, 
-0.0847611546648071, 0.030372838837769853, 0.49989934002121383, 2375126000000, 
-0.08555611454463888, 0.1620265861736971, 0.5003201760178038, 2375131000000, 
-0.014754990438917502, 0.2773733991133241, 0.4999487196396894, 2375136000000, 
-0.1153692180351824, 0.020922617446732097, 0.5000538691287315, 2375141000000, 
-0.06299015775430937, 0.19767431629495405, 0.500468801812744, 2375146000000, 
-0.008872841859227697, 0.2600404858563535, 0.49995687531524996, 2375151000000, 
-0.10570186171907915, 0.022766489803080457, 0.5000678757486363, 2375156000000, 
-0.0628391042340711, 0.17828848189613103, 0.5001526414116804, 2375161000000, 
-0.04582573218706071, 0.11198978282190067, 0.4999976889449014, 2375166000000, 
-0.046761171663747624, 0.16354727565301583, 0.5001360492443243, 2375171000000, 
0.014142948071605335, 0.27792607669485186, 0.49985904032538897, 2375176000000, 
-0.11768452470872884, -0.04700338003508199, 0.5002722313647839, 2375181000000, 
-0.055066251987905934, 0.1761545806701502, 0.500364800000576, 2375186000000, 
-0.058204203606983945, 0.13162307574293633, 0.49956455491547025, 2375191000000, 
-0.06561109374333783, 0.21044561709111317, 0.49998994614179765, 2375196000000, 
-0.04973265053517565, 0.14846876683020574, 0.4998489055195498, 2375201000000, 
-0.05527539735924033, 0.09970574493413488, 0.49999810742090556, 2375206000000, 
-0.050731721753261606, 0.19412350162924738, 0.5003027373587762, 2375211000000, 
0.005585217373442284, 0.273944333876185, 0.4999065349176922, 2375216000000, 
-0.09378352580060528, 0.01502079505120647, 0.49998314212263356, 2375221000000, 
-0.00236522635611682, 0.2584230824023739, 0.5004313245038983, 2375226000000, 
-0.06563594236005832, -0.031281791547863674, 0.49997945145917616, 2375231000000, 
-0.07206741500209068, 0.18060415557172088, 0.4999888272531382, 2375236000000, 
-0.011611236898961468, 0.26857421111188434, 0.49976975901496284, 2375241000000, 
-0.07537386584619638, 0.0004548369043927362, 0.5000237549296102, 2375246000000, 
-0.05747238919259452, 0.15896114540780545, 0.5001304846000361, 2375251000000, 
0.013152757357191267, 0.2630357435040623, 0.4996719941757509, 2375256000000, 
-0.08862100422202888, 0.01714545290408357, 0.5000330691056218, 2375261000000, 
-0.06322732594283603, 0.16917680794246553, 0.5002471598113499, 2375266000000, 
-0.03785591795490868, 0.16077243799278246, 0.4997899999934041, 2375271000000, 
-0.0393927062802377, 0.13310536033634457, 0.5004049417525633, 2375276000000, 
0.010601404943763493, 0.26662946651571207, 0.5004291647286595, 2375281000000, 
-0.10006949172849952, 0.019566439064154773, 0.4996113474441123, 2375286000000, 
-0.039721092942131636, 0.17387326696421312, 0.4999764968668093, 2375291000000, 
-0.0066560263188475645, 0.27045036338132933, 0.5003315543321173, 2375296000000, 
-0.10867916031925667, -0.013821792635956929, 0.500050566642941, 2375301000000, 
-0.04528125905254061, 0.19481694605171435, 0.5000592930692647, 2375306000000, 
0.016845483895680167, 0.24391244027267442, 0.5002367851210369, 2375311000000, 
-0.12021779059545844, 0.004770104781232619, 0.5000170001950026, 2375316000000, 
-0.04278230889027942, 0.14948785347740642, 0.4998249898009025, 2375321000000, 
-0.0016299653348452944, 0.26718086665603485, 0.4994471365458781, 2375326000000, 
-0.11304715753553128, 0.0385845438454646, 0.5002552986954478, 2375331000000, 
-0.038537881674044, 0.15272023126760742, 0.5002281695145692, 2375336000000, 
-0.042984628243389916, 0.1404309017657525, 0.49968282594934404, 2375341000000, 
-0.04397540393125444, 0.19066898963945744, 0.5003863221689189, 2375346000000, 
-0.011941311983004401, 0.2670548428940082, 0.5000275217946032, 2375351000000, 
-0.12640237493034945, -0.02628475966599967, 0.4999790383708854, 2375356000000, 
-0.06505888365001804, 0.15909892785304144, 0.5002950121411543, 2375361000000, 
0.0060777618580443275, 0.2393893677886803, 0.4999606738934053, 2375366000000, 
-0.10681425255699108, 0.05193023976909799, 0.5001088370171717, 2375373000000, 
-0.043055922300909925, 0.28063468787579, 0.4997327219183877, 2375378000000, 
-0.09182252102664125, 0.009411554902352083, 0.4998046990713193, 2375383000000, 
-0.09019871539020646, 0.1686185263558577, 0.5002906786339165, 2375388000000, 
0.0418802341505613, 0.35212845384947294, 0.49997062737217335, 2375393000000, 
-0.07785815607025572, 0.11503095574980315, 0.5003874549663885, 2375399000000, 
-0.03274760187764651, 0.24407011781065482, 0.49989174755070853, 2375405000000, 
-0.09498733428910922, 0.018267759640592997, 0.5003054560859349, 2375410000000, 
0.0054285073987315885, 0.2664762184305117, 0.5002360539007171, 2375415000000, 
-0.12565760886226116, 0.044050113824224094, 0.49990032658938965, 2375420000000, 
-0.007659471782443444, 0.1763007139690679, 0.5002812588945401, 2375425000000, 
-0.038362228758541124, 0.2804241064478562, 0.49979729912397863, 2375430000000, 
-0.10483840532170523, 0.011037385116807748, 0.50002967838819, 2375435000000, 
-0.04818951295481441, 0.17631250520881783, 0.49999894127516237, 2375440000000, 
-0.06719627311243305, 0.15076592850465176, 0.4997387259078423, 2375445000000, 
-0.09354543160903386, 0.12869909612160477, 0.5001078863411788, 2375450000000, 
0.007486774408718415, 0.28046642997008225, 0.5002895548672702, 2375455000000, 
-0.09078259606634304, 0.002158498147459928, 0.5000432655770884, 2375460000000, 
-0.014783325435506076, 0.20544339158903419, 0.4999321908726145, 2375465000000, 
-0.02419493966967671, 0.2728975728223526, 0.4995368418840528, 2375470000000, 
-0.10078792835082184, -0.05231546154001597, 0.4997585984291361, 2375475000000, 
-0.03376315624654115, 0.17133185387665065, 0.5001353626998749, 2375480000000, 
-0.06277021359040949, 0.11825263185052039, 0.5000310969864965, 2375485000000, 
-0.0366249100952689, 0.14631583812665483, 0.500131791481681, 2375490000000, 
-0.03316997702208811, 0.26423861055705344, 0.500230103980496, 2375495000000, 
-0.108168865909612, 0.0287316961294121, 0.499791667487908, 2375500000000, 
-0.04921759050200627, 0.15275887236850072, 0.5004387484696706, 2375505000000, 
-0.05636341645399224, 0.1488242945601609, 0.5000084326462981, 2375510000000, 
-0.021022591016241765, 0.1387182681882663, 0.5001200557101834, 2375515000000, 
-0.014113992663850366, 0.26166908682816, 0.5003545485014752, 2375520000000, 
-0.07117445267151515, 0.08690137539157422, 0.4994867961276937, 2375525000000, 
-0.03197059234227151, 0.1636331687216528, 0.5000242074646781, 2375530000000, 
-0.0026084740489474775, 0.3087773862198344, 0.4996635375029099, 2375535000000, 
-0.11014367684191605, 0.004112741097689455, 0.4998507092596873, 2375541000000, 
-0.06942386928467827, 0.16588327456236632, 0.5002404589590943, 2375546000000, 
-0.0036488201069270042, 0.29474298803750415, 0.49993701830071885, 2375551000000, 
-0.09789943608654955, -0.025256847610669313, 0.5001937369810264, 2375556000000, 
-0.05491885373158468, 0.15417296384607765, 0.5001548626724183, 2375561000000, 
-0.036630532328189774, 0.28363567519737537, 0.49994316235705094, 2375566000000, 
-0.09124993663542175, 0.0006024570195180823, 0.5001501086039565, 2375572000000, 
-0.045535570391950296, 0.17855749287756306, 0.5003304593670078, 2375577000000, 
-0.031379424203976145, 0.2566660190374179, 0.5002830021462035, 2375582000000, 
-0.11845007131492868, 0.02399878350462423, 0.49999811355522916, 2375587000000, 
-0.05602799742238414, 0.15757230353977564, 0.5006006561497329, 2375592000000, 
-0.01785249513942848, 0.2742458022444054, 0.5003255794675686, 2375597000000, 
-0.06734709590733469, 0.05569217394813204, 0.4999614724013516, 2375602000000, 
-0.0142510705180965, 0.179099389979609, 0.5003074973681472, 2375607000000, 
-0.052958850538484425, 0.26075224348689713, 0.4997905949667956, 2375612000000, 
-0.0890775196550637, 0.03449399276251745, 0.5000597727192354, 2375617000000, 
-0.06537483257263081, 0.15943213410259038, 0.5005621692973622, 2375622000000, 
-0.03480728267907454, 0.27065518027941976, 0.499875916455834, 2375627000000, 
-0.10918178092203767, 0.06807338759272963, 0.5004312511467497, 2375632000000, 
-0.05295682148469784, 0.16181288063225277, 0.4999643122158198, 2375637000000, 
-0.040835805506057324, 0.2920634620690378, 0.5000363075286879, 2375642000000, 
-0.08976571933573203, 0.04334981319353317, 0.5001320853991573, 2375647000000, 
-0.051932105087020015, 0.2679240559508467, 0.5003029530290931, 2375652000000, 
-0.09059324615994561, 0.04423867882172827, 0.4999664071012293, 2375657000000, 
-0.0620672711783312, 0.16877419339674993, 0.5006059814344278, 2375662000000, 
0.022813129423842136, 0.35186685915524163, 0.5000374524655601, 2375669000000, 
-0.07347880873885863, 0.07762367787601372, 0.5000488813999399, 2375674000000, 
-0.014236405448889367, 0.24668761056075905, 0.4996187978745886, 2375679000000, 
-0.08349364525835347, 0.03571168177359805, 0.5002276803529561, 2375684000000, 
-0.039045815370994504, 0.25635159407374214, 0.5001320705444972, 2375689000000, 
-0.06797498220660952, 0.0678918306795699, 0.5001898811872115, 2375695000000, 
-0.07049646645319071, 0.1930241991801232, 0.4999380459510575, 2375700000000, 
-0.019844559197072544, 0.23194989360044746, 0.4997443675806906, 2375705000000, 
-0.13527458394120218, 0.02806616938679759, 0.49986666427555065, 2375710000000, 
-0.020838857168482487, 0.25193649926677725, 0.5002419433849461, 2375715000000, 
-0.06518555247512786, 0.0609981208670687, 0.5001885300499385, 2375722000000, 
-0.04046832716608466, 0.1613169780883791, 0.5004682136070239, 2375727000000, 
-0.08028972128141533, 0.1795970785274032, 0.5002590555052715, 2375732000000, 
-0.05340415949934841, 0.11924168630006036, 0.5001645977596585, 2375738000000, 
-0.023969796166329264, 0.28872783164473304, 0.500137026000158, 2375743000000, 
-0.07193118538460144, 0.05438495791618839, 0.49980861567945467, 2375748000000, 
-0.06899662195397303, 0.14490294839547257, 0.5004193705260661, 2375753000000, 
-0.03099985728690008, 0.15928567561787502, 0.49977970480197703, 2375758000000, 
-0.05518544117494789, 0.14937623190405597, 0.5000413720447381, 2375763000000, 
-0.04300715903735084, 0.24100761263106982, 0.49981033452815915, 2375768000000, 
-0.08897886169626193, 0.03997031448517975, 0.4998967154207062, 2375773000000, 
-0.04560666854415027, 0.17677713039363804, 0.5004689692513213, 2375778000000, 
-0.02124959954530418, 0.31107972691134145, 0.4999355046707937, 2375783000000, 
-0.06895013441704935, 0.04498199702440691, 0.5001712395860739, 2375788000000, 
-0.047589876540576156, 0.2352128289270869, 0.5000148181313809, 2375793000000, 
-0.09851771364933135, 0.003481578119081098, 0.49975270733218385, 2375798000000, 
-0.0503123825805706, 0.17621626380330366, 0.5000549138556885, 2375803000000, 
-0.03436787301703567, 0.29553863277743647, 0.49955885175355075, 2375808000000, 
-0.09084098011320307, -0.008758061781842533, 0.5000045349360959, 2375813000000, 
-0.08295959281189322, 0.15450406610413878, 0.500042934275169, 2375818000000, 
-0.06289496914447891, 0.12653889750082492, 0.5001916310445277, 2375823000000, 
-0.07448564126367702, 0.15553838688017477, 0.5004358656301261, 2375828000000, 
-0.048270669543190294, 0.259265008022268, 0.4999458249971963, 2375833000000, 
-0.07992214746449314, -0.024215693173085244, 0.4997263245461239, 2375838000000, 
-0.07242833322751686, 0.17059660520353756, 0.5001213984688844, 2375843000000, 
-0.05601502753551346, 0.12797886899127187, 0.49953112799559973, 2375849000000, 
-0.03364103100867126, 0.168778428759309, 0.5002195342767943, 2375854000000, 
-0.03518495696646514, 0.27352178875939787, 0.4998942751284326, 2375859000000, 
-0.06877058098120306, -0.0008929632615931032, 0.49979240962018445, 2375864000000, 
-0.044684939997555406, 0.20758133173819127, 0.5001093174462546, 2375869000000, 
-0.0007213166404724525, 0.28057397942336315, 0.49940650036170176, 2375874000000, 
-0.07009562155814002, -0.008500323892461546, 0.4996295125645851, 2375879000000, 
-0.020835216159702123, 0.2963254957376969, 0.50024374381436, 2375884000000, 
-0.027632288603802402, 0.03554955139438642, 0.49996698987566224, 2375889000000, 
-0.04574982657342709, 0.19904426875517608, 0.5001004393852213, 2375894000000, 
-0.054551716081439966, 0.265508584131139, 0.5000357125702568, 2375899000000, 
-0.09260004483547235, 0.028298929909581237, 0.5001521175471784, 2375904000000, 
-0.05669705606969755, 0.15300688349765965, 0.5002500579712099, 2375909000000, 
-0.05432773188712929, 0.27509572113331116, 0.5001638601985873, 2375914000000, 
-0.049228243811847094, 0.04954524403656625, 0.49979609189450014, 2375919000000, 
-0.027424215071122436, 0.22534745085461985, 0.4998692733334725, 2375926000000, 
-0.07496024605255125, -0.021083269834024528, 0.4997234298246267, 2375931000000, 
-0.06179005549537598, 0.14345288616175894, 0.5004150653370903, 2375939000000, 
-0.020972840296782688, 0.13293563340893225, 0.5001642279883479, 2375944000000, 
-0.06171082908856963, 0.18123366234946028, 0.5001084492772281, 2375951000000, 
-0.030964511537480442, 0.26164036123244433, 0.4999952154703433, 2375956000000, 
-0.047175258696102826, 0.032212113636336456, 0.4999629394763507, 2375961000000, 
-0.07504165037091155, 0.15116253474469993, 0.5004960008503023, 2375966000000, 
-0.05609283955993276, 0.14084767370107149, 0.4999140070343028, 2375971000000, 
-0.045993905216490785, 0.14102927985846497, 0.5002737364456384, 2375976000000, 
-0.01970650958856744, 0.2966761937328927, 0.5000940745282375, 2375981000000, 
-0.08562750601758819, -0.01799260594802145, 0.49999754530008433, 2375987000000, 
-0.06439137407057896, 0.1425901771244555, 0.5002456566662351, 2375992000000, 
-0.023099572867338405, 0.28434169442871854, 0.4999362922110983, 2375997000000, 
-0.08437364321433528, 0.04102424292105286, 0.49995565031432054, 2376003000000, 
-0.0026308383999992316, 0.3395398561942985, 0.4999142610272792, 2376008000000, 
-0.0943889606821716, 0.03247716208296466, 0.49955624727667514, 2376013000000, 
-0.06432462336825265, 0.10942767144261417, 0.5005140112243023, 2376018000000, 
-0.003401339516031795, 0.46161295913841704, 0.5003040047813256, 2376023000000, 
-0.05868892454787174, 0.10363686065853325, 0.5001995468150411, 2376029000000, 
-0.04689742810698774, 0.25009736879035976, 0.4998971174662282, 2376034000000, 
-0.07812028679695261, 0.019422288450050576, 0.5000105333882194, 2376039000000, 
-0.07392857302336814, 0.1708766595451655, 0.5001952927021543, 2376044000000, 
-0.05342209550878335, 0.15195126570690617, 0.49984600557120734, 2376049000000, 
-0.06068840159729462, 0.12002013273033349, 0.49989252956423796, 2376054000000, 
-0.03509904287656293, 0.3174748364323504, 0.5002547519997185, 2376059000000, 
-0.05748546122170878, -0.009822715587203396, 0.5001142868008268, 2376064000000, 
-0.058706606689100875, 0.18195498320699402, 0.500609693012116, 2376069000000, 
-0.049942446725803724, 0.25631508611782167, 0.5000141785101938, 2376075000000, 
-0.08105991119558573, 0.035580552149660126, 0.4998452508175229, 2376080000000, 
-0.04278969517143653, 0.16983409900911212, 0.5001160959685351, 2376085000000, 
-0.022689554356885723, 0.23344351205039016, 0.5000138373891203, 2376090000000, 
-0.08419568268051092, -0.010910610547570043, 0.4998876669357798, 2376095000000, 
-0.05758142735193966, 0.17005893494931593, 0.5001597199181873, 2376100000000, 
-0.10203339204945165, 0.1503765242468351, 0.49982177339445794, 2376106000000, 
-0.06724743030396675, 0.1549521418537013, 0.4999732926498968, 2376111000000, 
-0.06671724913619295, 0.2611241167915562, 0.5002960192485659, 2376116000000, 
-0.049339337421662584, 0.20131904634942366, 0.49969368881082166, 2376121000000, 
-0.08870091515597403, 0.044431891055292036, 0.5002186345603512, 2376127000000, 
-0.039850897911625674, 0.2729431135304596, 0.49982347517164405, 2376132000000, 
-0.05066089931666771, -0.029234980600556414, 0.4997295008609626, 2376137000000, 
-0.06328366484505957, 0.2025404849759556, 0.500204360566001, 2376142000000, 
-0.022823115003691687, 0.2786786917213352, 0.5001628369145408, 2376147000000, 
-0.09053682722388649, -0.009389544950732768, 0.499923755237821, 2376152000000, 
-0.0041978937624806145, 0.17134144931994774, 0.5000880488904815, 2376157000000, 
-0.0495745899941121, 0.28769498236477775, 0.5005712053449008, 2376162000000, 
-0.08025551218653147, 0.05111689888423382, 0.5001300547208023, 2376167000000, 
-0.029623222206884934, 0.14251128808575014, 0.500314314365244, 2376172000000, 
-0.03899147973093784, 0.281589787434096, 0.5001758625282688, 2376177000000, 
-0.07889414159324595, -0.024135750850196314, 0.5002077088871598, 2376182000000, 
-0.03885345749295001, 0.25448659338086127, 0.5004604523870766, 2376187000000, 
-0.06110623853723468, 0.024241891449340046, 0.4996078573397159, 2376192000000, 
-0.0309692628791115, 0.1596341145337522, 0.5002592651094165, 2376197000000, 
-0.0393480817962977, 0.3156752827570857, 0.5001824679326964, 2376202000000, 
-0.08919747863937155, 0.04020348467220013, 0.4999582844645443, 2376207000000, 
-0.08688279417428513, 0.18203795802589792, 0.5002856286289489, 2376212000000, 
-0.05471504346485916, 0.16280157629322356, 0.5000122286164271, 2376217000000, 
-0.04247634911942408, 0.1349992087069658, 0.4997226132513975, 2376225000000, 
-0.055618221148640117, 0.17781137406972056, 0.5001263956525674, 2376230000000, 
-0.05381717375884385, 0.14663164464042483, 0.5001910246426287, 2376235000000, 
-0.07587365080912581, 0.2870145622965633, 0.5001260273816867, 2376241000000, 
-0.05377622427747444, 0.07530453518718956, 0.5001746428490906, 2376246000000, 
-0.06176563974017535, 0.15637849383558014, 0.5001694774538832, 2376251000000, 
-0.04982615091100197, 0.12737757296991908, 0.49972687102337915, 2376256000000, 
-0.0469429159717957, 0.1497370536528095, 0.5000948293921177, 2376261000000, 
-0.052185143972337325, 0.28391693697725123, 0.5000862774745626, 2376266000000, 
-0.08659347438344385, 0.04379548578913965, 0.5000433739759843, 2376271000000, 
-0.09714332060269146, 0.19586091979512782, 0.5000556722333257, 2376276000000, 
-0.03827907361417094, 0.28596280783874295, 0.5002452530941491, 2376281000000, 
-0.10460346665644199, 0.019825292735439093, 0.49998887373693024, 2376287000000, 
-0.057575793794927825, 0.1653056153367516, 0.5003683885773232, 2376292000000, 
-0.04545357563589454, 0.28871855454288814, 0.4999281209447282, 2376297000000, 
-0.10098695190787532, 0.001334390822800912, 0.5005796719067728, 2376302000000, 
-0.06199434618112996, 0.1411953742105495, 0.500315370295253, 2376307000000, 
-0.0641599983231636, 0.13573939368997506, 0.4997918183125198, 2376312000000, 
-0.07379249151865551, 0.15384562160913032, 0.5003884810307286, 2376317000000, 
-0.046352012635523826, 0.2623379923978278, 0.49990868527027904, 2376322000000, 
-0.11672037757228118, -0.047785777725330235, 0.49992635921257644, 2376327000000, 
-0.04777473610533452, 0.15566845618061123, 0.5005036846974036, 2376334000000, 
-0.059877563042456595, 0.12443189899703488, 0.5001685109897658, 2376340000000, 
-0.035253525518180284, 0.15912972320402702, 0.5001330499418495, 2376345000000, 
-0.018775266714709818, 0.2584449771093259, 0.4999565754829064, 2376350000000, 
-0.08619680738960017, 0.017611303874259965, 0.5004669979251134, 2376355000000, 
-0.046066951539995724, 0.32227789785955707, 0.49988966099233334, 2376360000000, 
-0.06681769119404893, 0.00448728241234622, 0.5000142383898495, 2376365000000, 
-0.0492090605395748, 0.17614861661837317, 0.5004767549128116, 2376370000000, 
-0.005980048539115788, 0.2876042360074405, 0.49982307028668554, 2376375000000, 
-0.08467244363033044, -0.02469799893358216, 0.5001076683509696, 2376380000000, 
-0.04624929404207856, 0.2692248237094861, 0.5004589912623515, 2376385000000, 
-0.07573551109682541, 0.00794445999062657, 0.5003173371670385, 2376390000000, 
-0.04906542370412437, 0.1813278065084487, 0.5002020856889051, 2376395000000, 
-0.024677204642807784, 0.3610829292118333, 0.5001878696508142, 2376400000000, 
-0.101998316927077, 0.011699436510638024, 0.4998042593785778, 2376405000000, 
-0.05592949458342656, 0.14076542162263286, 0.5000327860344249, 2376411000000, 
-0.0538281287745586, 0.13974443975786124, 0.5003303431098257, 2376416000000, 
-0.03906801243451266, 0.18659198319165288, 0.5000920451176398, 2376421000000, 
-0.03523696378542792, 0.3068704678560644, 0.4999700218941178, 2376426000000, 
-0.09888341660196452, -0.012325846133838643, 0.5000837562741224, 2376431000000, 
-0.05048079996046193, 0.13949600639205678, 0.5003446361210109, 2376436000000, 
-0.05469468300305775, 0.1658469378242048, 0.49997616800108485, 2376442000000, 
-0.06305933291548409, 0.1372088449055017, 0.4998844349903605, 2376447000000, 
-0.016182004916826004, 0.3441326459109215, 0.5001725476110169, 2376452000000, 
-0.08632062490540243, -0.019894805014766582, 0.49969653367435746, 2376457000000, 
-0.04514268734246035, 0.17310162156197467, 0.5000430091514896, 2376462000000, 
-0.03317010094736599, 0.2860512631606195, 0.5001771001144216, 2376467000000, 
-0.10429575641543427, -0.015638350585701295, 0.49991774460648736, 2376472000000, 
-0.027322626488480602, 0.3161626582039377, 0.5003228853428787, 2376477000000, 
-0.10087502725292505, -0.012768426225928777, 0.49983088327189507, 2376482000000, 
-0.04952280632353762, 0.1323623082885812, 0.5001648187924355, 2376487000000, 
-0.01881739157351784, 0.30830644703934806, 0.49996008672424835, 2376492000000, 
-0.06149222079208107, -0.012502502672102875, 0.49976179230025247, 2376497000000, 
-0.04791658141766236, 0.14592941319444416, 0.500448586546323, 2376502000000, 
-0.01937083767255119, 0.3134736168264135, 0.4998857846456317, 2376507000000, 
-0.11070590149300039, -0.07735437982508418, 0.4999743365985908, 2376512000000, 
-0.028268028563163232, 0.3106105713524541, 0.5002954870013535, 2376517000000, 
-0.06579497468320478, -0.01441920847192959, 0.499937401459408, 2376522000000, 
-0.05125356769795561, 0.14987537058995642, 0.5005115735817405, 2376528000000, 
-0.052779712173493844, 0.2356496985727128, 0.49975278874608375, 2376533000000, 
-0.0805192587762968, -0.020464336047007058, 0.5003231848395282, 2376538000000, 
-0.017643257146120056, 0.2977939219778015, 0.5001158854987046, 2376544000000, 
-0.0694388300371565, 0.002097323985680216, 0.500185997143562, 2376549000000, 
-0.04911189666530157, 0.1431355352669485, 0.5002880958500522, 2376554000000, 
-0.08823797610204907, 0.145664784817747, 0.49968253754711556, 2376560000000, 
-0.03846831415582937, 0.11987064909284335, 0.5002602645853174, 2376565000000, 
-0.0228886250313564, 0.31230896142013853, 0.4999991520855746, 2376570000000, 
-0.11754565786520367, -0.020462507919453466, 0.5000391885626335, 2376577000000, 
-0.05214295715996905, 0.14655031967338594, 0.49986438506990033, 2376582000000, 
-0.05997121536465063, 0.15158754800470034, 0.5000205890661975, 2376587000000, 
-0.08215862537780842, 0.18330198326316013, 0.499841018078469, 2376592000000, 
-0.03333762419692113, 0.33383934136203636, 0.5004270945037758, 2376599000000, 
-0.07653455520748631, 0.061532126498522015, 0.5003255878108155, 2376605000000, 
0.01709876942010772, 0.2889346236808999, 0.5002668588105368, 2376611000000, 
-0.06185577053036144, 2.4551439545980602e-05, 0.5000748732627363, 2376618000000, 
-0.003692694958104044, 0.15438864128718258, 0.5007189809505548, 2376623000000, 
-0.008893427561134431, 0.36161685573245284, 0.49985624372201637, 2376628000000, 
-0.08383711493045079, 0.018326740566107138, 0.5002929877653521, 2376633000000, 
-0.03787844978384527, 0.1375591619219637, 0.5004690847550727, 2376638000000, 
0.0005412757748589998, 0.3169713059524085, 0.5000449345204476, 2376643000000, 
-0.07901558136395175, 0.06025981675189053, 0.4999738449120844, 2376648000000, 
0.025179878868472068, 0.3939673619937733, 0.5005261075155994, 2376653000000, 
-0.10613552195360146, 0.011371323720181296, 0.500049690102927, 2376659000000, 
-0.0528867193249035, 0.1781623510021357, 0.49992014278987235, 2376664000000, 
-0.06460335487266751, 0.14131523400152712, 0.49969350051501044, 2376669000000, 
-0.031613816390045874, 0.14273503382559766, 0.4996094544794436, 2376674000000, 
-0.07324388664430355, 0.16173765501179344, 0.5004375708726139, 2376679000000, 
-0.06268462902598103, 0.14954552332990798, 0.5001977315515274, 2376684000000, 
-0.03610920751415307, 0.1485228427216357, 0.5000524621023245, 2376689000000, 
-0.0013474182244853083, 0.2770500582593874, 0.5002745886103945, 2376694000000, 
-0.0796039055991429, -0.021840564153390214, 0.5001517323197441, 2376699000000, 
-0.032073081739991835, 0.14023082456040928, 0.5003046406103592, 2376704000000, 
-0.0070311157644878134, 0.29820677542030255, 0.5003321687111124, 2376709000000, 
-0.11076608096268327, -0.03813470361175074, 0.4999684941213398, 2376714000000, 
-0.04950810718471201, 0.180307332116523, 0.5002216033297073, 2376720000000, 
-0.024623568839497165, 0.271888046014944, 0.4996040597049733, 2376725000000, 
-0.1357050727789889, -0.08290984077875252, 0.5002444463516543, 2376730000000, 
-0.04734550642654862, 0.16374315585946814, 0.5004821117454563, 2376735000000, 
-0.09892626416500304, 0.14167863097929576, 0.49988503595803896, 2376740000000, 
-0.06481163020747167, 0.17090557881658394, 0.500156071459603, 2376745000000, 
-0.04470886993239092, 0.36642990886839744, 0.5002463789245156, 2376750000000, 
-0.13551301699815274, -0.0187710529021256, 0.49980479478450074, 2376755000000, 
-0.015411233263717697, 0.17534413682032873, 0.5004262780361177, 2376760000000, 
-0.019860739176946786, 0.30127303480462014, 0.49987000799403875, 2376765000000, 
-0.15799906177659828, -0.0961038789334996, 0.5001650707170949, 2376770000000, 
-0.02959770697909992, 0.15852946764645318, 0.5003813558596115, 2376775000000, 
0.01937609020267572, 0.31095539110255466, 0.49987619064015787, 2376780000000, 
-0.1461553963341978, -0.07552153599450062, 0.49970426175516636, 2376785000000, 
-0.041229694666137504, 0.15294311542837496, 0.5001472236965032, 2376790000000, 
-0.01803113042415209, 0.29537451762171374, 0.49960597192281136, 2376795000000, 
-0.11158783372662692, -0.040869391631945876, 0.4999911373237374, 2376800000000, 
-0.03553015277792679, 0.18720940505731504, 0.5002004589555045, 2376805000000, 
-0.05080667683170302, 0.08321388442105965, 0.499898713559193, 2376810000000, 
-0.02605444676340637, 0.1742861859899527, 0.500327348578663, 2376815000000, 
0.022735345408229805, 0.3485741224585819, 0.5000826944967136, 2376820000000, 
-0.13616150288125917, -0.04823654383192462, 0.5002880898605824, 2376825000000, 
-0.07443039163233559, 0.19782179496506225, 0.5004665486209422, 2376830000000, 
0.02193647221878573, 0.3993629120424356, 0.49952860279207023, 2376835000000, 
-0.0917602770413625, 0.002753754364340142, 0.49999233451484093, 2376841000000, 
0.000863480814484948, 0.3213697048444508, 0.4998912961548249, 2376846000000, 
-0.14541412310860072, -0.14286850762554298, 0.49997232363152055, 2376851000000, 
-0.05617556944099381, 0.16426689544904438, 0.5002827571098047, 2376856000000, 
-0.044564673084383, 0.12511671368750227, 0.49948499646446104, 2376861000000, 
-0.051733259077758824, 0.13977942073816446, 0.49979668064744365, 2376867000000, 
0.012220147872091146, 0.3301888850010249, 0.5006386186035499, 2376872000000, 
-0.016661517411218123, 0.25134730945167644, 0.5001538868718142, 2376877000000, 
-0.09643320874055834, 0.003833037895581922, 0.49992250378085157, 2376882000000, 
-0.012148526272225648, 0.3287684670843319, 0.4997702614731297, 2376887000000, 
-0.1341856997126992, 0.03751828698143059, 0.5001043963569437, 2376894000000, 
-0.048847855359359364, 0.1785977544207188, 0.5003805619442583, 2376899000000, 
0.01874202555511604, 0.3734776139666022, 0.49971377015486934, 2376904000000, 
-0.16495088230695482, -0.08470381482188626, 0.5000981613651415, 2376909000000, 
-0.037885222540210414, 0.15048582125065335, 0.5002104149493153, 2376914000000, 
0.015325800481698303, 0.3227032788131549, 0.5004579561294757, 2376919000000, 
-0.15692479222260158, -0.07644567666078383, 0.5002167199405831, 2376925000000, 
-0.02704964134246524, 0.1541078886036806, 0.5001759388623163, 2376930000000, 
0.09527447392107624, 0.37651258368044377, 0.500103123149264, 2376935000000, 
-0.11572978775724796, -0.04232135211260613, 0.49992867144128095, 2376940000000, 
-0.02052887828123152, 0.16651306400814217, 0.5006384823938833, 2376945000000, 
0.03904370425325694, 0.35939751348563564, 0.4998514828079924, 2376950000000, 
-0.13402838904939873, -0.03157317177121843, 0.5000100490996344, 2376956000000, 
-0.047274066377545054, 0.17569360604966797, 0.5006266023058384, 2376961000000, 
-0.024257875453100167, 0.14736604348477908, 0.49959732390044004, 2376966000000, 
-0.06324326855584518, 0.11559631205991638, 0.5003729573547635, 2376971000000, 
0.006990176678465078, 0.31202186241729635, 0.49965893618094165, 2376978000000, 
-0.16152422581886566, -0.07125919120257046, 0.5000670086791655, 2376983000000, 
0.013453922835375099, 0.34744637152321123, 0.5005860684812112, 2376988000000, 
-0.11793580080290289, -0.0337870526637313, 0.5001058782226179, 2376993000000, 
-0.04193232196096074, 0.17074066771938073, 0.5002678845307388, 2376998000000, 
0.03739441387822753, 0.33397482025146813, 0.4995263413089868, 2377004000000, 
-0.13901523206250582, -0.05224645344674882, 0.4998847460823875, 2377009000000, 
-0.05329600376847856, 0.1772740006792016, 0.500316914130551, 2377014000000, 
-0.05932693498644018, 0.15461842544677493, 0.49963323777759033, 2377019000000, 
-0.07277636264441399, 0.11232117140042637, 0.4999340513799241, 2377024000000, 
0.03484969960514584, 0.36699853902261725, 0.5006019380953625, 2377029000000, 
-0.11450162150199035, -0.03623775107975572, 0.4999123300096192, 2377034000000, 
-0.05753735006461094, 0.16920554104783372, 0.5000709713251801, 2377039000000, 
0.05501695862928789, 0.3617580215165123, 0.4998003110273554, 2377044000000, 
-0.0007209261493712933, 0.19995672551829294, 0.49973724842363526, 2377049000000, 
-0.08588644253892713, 0.049981990099639655, 0.5001799867918771, 2377054000000, 
0.06416421180193813, 0.38570755089558867, 0.5000421615244497, 2377059000000, 
-0.10514386447254054, 0.023721305161487162, 0.5000832752780924, 2377064000000, 
-0.05986639054501632, 0.14012674261769079, 0.5002166209501733, 2377069000000, 
0.03529799988791385, 0.3524384811781725, 0.4998518411141866, 2377074000000, 
-0.17610561148248474, -0.06564509649648309, 0.4998973550940727, 2377079000000, 
-0.05265768476179068, 0.16803828393152337, 0.5004986247993871, 2377084000000, 
-0.068814070690334, 0.17614820546982232, 0.4998223618445758, 2377089000000, 
-0.07341978476103586, 0.12467019241752614, 0.5001263357184383, 2377094000000, 
0.047442456347628635, 0.31052547535705083, 0.4999562716536558, 2377099000000, 
-0.10591828152126007, 0.029116961242648898, 0.5000865836435548, 2377104000000, 
-0.03898245180045108, 0.1654267426737559, 0.5005673219849655, 2377109000000, 
-0.011907557943339229, 0.3063874859393516, 0.5002068505831782, 2377114000000, 
-0.12813306728523569, -0.034745742768543725, 0.4996903950213355, 2377119000000, 
-0.056985005194028125, 0.14441281729546127, 0.4998904811405948, 2377124000000, 
-0.017724223575417544, 0.337397551180608, 0.5002304922990871, 2377129000000, 
-0.11553896192818475, 0.031078221583103346, 0.49998042248155206, 2377136000000, 
-0.06058910211729908, 0.15065362866761992, 0.500042133266909, 2377141000000, 
-0.052205712896139685, 0.15072521886129323, 0.5000987767396227, 2377147000000, 
-0.06665247764168603, 0.10967047070504234, 0.5003576995089563, 2377152000000, 
-0.054380536388347375, 0.1720577309544016, 0.5000659158932083, 2377157000000, 
-0.029621298707159887, 0.1526108478874043, 0.5000952796315676, 2377165000000, 
-0.041839601507544566, 0.157099080086009, 0.5003138153674768, 2377170000000, 
0.012130807387024531, 0.3615250562910174, 0.49978238985821377, 2377176000000, 
-0.09950923738589895, 0.004667047748359822, 0.5002285310135167, 2377181000000, 
-0.03148068554373693, 0.2798588490725525, 0.5000177419644418, 2377186000000, 
-0.044404017715283586, 0.1678688975917934, 0.4997686343708569, 2377191000000, 
-0.1257371065900505, -0.04367821424604901, 0.4999010616651752, 2377196000000, 
-0.015255173940234432, 0.3069324992814021, 0.5000931152182855, 2377201000000, 
-0.14759857693206105, -0.09432048872272769, 0.49992188299335616, 2377206000000, 
-0.006925662517090831, 0.26136350245985346, 0.49994419364846326, 2377215000000, 
-0.1439536351101528, -0.04717886300199689, 0.4995610992422402, 2377220000000, 
-0.05596236660325059, 0.1582001686293008, 0.5002473066454353, 2377225000000, 
0.031220142774112114, 0.36607232278209073, 0.4995839920543187, 2377230000000, 
-0.14656976940019975, -0.05670544608862294, 0.5000004299360032, 2377235000000, 
-0.00454852131278187, 0.32045330492102325, 0.5000625352252456, 2377241000000, 
-0.08565003859513, 0.002581026130672653, 0.5001240437416666, 2377246000000, 
-0.055009648710075604, 0.1560036257483332, 0.5004137207393288, 2377252000000, 
-0.05108902240066734, 0.16082257531282287, 0.4998104878482761, 2377257000000, 
-0.05485083228897551, 0.14059817419212753, 0.5002924249285704, 2377262000000, 
0.015587555059415292, 0.31908355517355125, 0.4999370430676538, 2377267000000, 
-0.14868453949691812, -0.08633037386162447, 0.5001075562413633, 2377272000000, 
-0.04831744183101273, 0.15554552803517857, 0.4999979335387408, 2377277000000, 
-0.008236730407407656, 0.2748404681401163, 0.49988128792787184, 2377282000000, 
-0.10742975827853958, -0.0495116990587032, 0.4998682215047463, 2377287000000, 
-0.0037339656813255243, 0.2783038577497324, 0.5003237251004425, 2377292000000, 
-0.10665095401358365, 0.013912343499474497, 0.4996461386844893, 2377297000000, 
-0.055369686944954984, 0.12584195390064698, 0.5004194608145525, 2377302000000, 
-0.0315292219821622, 0.16696128394260068, 0.5003791866036358, 2377307000000, 
-0.046575269984697805, 0.13714467038910377, 0.4998823893740069, 2377314000000, 
-0.0743055150968309, 0.17443291436953817, 0.5000688034641045, 2377319000000, 
0.041286935838689615, 0.39402832212470984, 0.49998307057427227, 2377324000000, 
-0.11484301058653024, 0.004169757596262761, 0.49998857051958856, 2377329000000, 
-0.09639056094778643, 0.17259983155380856, 0.5005514183717322, 2377334000000, 
0.04208673902141112, 0.34766665221033083, 0.5000256955317658, 2377339000000, 
-0.11756974301475015, -0.0038441699763564346, 0.49961982870577193, 2377345000000, 
-0.058013670164706425, 0.15285617680527028, 0.5000263402830735, 2377350000000, 
0.029834298507354327, 0.3933633832068542, 0.4996756108597683, 2377355000000, 
-0.12045305985295732, 0.024467345333658318, 0.499995270671706, 2377360000000, 
-0.03176491180542236, 0.1894879216639602, 0.500001772591736, 2377365000000, 
-0.008310875707468617, 0.3488575880412557, 0.4997862689658036, 2377370000000, 
-0.12059678953769302, -0.056934235319809, 0.50019024571059, 2377375000000, 
-0.06765515257920643, 0.14951600141916718, 0.5002267157707588, 2377380000000, 
0.011258476571238383, 0.34000422090417676, 0.5001178748366862, 2377385000000, 
-0.1459612419636498, -0.02939824950525949, 0.5000862563416058, 2377390000000, 
-0.00963102103374136, 0.32278626735237276, 0.500160397413868, 2377395000000, 
-0.0901043389997855, -0.046916082398095374, 0.4998278283210616, 2377400000000, 
-0.0684284763821507, 0.12642979582065436, 0.5002638160985932, 2377405000000, 
0.023340019971084033, 0.29784913491942083, 0.5002772876688193, 2377410000000, 
-0.16450046388045433, -0.08403302470511904, 0.4999370401916682, 2377415000000, 
-0.05175125281542909, 0.14911901378712883, 0.5004445134094292, 2377420000000, 
-0.031224787878365114, 0.16115701731644233, 0.49987675601152637, 2377428000000, 
-0.02575839351465056, 0.24313277752003987, 0.49993378359760265, 2377435000000, 
-0.11462320235948342, 0.014580526208381184, 0.49984019657622275, 2377440000000, 
-0.09077240548238015, 0.16125770443019258, 0.5002512676679775, 2377445000000, 
0.022105548443025192, 0.3487715502808995, 0.5001183696339804, 2377450000000, 
-0.12753805708992755, -0.026221280539449162, 0.5000855679943104, 2377455000000, 
-0.06706473165081216, 0.15135375827246517, 0.5001193437810424, 2377460000000, 
-0.05003754965219006, 0.15787737281607658, 0.5000770922097533, 2377465000000, 
-0.04013341088527839, 0.10837011702517241, 0.5001923713539992, 2377470000000, 
-0.05953465492395823, 0.17137534489563147, 0.5006201983389813, 2377475000000, 
-0.053499427192485904, 0.14163682401413474, 0.5004037913549322, 2377480000000, 
-0.05250543743955554, 0.15324341189713975, 0.5005110623494855, 2377485000000, 
0.00901833050549717, 0.3497432376836943, 0.5003225435908555, 2377490000000, 
-0.12840388709916925, -0.02723502682780786, 0.4997993128728903, 2377495000000, 
-0.05448890747934813, 0.1966023793087628, 0.5000820080031666, 2377500000000, 
-0.006323143969175455, 0.27252420447004, 0.5000254438336267, 2377505000000, 
-0.14250707869303522, -0.06120005623237528, 0.5001845020476717, 2377510000000, 
-0.06041304290900863, 0.15792843537349932, 0.5007047839112468, 2377515000000, 
0.01682919078921664, 0.3666245779626915, 0.4998713369988668, 2377520000000, 
-0.1516981101533017, -0.1037339606560161, 0.5000578833119637, 2377525000000, 
-0.06803233108123419, 0.15298270553955814, 0.49967335598677487, 2377530000000, 
-0.0001668336750531099, 0.2864711838979241, 0.4995582245377226, 2377535000000, 
-0.121920747901402, -0.009339270018829914, 0.49996476142430085, 2377540000000, 
-0.012588340989570465, 0.30889865165867875, 0.4995780060810908, 2377546000000, 
-0.10610318902838431, -0.05113177382556073, 0.5001044634469195, 2377551000000, 
-0.051007065728716994, 0.1804654128031199, 0.5005341845143657, 2377556000000, 
-0.0528949172408306, 0.17563794529412466, 0.4997782819192391, 2377561000000, 
-0.055807751851986845, 0.11718766926187353, 0.4997723050269857, 2377566000000, 
-0.0781974742572218, 0.14891428816010835, 0.5002807231526823, 2377571000000, 
-0.0657167404499375, 0.15145897038692221, 0.4998847160902902, 2377576000000, 
-0.07476253533358185, 0.18109858967975706, 0.500678070176634, 2377581000000, 
0.022199632631359396, 0.3573767082487965, 0.4998855439774402, 2377586000000, 
-0.11838263922155749, -0.04268788601851143, 0.49989830269268326, 2377591000000, 
-0.009216293647116642, 0.30593950226228833, 0.5001097049754402, 2377598000000, 
-0.10472463063984405, -0.06057612289514177, 0.5001877811362618, 2377603000000, 
-0.013617278559910559, 0.3046731995022443, 0.500361998046397, 2377610000000, 
-0.10547986810293628, -0.04617188574424979, 0.4998713296859088, 2377615000000, 
-0.05334285087190964, 0.1195446067125564, 0.49990582167873504, 2377620000000, 
-0.0340897125581747, 0.2655567118587927, 0.500015188473316, 2377626000000, 
-0.2039703813965866, -0.2629038250156159, 0.5001051945688204, 2377631000000, 
-0.07160344072582711, 0.07809186301043103, 0.5000103898017693, 2377636000000, 
0.006672461384996555, 0.3520555531544399, 0.5001846821431359, 2377641000000, 
-0.10936085086373724, -0.023294652482210153, 0.499943204614723, 2377646000000, 
-0.06439403528576441, 0.172651688385251, 0.5000089141099563, 2377651000000, 
0.004881252993858695, 0.3293114362698747, 0.4999205557193642, 2377656000000, 
-0.11046122250267616, -0.026860151703292225, 0.49958526224989613, 2377661000000, 
-0.038277626118199716, 0.1660243100862422, 0.5000695615583621, 2377666000000, 
-0.023330110499694082, 0.30822605709056583, 0.5000622342152503, 2377671000000, 
-0.12631628603125827, -0.07245357406815997, 0.5002467880493506, 2377676000000, 
-0.05241481845315706, 0.1636495553538982, 0.5000684031430784, 2377681000000, 
-0.058692783283674894, 0.15770421147579416, 0.5003006992304051, 2377686000000, 
-0.04201190966910057, 0.1462698345198779, 0.5001849526624678, 2377691000000, 
-0.04402019943948133, 0.16135074697697505, 0.5003116048140586, 2377697000000, 
-0.014329501794855048, 0.2870318497854521, 0.5004312726505749, 2377702000000, 
-0.10395468150490662, -0.04083725244042567, 0.49966402851494907, 2377707000000, 
-0.06318866689275697, 0.15938650779792496, 0.500238118647082, 2377712000000, 
0.0304443635295929, 0.3168121737118966, 0.4998954875449062, 2377717000000, 
-0.12767574893466296, -0.029931251075868626, 0.49996509882632184, 2377722000000, 
-0.014933300484309138, 0.298460358899401, 0.5002074068298835, 2377727000000, 
-0.11087506426992012, -0.021285063425120716, 0.5000841926521534, 2377732000000, 
-0.04119178667155792, 0.19741512309685544, 0.5000252917744611, 2377737000000, 
0.020836547690904872, 0.29659453232874017, 0.5001273682460624, 2377742000000, 
-0.0989549240166578, -0.03461682422612171, 0.49994118263009035, 2377747000000, 
-0.06921336585174896, 0.17570361147536442, 0.5003556475524304, 2377752000000, 
-0.07365572054608154, 0.17602464591496397, 0.49977910969138956, 2377757000000, 
-0.09734341884083214, 0.1383727709061113, 0.5001915967671084, 2377762000000, 
-0.011593681545263256, 0.3296539525849036, 0.49987829992719984, 2377767000000, 
-0.13014342744321653, -0.041588936104432796, 0.4996590103300122, 2377772000000, 
-0.06104871729421868, 0.2007245299729647, 0.5003591838944751, 2377777000000, 
0.03554219349143317, 0.31148438361433434, 0.4997805481379247, 2377782000000, 
-0.22473621233283422, -0.32732878756625217, 0.4997106352357703, 2377787000000, 
-0.08271540527890149, 0.12799510899834093, 0.5000483691600527, 2377792000000, 
0.05182557819211081, 0.34701168835838525, 0.49996441972412975, 2377798000000, 
-0.3115210753214271, -0.70413005949605, 0.4999642393267795, 2377803000000, 
-0.06859469316322485, 0.13414205671912216, 0.5002155247346577, 2377808000000, 
-0.06123738063512767, 0.13260494095259523, 0.4998938952893329, 2377813000000, 
-0.05374769643113748, 0.15280235246805646, 0.5003624800490407, 2377818000000, 
-0.04512269758174265, 0.144104602734003, 0.5004129156621978, 2377823000000, 
-0.048166336366209345, 0.14367931789103228, 0.5001197296605284, 2377828000000, 
-0.038505737978011184, 0.1826733205898386, 0.49987646593430135, 2377833000000, 
-0.032392860853687935, 0.2665631019457582, 0.4998332829019792, 2377838000000, 
-0.1176687419896303, -0.09092632420526388, 0.500293634143174, 2377843000000, 
-0.03317607542764249, 0.13921818192729807, 0.5002225354084691, 2377848000000, 
-0.05157913395168549, 0.13952203182164197, 0.4997650066802197, 2377853000000, 
-0.0955286819635143, 0.13101467684599263, 0.5003317938112777, 2377858000000, 
0.010263738455423973, 0.29706015268865765, 0.500406121516287, 2377863000000, 
-0.10823596569369247, -0.0019961260621618737, 0.4999238318044617, 2377868000000, 
-0.0656968339045225, 0.17330422880765292, 0.5003408281324122, 2377873000000, 
0.005093064769917726, 0.2732304186254735, 0.49995917882280255, 2377878000000, 
-0.12466730008195973, -0.05242071068364383, 0.4997221819734501, 2377883000000, 
-0.06183820648703165, 0.17274330993670958, 0.5002875438777776, 2377889000000, 
-0.04137251043501058, 0.12361650447523874, 0.4997858609881791, 2377894000000, 
-0.05847804531598553, 0.12807374859435508, 0.49995904444929296, 2377899000000, 
0.005592381490828909, 0.3035843196354936, 0.4999430303214588, 2377904000000, 
-0.13085661339931137, -0.054417921988561616, 0.4999968768690083, 2377909000000, 
-0.051696658194396276, 0.19348096933579234, 0.5002564608909991, 2377914000000, 
0.0013805256960441993, 0.2948666732856145, 0.4996188212373426, 2377919000000, 
-0.10612332918409684, 0.003536283003955875, 0.5000859142393451, 2377924000000, 
-0.027237147413580697, 0.29492145772642764, 0.500113947064077, 2377929000000, 
-0.11952673832815967, -0.057887465415784135, 0.4997558956247842, 2377934000000, 
-0.06941970058050224, 0.12703875237580445, 0.49991621112519435, 2377939000000, 
0.007830639808091826, 0.3144392201543787, 0.49990533220899125, 2377944000000, 
-0.12440446333669197, -0.07356879168046922, 0.4999602145584078, 2377949000000, 
-0.057033117937240425, 0.16082129392908787, 0.49989842165412396, 2377954000000, 
-0.041585821822595834, 0.17928393427298892, 0.5000179378273188, 2377959000000, 
-0.06297950853348695, 0.13481471661637479, 0.5000110293840716, 2377964000000, 
0.03353505708663085, 0.29061844301926787, 0.4999513424468225, 2377969000000, 
-0.11987301707623568, -0.067307733815993, 0.4996016231613711, 2377974000000, 
-0.06880779117400769, 0.18779996285342881, 0.4998486428226538, 2377979000000, 
0.005123755723149985, 0.3094124218606535, 0.4998170211806253, 2377984000000, 
-0.14180857599407093, -0.07517538302574844, 0.49988012974265617, 2377989000000, 
0.008160780756710898, 0.23008327522030295, 0.5001019472681828, 2377995000000, 
-0.06774884504234448, 0.02158635677592736, 0.49987124996261995, 2378001000000, 
-0.06591403119186513, 0.18440792690348157, 0.5003605620543707, 2378008000000, 
-0.060134057434077744, 0.16852665271168643, 0.4999141508043083, 2378013000000, 
-0.07651865749744238, 0.178360119642261, 0.5004549789724437, 2378018000000, 
-0.030802750298985784, 0.16220735915659712, 0.49952800307444684, 2378062000000, 
-0.16187965721623282, 0.008393309393611888, 0.5002386698921307, 2378068000000, 
-0.005455856787774622, 0.2886585029292153, 0.49978311681573184, 2378073000000, 
-0.11773368524724452, 0.03164257199321468, 0.4999751213166301, 2378078000000, 
-0.058671085731854256, 0.15876590102407495, 0.5002201060241032, 2378083000000, 
0.020794425860230992, 0.3521051028986207, 0.49983422701588814, 2378088000000, 
-0.12697120659862254, -0.04668900345892507, 0.4996629044228472, 2378093000000, 
-0.013841095251344948, 0.2655849628314015, 0.5005403667692183, 2378098000000, 
-0.09312009316456836, 0.019759859507148574, 0.49982533370503085, 2378103000000, 
-0.07691744140887678, 0.18983086959376644, 0.5003202328871534, 2378108000000, 
-0.06852491191211861, 0.1606834803378149, 0.49975975540663364, 2378114000000, 
-0.07610534237538197, 0.15291153318834694, 0.5001308658725926, 2378119000000, 
-0.02025091376503873, 0.265985043502005, 0.49998907110939717, 2378124000000, 
-0.09989146923070126, -0.008266931338092484, 0.5001080932728781, 2378130000000, 
-0.05351488257315639, 0.14747099806901315, 0.5002454708659232, 2378135000000, 
-0.00301798499261982, 0.2787352175446778, 0.49958842209215404, 2378140000000, 
-0.1389242069979644, -0.01064561606135139, 0.5002033027949992, 2378145000000, 
-0.010360716432424845, 0.2939836615939903, 0.5001206867195733, 2378150000000, 
-0.11016118729354343, -0.015590637133311607, 0.49965128497625544, 2378155000000, 
-0.06372062849777492, 0.1393208634840937, 0.5002431903369619, 2378160000000, 
-0.03208919306991011, 0.17891062516893666, 0.49965984712422246, 2378168000000, 
-0.07022620671621507, 0.1666524578184094, 0.49989956227780674, 2378173000000, 
-0.01707233018542565, 0.254060405733038, 0.4998341345605784, 2378178000000, 
-0.07246239552613194, 0.12247993385277166, 0.4996831399661811, 2378185000000, 
-0.04838586539726017, 0.13322163734186096, 0.4999120012733299, 2378191000000, 
-0.10773557814107444, 0.0833659965079678, 0.5004874672096487, 2378199000000, 
-0.005747100855170068, 0.349157682607431, 0.49963831665877223, 2378204000000, 
-0.1078295831725589, -0.06260007058048739, 0.5001014761902528, 2378209000000, 
-0.07028046243529365, 0.16311776639905634, 0.4999741404494998, 2378214000000, 
-0.06047630637553956, 0.15356249344781328, 0.4999919818448904, 2378219000000, 
-0.06319983465263104, 0.13722397941305214, 0.5003286028510309, 2378224000000, 
0.02121721159765834, 0.32229751492992065, 0.49982758814259765, 2378229000000, 
-0.12127842136934529, -0.005587279767220856, 0.49973647102050184, 2378234000000, 
-0.0731700420922786, 0.16954989145435717, 0.5001006576728981, 2378239000000, 
0.0008557655908489705, 0.25808076185494294, 0.4999192452197576, 2378244000000, 
-0.11411176602036281, 0.0006303843047837862, 0.49984053495705844, 2378249000000, 
-0.07353499755345441, 0.167185798181633, 0.5001952358523685, 2378254000000, 
-0.029062982460756937, 0.2831900579967614, 0.5002660185216152, 2378259000000, 
-0.10860083725121764, 0.04632444305019153, 0.49988527722992726, 2378264000000, 
-0.03133073987046268, 0.20117806290880574, 0.4999139441997827, 2378269000000, 
0.004781010568, 0.2601290836072965, 0.5000745960153076, 2378274000000, 
-0.10461608224586588, -0.01859692876840521, 0.4997199554107906, 2378279000000, 
-0.05867083683964893, 0.1669401828992611, 0.5000089892642403, 2378284000000, 
0.005419133036729296, 0.29710515281017325, 0.5001744264526196, 2378289000000, 
-0.09506440544329896, 0.04899156404393421, 0.500060194431692, 2378297000000, 
-0.05763517192149073, 0.17351141015120453, 0.5003874232898693, 2378302000000, 
-0.0017183079650482558, 0.25585651776456375, 0.4995268025269222, 2378307000000, 
-0.13415757802777564, -0.0010062335550715847, 0.5000245837700984, 2378312000000, 
-0.04427109203536703, 0.1918337205340943, 0.5005264412813749, 2378317000000, 
-0.011371860723719518, 0.26921105810748874, 0.49969014667630407, 2378322000000, 
-0.10708142352714779, 0.004088208666139036, 0.4998951544596433, 2378327000000, 
-0.07146437999870842, 0.15058595220452303, 0.5008505627716868, 2378332000000, 
-0.04184116876977784, 0.1408776789299305, 0.49989616250874147, 2378337000000, 
-0.08816714785129343, 0.1054835199482175, 0.5001775928544704, 2378342000000, 
-0.03115848330812709, 0.2890356778587987, 0.5001232552739547, 2378347000000, 
-0.09764830022250078, 0.07671872209067161, 0.5001226657110817, 2378352000000, 
-0.07401677509004521, 0.1563787460389958, 0.5004882628264201, 2378357000000, 
0.00937758451025713, 0.3105219574895445, 0.499884230063833, 2378362000000, 
-0.12640228668664494, 0.005128959660459585, 0.5000088949550279, 2378367000000, 
-0.027849615714834883, 0.18160517145561716, 0.5001107601448045, 2378372000000, 
-0.04766115368336484, 0.09017260474699555, 0.4997477968101924, 2378377000000, 
-0.06047905448488679, 0.1801375799333863, 0.5005657196883677, 2378382000000, 
0.004580882324540746, 0.250644590148889, 0.500112362176797, 2378387000000, 
-0.0942869175036541, 0.022373449771979553, 0.50009060354369, 2378392000000, 
-0.04489926825210694, 0.1931673383315167, 0.500081909064549, 2378397000000, 
0.0070288520493822625, 0.2539432859433669, 0.49975015236562437, 2378404000000, 
-0.10392649020964773, 0.0714004399074568, 0.49958578581211655, 2378409000000, 
0.004017487942494534, 0.3135727147388345, 0.5002642824861298, 2378414000000, 
-0.11714905535412376, 0.033325972916709, 0.49982899339262765, 2378419000000, 
-0.06915910770418837, 0.1565092652786355, 0.5003632108909456, 2378424000000, 
-0.008921514322316079, 0.25753156022968954, 0.5001325016616718, 2378429000000, 
-0.1018006477885173, 0.023567804532617167, 0.5000214909001349, 2378434000000, 
-0.048561548290329576, 0.16717396702792006, 0.5002371186184822, 2378439000000, 
-0.03508315194583582, 0.25407746928640673, 0.49993143448226535, 2378444000000, 
-0.10902730873336013, 0.00034274155523470254, 0.5001728837156242, 2378449000000, 
-0.04768926701184265, 0.1771785948801816, 0.5002866527226321, 2378454000000, 
-0.035828047345259545, 0.15059123889597648, 0.499702741126472, 2378459000000, 
-0.08718012133399108, 0.1443438262802352, 0.49969838409328465, 2378464000000, 
-0.01062146792585536, 0.2651217129060181, 0.5001732792460319, 2378469000000, 
-0.10822489919362902, 0.03012707827204638, 0.4995401903162702, 2378474000000, 
-0.06533400965205777, 0.14112661083416733, 0.5002375111308267, 2378479000000, 
-0.0012494539586079753, 0.2716259138831353, 0.4998101227635499, 2378484000000, 
-0.10126885472061065, -0.003150825501441584, 0.4996066869643097, 2378489000000, 
-0.033784657972754636, 0.15370009056647982, 0.5000583831367985, 2378494000000, 
-0.00030635983163656774, 0.2522288448107101, 0.5000505202421562, 2378499000000, 
-0.09459471822869972, -0.00018214774471683043, 0.5002632390176501, 2378504000000, 
-0.0628954451475366, 0.17516682823421914, 0.5002104668361451, 2378509000000, 
-0.028917426554955446, 0.23049361883427677, 0.4996915034599197, 2378514000000, 
-0.09992050230544855, -0.0027252541055170845, 0.5001831637466185, 2378519000000, 
-0.05644674559517894, 0.14977356862195124, 0.5005666218902182, 2378524000000, 
-0.06120376578432966, 0.1261402110176043, 0.4999885383183562, 2378529000000, 
-0.077453048913225, 0.10808741922844525, 0.49956864813150426, 2378534000000, 
-0.048185364811627794, 0.23256591227648535, 0.49979706750888203, 2378540000000, 
-0.055879368573941116, 0.049695861757568204, 0.5002303109983293, 2378545000000, 
-0.053408537113966786, 0.14737923394814906, 0.5002044453815344, 2378550000000, 
0.0010038163765873943, 0.305524606444271, 0.4999421922316315, 2378555000000, 
-0.1012035874087247, 0.04271977894784209, 0.5005475873517145, 2378560000000, 
-0.03251797157801736, 0.2510345088286748, 0.4998434117321098, 2378565000000, 
-0.10258150215233333, 0.03656736335748009, 0.499484834100722, 2378570000000, 
-0.06157662636654191, 0.18863594913143023, 0.4998711074816565, 2378575000000, 
-0.0053942261180221236, 0.26837384840928963, 0.4997800607052411, 2378580000000, 
-0.08433107406974324, 0.02477086952456052, 0.499859547478903, 2378585000000, 
-0.07766781814115617, 0.15308410075086748, 0.5000359917456156, 2378590000000, 
-0.07108047269375517, 0.12436535605986987, 0.5000183887596742, 2378596000000, 
-0.08381257011767193, 0.14498038037229896, 0.5002813717650362, 2378601000000, 
-0.02314690725361975, 0.31221263063238747, 0.500427101794463, 2378606000000, 
-0.07028641692415895, 0.046079671590875886, 0.4997867661277892, 2378611000000, 
-0.06659761469667358, 0.14486348214964925, 0.5002286263668391, 2378616000000, 
-0.025487079966879263, 0.22242375768661887, 0.4998114515961389, 2378621000000, 
-0.10445644812316625, 0.024407826766857425, 0.5002553171568597, 2378626000000, 
-0.03788128158419476, 0.14947226280691994, 0.500165092142935, 2378631000000, 
-0.0573987205582446, 0.12116870691789149, 0.5001865697916006, 2378639000000, 
-0.03361840989547875, 0.16355642834083245, 0.5005319785994767, 2378644000000, 
-0.03375290349298162, 0.2709664690497126, 0.4999577583852331, 2378649000000, 
-0.09584413157949141, -0.006875925515013006, 0.5001019614275477, 2378654000000, 
-0.0339151545216604, 0.13266087668837656, 0.4999841172502103, 2378659000000, 
-0.000959194699594143, 0.26190394685876867, 0.4997142959642848, 2378664000000, 
-0.08958653586057105, 0.01214733188537077, 0.5000483202348857, 2378669000000, 
-0.06809730320273116, 0.1715034964893813, 0.5002156757781574, 2378674000000, 
-0.021269067186311323, 0.2621473893532058, 0.5002204717232582, 2378679000000, 
-0.09974045241925003, -0.021077023369234258, 0.5000016963588443, 2378685000000, 
-0.0571904547876522, 0.17023578783424956, 0.5001776694944048, 2378691000000, 
-0.030047570190888395, 0.1493261597742479, 0.4998220405966511, 2378698000000, 
-0.07485869592246328, 0.16746573494985906, 0.5003277739291395, 2378704000000, 
-0.032782422917774064, 0.2703603955053788, 0.49993473160946045, 2378709000000, 
-0.09100622498173336, 0.03857772682068915, 0.500402348480401, 2378715000000, 
-0.01615764214731933, 0.2465761481945036, 0.5001615006186428, 2378720000000, 
-0.0686118494760551, 0.024684500396909975, 0.4997144436279156, 2378725000000, 
-0.05236555807059052, 0.1579567900602003, 0.5000983886521569, 2378730000000, 
-0.05684074296431836, 0.15381673895000783, 0.5004598457008963, 2378735000000, 
-0.028395100130348783, 0.30713100450343556, 0.4999945707068121, 2378740000000, 
-0.13747123644692869, -0.04232050520876182, 0.4998671486248289, 2378745000000, 
-0.04543484425547343, 0.2376163981100569, 0.5003821233792911, 2378750000000, 
-0.09401792036189864, 0.03794402750526568, 0.49991058271742517, 2378755000000, 
-0.035769130657448016, 0.11549783671800337, 0.5001259145872282, 2378760000000, 
-0.0344636245369263, 0.2979830109675709, 0.5000302436575057, 2378765000000, 
-0.08069212169273234, 0.01005762306210197, 0.49971396058369205, 2378770000000, 
-0.07415538974347169, 0.18913106388858072, 0.5002348157643393, 2378775000000, 
-0.034198850917024376, 0.2642940202973015, 0.4996177139558433, 2378780000000, 
-0.08123879567207196, -0.023232109284694262, 0.5000135273337907, 2378785000000, 
-0.021340800877685133, 0.2377259465427566, 0.5002759701527307, 2378790000000, 
-0.10053505234099128, 0.01311472806451197, 0.49997506104254325, 2378795000000, 
-0.060399603178941205, 0.13828737351920287, 0.49994924876602187, 2378800000000, 
-0.004708748197203627, 0.26858111065853885, 0.5000137250514958, 2378805000000, 
-0.0829237892130748, 0.01865561351833086, 0.5000432044045786, 2378810000000, 
-0.021787815707024552, 0.17637430041637256, 0.5000996164760813, 2378815000000, 
-0.013546702840153326, 0.20481722889974996, 0.49979213326692135, 2378821000000, 
-0.07796685968587153, 0.04151905924246217, 0.5004641920810651, 2378826000000, 
-0.061859875169476886, 0.18164069231757382, 0.4998235437209451, 2378831000000, 
-0.03905446492218119, 0.1473817554368155, 0.49975117410488473, 2378836000000, 
-0.06352874397520365, 0.1207825891050146, 0.49936343974804015, 2378841000000, 
-0.03575773669670969, 0.2569640224134692, 0.5000647793565194, 2378846000000, 
-0.07263624001803377, 0.020893660707271597, 0.5001884912219825, 2378851000000, 
-0.04123118782822739, 0.17064094948384365, 0.5001002324919229, 2378856000000, 
-0.028713946727009776, 0.268781537918919, 0.5000200050310484, 2378861000000, 
-0.08449266542003324, 0.025868969443281375, 0.4995366162201655, 2378866000000, 
-0.04333715273568203, 0.15422636525827332, 0.5001399998661851, 2378872000000, 
-0.06331034451713904, 0.13761069405710638, 0.499677606841646, 2378877000000, 
-0.06856827006007049, 0.15496872244039914, 0.5001930450756259, 2378882000000, 
-0.033845704291733225, 0.2512831663345777, 0.49994458863733193, 2378888000000, 
-0.07175638446463634, 0.010004916803028566, 0.5001210856766213, 2378893000000, 
-0.05564525537785091, 0.14804572731123405, 0.500165849611344, 2378898000000, 
-0.014085227554135389, 0.24872592200566745, 0.49971251014066015, 2378903000000, 
-0.05775748771766796, 0.09979657039727066, 0.4999057295341269, 2378909000000, 
-0.04268248827970049, 0.2741505468532901, 0.4999269433372497, 2378914000000, 
-0.08504685177057648, 0.023051356204922692, 0.4999520567981304, 2378919000000, 
-0.042771653293617415, 0.16279693378243665, 0.50064993317967, 2378924000000, 
-0.007188562382347129, 0.13011518998713723, 0.49973338073762036, 2378929000000, 
-0.053302615267292575, 0.21346801230770313, 0.49957960273300994, 2378939000000, 
-0.06545775988314434, -0.02620419549525423, 0.5002674691781883, 2378944000000, 
-0.027703026256233602, 0.2119256812482753, 0.4998079161153037, 2378950000000, 
-0.05988860261330655, 0.15864865479846504, 0.4999597711157534, 2378955000000, 
-0.07422757491938493, 0.036559398961933276, 0.4998029614556446, 2378960000000, 
-0.008292036367049824, 0.16321842811076723, 0.4998060036197508, 2378965000000, 
-0.018869210727407403, 0.2945699505242832, 0.49966438396991064, 2378970000000, 
-0.08181880379366607, 0.0437379502000528, 0.49994031613399165, 2378975000000, 
-0.054351984008719836, 0.149239409710523, 0.5002216654619926, 2378980000000, 
-0.06320718054887386, 0.14216166423855306, 0.4996274277443749, 2378985000000, 
-0.06067106689197089, 0.10113239659898719, 0.4999284605026923, 2378990000000, 
-0.08405759514357602, 0.19770486899661013, 0.5001619031446921, 2378995000000, 
-0.07611144049207376, 0.12911487735589733, 0.49959143077353, 2379001000000, 
-0.029712068666936722, 0.15377386352364575, 0.5001672338303356, 2379006000000, 
-0.0344434096186171, 0.23831362966402048, 0.5001207963245448, 2379011000000, 
-0.07736649129868334, -0.009762168600594898, 0.4996296168349808, 2379016000000, 
-0.0321846344683591, 0.13068724372604779, 0.5002356014765975, 2379022000000, 
-0.02321363522886743, 0.26828272050574975, 0.500215522957081, 2379026000000, 
-0.0553475956593298, 0.034418504390568386, 0.4998731694470436, 2379031000000, 
-0.062398887303117295, 0.1467877769262579, 0.500098029453682, 2379037000000, 
-0.050217537767626955, 0.28977362790396566, 0.5006904430909721, 2379042000000, 
-0.056646386849818625, -0.004151349628665587, 0.5002711218964028, 2379047000000, 
-0.04275152597623767, 0.12472899215731686, 0.5002817328196033, 2379052000000, 
-0.02621645548839587, 0.27353665921587983, 0.4998064937734107, 2379057000000, 
-0.07055182042207563, 0.0255566392893113, 0.49978765081321647, 2379062000000, 
-0.037988410456082075, 0.20737900917238825, 0.49999606472682206, 2379067000000, 
-0.04238816955669307, 0.13343019949522364, 0.49977862044855254, 2379072000000, 
-0.040992839859122415, 0.11364277252846394, 0.5003273255963879, 2379077000000, 
-0.0442672686851402, 0.2774667859644747, 0.5002969978061033, 2379082000000, 
-0.06165259544983648, 0.011272795118244068, 0.4998012387407459, 2379087000000, 
-0.04530775815541253, 0.18964131985612676, 0.5001067587195931, 2379092000000, 
-0.037231321970939014, 0.2816759201459743, 0.49971920017015437, 2379097000000, 
-0.08919630268402202, 0.011354743931323566, 0.500167745082186, 2379102000000, 
-0.0727040215895492, 0.15243446361233742, 0.5001029741397347, 2379107000000, 
-0.024614842420884932, 0.15350825973648832, 0.4996608442267612, 2379112000000, 
-0.07988116213926998, 0.17979946447037037, 0.4999947634775713, 2379117000000, 
-0.056435053720253064, 0.29606077983786006, 0.5000280603318106, 2379122000000, 
-0.07208519789029841, -0.020500511733824153, 0.4996187158103948, 2379127000000, 
-0.04829565293740195, 0.1892015204537829, 0.5002577235289271, 2379132000000, 
-0.047319833406922314, 0.29412420787291504, 0.5001412709249512, 2379137000000, 
-0.06320723554288685, 0.01573387535191445, 0.49999953006942616, 2379142000000, 
-0.039364611629526744, 0.18274674470852856, 0.5004323265877785, 2379147000000, 
0.008515729077495038, 0.47246302862258077, 0.5001869307387123, 2379152000000, 
-0.09325195988513035, 0.08376891700849992, 0.500371380488516, 2379157000000, 
-0.04568550211541113, 0.15148301189880395, 0.5001748728849605, 2379162000000, 
-0.024821199534659517, 0.13813812310350143, 0.49968854949084934, 2379167000000, 
-0.06988596855670728, 0.12319412214899605, 0.5000988183661834, 2379172000000, 
-0.009960657061241524, 0.2442420407978892, 0.5002216388574539, 2379177000000, 
-0.08272154921331829, 0.017197991093276903, 0.5001271810705341, 2379182000000, 
-0.036132415764338774, 0.18199840138112872, 0.5003378165519036, 2379187000000, 
-0.06500957562261363, 0.3066081398566693, 0.49966370416011957, 2379192000000, 
-0.09868900594779505, 0.020389686195758178, 0.49994121457073437, 2379197000000, 
-0.0469898984873276, 0.18394955520570233, 0.5001287852621522, 2379202000000, 
-0.023965539336232494, 0.271775856352449, 0.4996748299666436, 2379207000000, 
-0.08535733750449893, -0.08533912649352102, 0.4998211410082949, 2379213000000, 
-0.05469156141859331, 0.2448805240680558, 0.5002722202338075, 2379218000000, 
-0.0855880284621705, 0.03380504517267526, 0.4997632176408617, 2379223000000, 
-0.04492502521323452, 0.1660625588616475, 0.5002178375225643, 2379228000000, 
-0.026524551411248893, 0.30481991233992783, 0.49983029213744246, 2379233000000, 
-0.11044132477557578, -0.020260466123246515, 0.49999325328520655, 2379238000000, 
-0.037288772230797795, 0.20497242992029724, 0.5001804118841069, 2379243000000, 
-0.04357074768973433, 0.3003766253055502, 0.4999271647591362, 2379248000000, 
-0.10549481433886246, 0.025995983736240253, 0.5001739059236189, 2379253000000, 
-0.03992441804131848, 0.13111862665718946, 0.4998820938382789, 2379258000000, 
-0.04147305995829935, 0.12154115638298545, 0.4996734205469915, 2379263000000, 
-0.06828450430396779, 0.12147726631693295, 0.49976101890365937, 2379268000000, 
-0.036767027226218836, 0.28956238476783147, 0.5002195810350119, 2379273000000, 
-0.027494197142598077, 0.03538567167780959, 0.49987577932750826, 2379278000000, 
-0.07993090418160385, 0.15995690792178932, 0.5001536505281079, 2379283000000, 
-0.023952741917150477, 0.250122857867417, 0.49963135590585583, 2379288000000, 
-0.06266844543353328, 0.020247762386473286, 0.5000263548374999, 2379293000000, 
-0.02069351223965435, 0.28270720738442273, 0.5000268428078761, 2379298000000, 
-0.05860209506805154, 0.014738243337979469, 0.4997790371554467, 2379303000000, 
-0.06533122552665337, 0.1707426105084029, 0.5005428657483927, 2379308000000, 
-0.026058057752426676, 0.33933220833620176, 0.500181970128288, 2379313000000, 
-0.07847498064239262, -0.042092191151245455, 0.5000236368282265, 2379318000000, 
-0.04630550923415367, 0.1909331278536604, 0.5004430983290525, 2379323000000, 
-0.024697931487331355, 0.2770492041832634, 0.49984301682717136, 2379328000000, 
-0.06043551927476823, 0.04121626517646752, 0.49994386923990375, 2379333000000, 
-0.054269620561575777, 0.3008174848887767, 0.500236602965116, 2379338000000, 
-0.05024409504699614, 0.0023813506715501323, 0.5004836823110637, 2379343000000, 
-0.04627388561340554, 0.17232308512868022, 0.5004312977843489, 2379348000000, 
-0.06269969727409379, 0.17909973562566958, 0.5002281536658223, 2379354000000, 
-0.05023021819008931, 0.13528480157373465, 0.5003161116811208, 2379360000000, 
-0.0654298082972485, 0.2748929060945774, 0.499897295947196, 2379365000000, 
-0.08434162291865518, -0.02650553215923015, 0.49986808927026277, 2379370000000, 
-0.05346737344245589, 0.15145509993003337, 0.5001658771278396, 2379375000000, 
-0.08346054720776853, 0.15978515782804945, 0.49996690598062177, 2379380000000, 
-0.05290659837248521, 0.12989347675321233, 0.5001188793468493, 2379385000000, 
-0.02406244943402891, 0.2905858258871451, 0.5002965977400576, 2379390000000, 
-0.07906620622174436, 0.016851047921832413, 0.49989557833148496, 2379395000000, 
-0.06858583052664805, 0.16452560168531152, 0.5003162769943036, 2379400000000, 
-0.020612750272137485, 0.39198036080460097, 0.500326277113341, 2379405000000, 
-0.0926898704403362, 0.044501159559880335, 0.500046343007292, 2379410000000, 
-0.054425009829345214, 0.14685067606967103, 0.5002182042080969, 2379415000000, 
-0.05927849444062626, 0.1376683518251775, 0.5000375693461665, 2379420000000, 
-0.0684502398771892, 0.15026445127944338, 0.49991086234894955, 2379425000000, 
-0.05577945613405226, 0.26921870820370647, 0.5003716953648668, 2379430000000, 
-0.027273350907336437, 0.030712450426598623, 0.49977695770247244, 2379435000000, 
-0.041143563376427716, 0.17373021217625526, 0.5002261644720523, 2379441000000, 
-0.051349841478929986, 0.1678794177793165, 0.5002549704444146, 2379446000000, 
-0.08504550258625487, 0.17490651486554099, 0.499698641245571, 2379451000000, 
-0.025596970082211866, 0.16753673809205055, 0.5001326064048065, 2379456000000, 
-0.061091510196703544, 0.2593923384410551, 0.4998458872429451, 2379461000000, 
-0.10579183222261361, -0.09197190712264025, 0.5000858000267467, 2379466000000, 
-0.054339749052092025, 0.13533936978148964, 0.4996616074732197, 2379471000000, 
-0.039719466399765535, 0.2938049795438962, 0.5001089703540762, 2379476000000, 
-0.06845767847654921, 0.14749450667649042, 0.5002285840580353, 2379481000000, 
-0.0867009553746848, 0.043038892963987746, 0.49965543896550424, 2379486000000, 
-0.022188694454927334, 0.31099956036376475, 0.5002862739044619, 2379491000000, 
-0.08461906741740358, -0.011072132764943817, 0.499606347437354, 2379496000000, 
-0.05157678199730543, 0.17040345875697263, 0.5001139698777591, 2379501000000, 
-0.05132652942843093, 0.18856281869733663, 0.5003282214039586, 2379506000000, 
-0.06973019698314929, 0.16004913165914209, 0.4999435050334671, 2379511000000, 
-0.05026433608190668, 0.1535490527403022, 0.5004136136351014, 2379516000000, 
-0.0477088185124792, 0.2853608553254931, 0.4998718369794035, 2379521000000, 
-0.07289288937476937, -0.03765521498188082, 0.49989924686721043, 2379526000000, 
-0.0590998402338417, 0.2818342129269743, 0.5004261177027304, 2379531000000, 
-0.08276399780711338, -0.019244216099807143, 0.4997420481298606, 2379536000000, 
-0.07554020948659594, 0.14456143218436476, 0.5004568760071998, 2379541000000, 
-0.029825841391397656, 0.2597849821164183, 0.49971859614351377, 2379546000000, 
-0.059901216746830244, -0.017361573650468018, 0.5000117839214793, 2379551000000, 
-0.05868115334739999, 0.1756385086485334, 0.5004287616904513, 2379556000000, 
-0.08454396820478946, 0.1261500416519812, 0.49983361515132285, 2379561000000, 
-0.05604927147759497, 0.13688602668152622, 0.5003085507489636, 2379566000000, 
-0.05187164647120336, 0.34610585944304284, 0.5000057514948035, 2379571000000, 
-0.08493337868713963, -0.016180808418292628, 0.5000331750616075, 2379576000000, 
-0.057732052106965345, 0.17506766959784087, 0.500511052204845, 2379582000000, 
-0.05640114200223627, 0.13582103792736777, 0.5002862589931771, 2379587000000, 
-0.07314036846949762, 0.13518812541921468, 0.4999051856495425, 2379592000000, 
-0.016144787310260596, 0.26633351030603786, 0.5003177011139777, 2379597000000, 
-0.11235286368000395, -0.017022550427087575, 0.4998541760105618, 2379602000000, 
-0.08287399937345616, 0.15058413184351885, 0.500538172772075, 2379607000000, 
-0.09297007622888702, 0.1413487838223069, 0.4996764779257414, 2379614000000, 
-0.05327955356764811, 0.1476324062584777, 0.5000503415243844, 2379619000000, 
-0.04760098763187321, 0.24905299421512855, 0.49999118487834343, 2379624000000, 
-0.0529460709235383, -0.029843831271412942, 0.4998308930086648, 2379629000000, 
-0.023012904240973207, 0.15469960917322773, 0.5001392327281812, 2379634000000, 
-0.05754451578316768, 0.17370052230571797, 0.49976645223641897, 2379639000000, 
-0.03691784715917261, 0.13485544895003415, 0.5000991209285036, 2379644000000, 
-0.05360634208058773, 0.3262936362842388, 0.5004617675410504, 2379650000000, 
-0.09205923358772296, -0.10526304171310086, 0.5000146086800036, 2379654000000, 
-0.05800793076355762, 0.14729696737378084, 0.5006624718375436, 2379659000000, 
0.0004365244117019475, 0.3191669435045256, 0.4996887128163297, 2379664000000, 
-0.09708026904045566, -0.03237771989383077, 0.4997649622239325, 2379669000000, 
-0.04775493959628385, 0.2806202012956292, 0.4999418449030586, 2379674000000, 
-0.0962191574967554, 0.0060965830712744334, 0.4995616232233404, 2379679000000, 
-0.060489644051884256, 0.13681481237945387, 0.500127332158177, 2379684000000, 
-0.0478626403612794, 0.2944793209269786, 0.4994193530016044, 2379689000000, 
-0.10211241924752715, -0.038023038250657434, 0.5000049656147612, 2379694000000, 
-0.08004745175713424, 0.16849664957356156, 0.5005157533691256, 2379699000000, 
-0.03308871319828716, 0.31871499427327454, 0.4996603902752062, 2379704000000, 
-0.09930406019004637, 0.003310684377660675, 0.4997271956980315, 2379709000000, 
-0.048088719976190686, 0.15716958615831353, 0.5003608431459399, 2379714000000, 
-0.058321633130528114, 0.1251588872483675, 0.4997827302248987, 2379720000000, 
-0.04166614875120353, 0.13979909454647355, 0.5001856599053576, 2379725000000, 
-0.03344642835026869, 0.3054130340743252, 0.4997539299134933, 2379730000000, 
-0.061967018762000836, -0.024457129187829843, 0.4996859329298167, 2379735000000, 
-0.08014380452803502, 0.18492474886927052, 0.5004937569388342, 2379740000000, 
-0.03529681756791281, 0.2707887995887577, 0.49981670087786834, 2379746000000, 
-0.10147964001754128, -0.04010960801976521, 0.5004259202961829, 2379751000000, 
-0.08031428868898094, 0.15573267043171188, 0.5003474253344403, 2379756000000, 
-0.09447004061595551, 0.12043545764008175, 0.4997920462753929, 2379761000000, 
-0.05208874343595165, 0.13961050245924922, 0.5003250806351228, 2379766000000, 
0.0036166191376205796, 0.3314419092649002, 0.5001460974604853, 2379772000000, 
-0.09522950224323756, 0.022138704182045783, 0.5002954456075229, 2379777000000, 
-0.041060888491448205, 0.15536017603966223, 0.5001689650019848, 2379782000000, 
-0.010675533175296098, 0.3617399144355564, 0.500058927865183, 2379787000000, 
-0.09224650232945121, -0.04600708215384265, 0.500183011719858, 2379792000000, 
-0.01884540004577869, 0.1533805265774277, 0.5004227192505379, 2379797000000, 
-0.031574712139839645, 0.38664147297149093, 0.4999798512566646, 2379802000000, 
-0.06477685189084768, -0.006573617668371816, 0.49988091033950305, 2379807000000, 
-0.017706129735010824, 0.30501767388600787, 0.4999677171259166, 2379812000000, 
-0.07787332879817986, -0.0015811414591074702, 0.5003658406841953, 2379818000000, 
-0.0653857952260243, 0.15631278637680768, 0.4999284057820976, 2379823000000, 
