x, y, th, stamp, 
-1.4533736194705196, -8.858095912010308, -1.3934283385715676, 69258000000, 
-1.4533736202387015, -8.858095912587059, -1.3934283676616799, 69292000000, 
-1.453373619632383, -8.858095919473357, -1.3934284017294896, 69326000000, 
-1.453373617156454, -8.858095936414166, -1.393428432477429, 69360000000, 
-1.4533736133199784, -8.858095951221395, -1.3934284644604502, 69394000000, 
-1.4531699996013745, -8.859232452336439, -1.3934219998165729, 69428000000, 
-1.4527626219571577, -8.861506334194269, -1.3934038042897408, 69462000000, 
-1.4522241960952598, -8.864494148024443, -1.3905365842624433, 69496000000, 
-1.4515913551012007, -8.867881834508745, -1.3798467230523916, 69530000000, 
-1.4509165507865165, -8.871255941564286, -1.3663056126426452, 69564000000, 
-1.450200759878263, -8.874630134732055, -1.357161033752838, 69598000000, 
-1.4494485177823335, -8.878033013097873, -1.3485372761017116, 69632000000, 
-1.4486637945345409, -8.881424104595087, -1.337374848472712, 69666000000, 
-1.4478328736137396, -8.884839936385722, -1.326553786701777, 69700000000, 
-1.4469666826405652, -8.888249944172134, -1.31704216746437, 69734000000, 
-1.4460591064303883, -8.891683840932311, -1.3070200616667818, 69768000000, 
-1.4451162619385012, -8.89510739567819, -1.2964065599572896, 69802000000, 
-1.44413745581084, -8.898521984396313, -1.2862206972216719, 69836000000, 
-1.4431145850633476, -8.901959929740359, -1.2762528139659721, 69870000000, 
-1.442057207220921, -8.90538724454115, -1.2659967282256281, 69904000000, 
-1.440954233851183, -8.908836073017786, -1.2556922316190122, 69938000000, 
-1.4398161614270228, -8.91227353888805, -1.2455577897912091, 69972000000, 
-1.4386434203647895, -8.915699256858334, -1.2354078886756779, 70006000000, 
-1.437424850434263, -8.919144095251756, -1.2251669634192313, 70040000000, 
-1.4361715468071448, -8.922575388291767, -1.2149578452315057, 70074000000, 
-1.434871360018836, -8.92602535837253, -1.2047913284709673, 70108000000, 
-1.4335364732744882, -8.929461126412921, -1.1945959990313435, 70142000000, 
-1.432166880386406, -8.932882399839203, -1.18438417710724, 70176000000, 
-1.4307496825001205, -8.936320479328614, -1.1741917291363753, 70210000000, 
-1.429297304154721, -8.939744073700197, -1.164003893630767, 70244000000, 
-1.4277964940431636, -8.943183752322687, -1.1538048522770143, 70278000000, 
-1.4262604350298722, -8.946608205655785, -1.1436082900496927, 70312000000, 
-1.4246751303740988, -8.950048152474727, -1.1334181324822907, 70346000000, 
-1.4230546385110998, -8.953472210660314, -1.1232196997296031, 70380000000, 
-1.4213991182344285, -8.956879898053979, -1.1130175415160997, 70414000000, 
-1.4196935933299875, -8.960301259841689, -1.1028209894269858, 70448000000, 
-1.4179530819370423, -8.963705477040559, -1.0926253431230213, 70482000000, 
-1.4161620182664785, -8.96712221121202, -1.0824265688652028, 70516000000, 
-1.4143360233961626, -8.970520947566717, -1.072228272314005, 70550000000, 
-1.4124753396496756, -8.973901236191226, -1.0620332936784318, 70584000000, 
-1.410563627398543, -8.977292064623438, -1.0518394072456716, 70618000000, 
-1.408617568858103, -8.98066315111353, -1.0416437294223369, 70652000000, 
-1.4066200680858965, -8.984043222907184, -1.0314475845377116, 70686000000, 
-1.4045886806211945, -8.987402307992602, -1.0212529246301982, 70720000000, 
-1.4025232810315627, -8.990740094585924, -1.011056768866502, 70754000000, 
-1.4004061829636074, -8.99408480694876, -1.0008597732120166, 70788000000, 
-1.3982554985887194, -8.997407363719306, -0.9906612824961546, 70822000000, 
-1.396070823980027, -9.000707517744965, -0.9804627073823903, 70856000000, 
-1.393834061463249, -9.004013142355614, -0.9702630535895214, 70890000000, 
-1.391563424845655, -9.007295802263563, -0.9600636837798836, 70924000000, 
-1.3892396514449694, -9.01058297256273, -0.9498643825947735, 70958000000, 
-1.3868822226158064, -9.013846599506962, -0.9396669617310744, 70992000000, 
-1.3844712021698211, -9.01711365317604, -0.9294706967595356, 71026000000, 
-1.3820266914345494, -9.020356351042903, -0.9192743754514325, 71060000000, 
-1.3795282615740605, -9.023601218933196, -0.9090779403269088, 71094000000, 
-1.376996578378362, -9.026820810472051, -0.8988824529681632, 71128000000, 
-1.3744320501204603, -9.030014639209844, -0.8886882247997849, 71162000000, 
-1.3718136746088592, -9.033208490892822, -0.8784927348454181, 71196000000, 
-1.3691626841523115, -9.0363754539799, -0.8682964341174575, 71230000000, 
-1.3664577620463785, -9.039540893579382, -0.8581008628461376, 71264000000, 
-1.3637209858426302, -9.042678415419996, -0.8479051463725537, 71298000000, 
-1.3609523462294149, -9.045787543546183, -0.8377080949483762, 71332000000, 
-1.3581298247235476, -9.048893191485059, -0.8275106236775699, 71366000000, 
-1.3552757834906726, -9.051969616412364, -0.8173132520282282, 71400000000, 
-1.3523672711810446, -9.055041208515778, -0.8071144498656531, 71434000000, 
-1.3494277842424773, -9.05808292391932, -0.7969157999765406, 71468000000, 
-1.346457330459513, -9.061094449643942, -0.7867173844759661, 71502000000, 
-1.3434319664710868, -9.06409946929056, -0.7765183637001768, 71536000000, 
-1.3403761099657168, -9.06707369051387, -0.7663211309959049, 71570000000, 
-1.3372651625725258, -9.070040162439183, -0.7561244633477324, 71604000000, 
-1.334123894185854, -9.072974998228295, -0.7459270033677126, 71638000000, 
-1.330952598511078, -9.075877863409794, -0.7357311138770649, 71672000000, 
-1.3277264234463122, -9.078771054138093, -0.7255360557283971, 71706000000, 
-1.3244706271265696, -9.08163128949902, -0.7153400499066047, 71740000000, 
-1.3211603266575394, -9.084480427968263, -0.7051438348188531, 71774000000, 
-1.3178208713681772, -9.087295575686703, -0.6949480001082122, 71808000000, 
-1.3144532002969704, -9.090076520824443, -0.6847516058957793, 71842000000, 
-1.3110310302011996, -9.09284418006215, -0.6745554054847914, 71876000000, 
-1.3075808678291305, -9.095576618131702, -0.664358263690871, 71910000000, 
-1.3040765884557786, -9.098294470282067, -0.6541611780443625, 71944000000, 
-1.3005445909283135, -9.100976201837861, -0.6439629495885428, 71978000000, 
-1.2969857735088304, -9.103621777292744, -0.6337656661581135, 72012000000, 
-1.293372635227887, -9.10625077307489, -0.623567242609183, 72046000000, 
-1.2897328974827336, -9.108842831601745, -0.6133694165840899, 72080000000, 
-1.2860389497341178, -9.111417051964306, -0.6031720454597805, 72114000000, 
-1.2823187561306046, -9.113953565331146, -0.5929742087961454, 72148000000, 
-1.2785444737669025, -9.116470938456569, -0.5827770668366, 72182000000, 
-1.2747444517569952, -9.118949810043695, -0.5725807426942932, 72216000000, 
-1.270919188284113, -9.12138992344111, -0.5623847553264676, 72250000000, 
-1.267040418883555, -9.12380900841044, -0.552188764846339, 72284000000, 
-1.2631370241037674, -9.126188471476326, -0.5419926553688815, 72318000000, 
-1.2591802993138201, -9.128545350720623, -0.531796568447764, 72352000000, 
-1.2551997401025687, -9.130861757392601, -0.5216001779796949, 72386000000, 
-1.251196003750293, -9.133137506149533, -0.5114043666499313, 72420000000, 
-1.2471394530687263, -9.135388559536713, -0.5012072076014046, 72454000000, 
-1.2430605300326667, -9.1375982327179, -0.4910105002857176, 72488000000, 
-1.2389291272065495, -9.13978179924546, -0.48081323900364836, 72522000000, 
-1.2347759385414723, -9.141923181709268, -0.47061614386192224, 72556000000, 
-1.2306010610124827, -9.144021967084747, -0.4604184815705533, 72590000000, 
-1.2263746586590079, -9.14609304701481, -0.45022128218495655, 72624000000, 
-1.222127254630448, -9.148120890950258, -0.44002333779376784, 72658000000, 
-1.2178284016439083, -9.150119525504492, -0.42982544612121965, 72692000000, 
-1.2135094168768372, -9.152074373931283, -0.419628729226608, 72726000000, 
-1.2091395245528251, -9.153998793304307, -0.40943170863077855, 72760000000, 
-1.204750098009122, -9.15587861628052, -0.3992346266736706, 72794000000, 
-1.2003416141765846, -9.157713644074393, -0.38903769908424507, 72828000000, 
-1.1958831127404903, -9.159516435139935, -0.3788410709225452, 72862000000, 
-1.1914063524263085, -9.161273724314016, -0.3686443474777796, 72896000000, 
-1.1868800816190344, -9.162997321352382, -0.35844762522672036, 72930000000, 
-1.1823363686021202, -9.164674606134838, -0.34825137991610505, 72964000000, 
-1.1777441145809004, -9.166317114513744, -0.3380541014822288, 72998000000, 
-1.1731350927522814, -9.167912435367192, -0.32785716270375187, 73032000000, 
-1.1685103950251583, -9.169460912166182, -0.31766053121440224, 73066000000, 
-1.163837688500231, -9.170972322803168, -0.30746357537040175, 73100000000, 
-1.1591500632693061, -9.172436197730203, -0.29726613856642453, 73134000000, 
-1.1544150728717397, -9.173861724927852, -0.28706904349406137, 73168000000, 
-1.1496659987949915, -9.175239111005746, -0.27687153709217144, 73202000000, 
-1.1448702689790808, -9.176576936670797, -0.26667460018914096, 73236000000, 
-1.140061228312278, -9.17786593813813, -0.25647762070619845, 73270000000, 
-1.1352392127457887, -9.179105853882492, -0.24628032893429289, 73304000000, 
-1.130371692922262, -9.180304588367317, -0.2360833990830705, 73338000000, 
-1.125492036489833, -9.181453594901772, -0.22588681022773088, 73372000000, 
-1.12056787878462, -9.18256044637141, -0.21569028550810868, 73406000000, 
-1.1156325348826364, -9.183617008077809, -0.20549321059436731, 73440000000, 
-1.110653220653183, -9.184629818425265, -0.19529613447033398, 73474000000, 
-1.105663940875722, -9.185592027575412, -0.18509956015099635, 73508000000, 
-1.100664914269845, -9.1865031037779, -0.17490252386658525, 73542000000, 
-1.0956235869246536, -9.187369095884515, -0.16470632064454088, 73576000000, 
-1.0905736760782412, -9.188183609367949, -0.15450871298887112, 73610000000, 
-1.0854820966675822, -9.188951446931462, -0.14431145405868723, 73644000000, 
-1.0803831134257467, -9.189667504811633, -0.13411437956590166, 73678000000, 
-1.0752433575486677, -9.190335673490882, -0.12391677868697203, 73712000000, 
-1.0700971772965993, -9.190951569222852, -0.11371900831330646, 73746000000, 
-1.0649111461472394, -9.19151848049294, -0.1035212313438487, 73780000000, 
-1.059719662929361, -9.192032632024453, -0.09332414160514052, 73814000000, 
-1.0544892488030848, -9.192496685899235, -0.08312638100314929, 73848000000, 
-1.049254383315571, -9.192907524657008, -0.0729299768561261, 73882000000, 
-1.0439816728936142, -9.193267310165954, -0.06273281075418512, 73916000000, 
-1.0387053530351538, -9.193573128198068, -0.052535715757515915, 73950000000, 
-1.0333923893166597, -9.193827069768892, -0.04233917248185975, 73984000000, 
-1.0280769458240888, -9.194026720815705, -0.03214232721931895, 74018000000, 
-1.0227257746569955, -9.194173081863626, -0.02194548702497749, 74052000000, 
-1.0173733743105222, -9.194264990533465, -0.01174881790453316, 74086000000, 
-1.011986313707359, -9.194302430020803, -0.0015519691950878006, 74120000000, 
-1.006599142883459, -9.194284937671034, 0.008645212272553751, 74154000000, 
-1.0011785225531387, -9.194212096856802, 0.018842784595864165, 74188000000, 
-0.9957588542949579, -9.194083767308827, 0.029039513767848028, 74222000000, 
-0.9903409346355279, -9.193900455946599, 0.03923689942064114, 74256000000, 
-0.9848912372084806, -9.193660297929426, 0.049434684895358, 74290000000, 
-0.979444199171015, -9.19336441805256, 0.05963246360334818, 74324000000, 
-0.9739665796719515, -9.193010850223702, 0.06983048365772425, 74358000000, 
-0.9684928676057131, -9.192601547506172, 0.08002718690028562, 74392000000, 
-0.963023542133942, -9.192136353388022, 0.09022456499079204, 74426000000, 
-0.9575254476414073, -9.191612198195108, 0.100422002746462, 74460000000, 
-0.9520328853080857, -9.191031981130958, 0.11061939683562255, 74494000000, 
-0.9465128278659745, -9.190391997606799, 0.12081586560986632, 74528000000, 
-0.940999463599323, -9.189695676153395, 0.13101309820125523, 74562000000, 
-0.935459886543022, -9.188938716634839, 0.1412096878925586, 74596000000, 
-0.9299282483850179, -9.18812529348432, 0.15140611513963714, 74630000000, 
-0.9243716598389324, -9.187250217907293, 0.16160337639941952, 74664000000, 
-0.9188242256336746, -9.186318456995348, 0.17180116050366254, 74698000000, 
-0.9132531513917405, -9.185324141001459, 0.18199835578018433, 74732000000, 
-0.9076925138621902, -9.184273106469181, 0.19219529472186483, 74766000000, 
-0.9021096170634351, -9.183158914362275, 0.2023926729745141, 74800000000, 
-0.8965383262491631, -9.181987795627526, 0.21259021012745324, 74834000000, 
-0.8909461087255429, -9.180752573990851, 0.2227883038016752, 74868000000, 
-0.8853666948414546, -9.179460205747358, 0.2329862824412576, 74902000000, 
-0.8797677915920913, -9.178103163261882, 0.24318357534140334, 74936000000, 
-0.874182898951341, -9.17668888245603, 0.2533813791577492, 74970000000, 
-0.8686127662511507, -9.175217939766718, 0.26357805716463056, 75004000000, 
-0.8630251165549874, -9.173681155536169, 0.27377578575878575, 75038000000, 
-0.8574534331262543, -9.172087594820905, 0.2839726163576217, 75072000000, 
-0.8518657089087952, -9.170427401669693, 0.294169761445286, 75106000000, 
-0.846295172278452, -9.168710628913756, 0.3043670342618567, 75140000000, 
-0.8407100798655942, -9.166926463381163, 0.31456345230091337, 75174000000, 
-0.8351435010158856, -9.165085747169982, 0.32476039645661237, 75208000000, 
-0.8295638187594419, -9.163177063325206, 0.33495846553055847, 75242000000, 
-0.8240038734914781, -9.161211942869675, 0.34515551714536535, 75276000000, 
-0.81846425826379, -9.15918987010978, 0.355351977479716, 75310000000, 
-0.8129137622417918, -9.157099703516774, 0.36554945920630605, 75344000000, 
-0.8073848480079336, -9.154952758073017, 0.3757480918185415, 75378000000, 
-0.8018465796662573, -9.152737246225731, 0.38594570681812373, 75412000000, 
-0.7963311599541824, -9.150465106386612, 0.3961425049364667, 75446000000, 
-0.790839170007079, -9.148136807644455, 0.4063407798007408, 75480000000, 
-0.7853401050984029, -9.145739335213957, 0.41653837141931005, 75514000000, 
-0.7798656908760369, -9.143285618722537, 0.42673557837251447, 75548000000, 
-0.7743858058591154, -9.140762193686973, 0.43693329962138716, 75582000000, 
-0.7689318533447029, -9.138182946635268, 0.44713039425216033, 75616000000, 
-0.7634739677108451, -9.135533198197223, 0.45732792825363944, 75650000000, 
-0.7580433295191191, -9.132828303224137, 0.46752520852402185, 75684000000, 
-0.7526405479667687, -9.130067849393933, 0.4777223217942136, 75718000000, 
-0.747236137464156, -9.127236733890715, 0.48792015345522577, 75752000000, 
-0.7418608163408911, -9.124350749122605, 0.49811726855633914, 75786000000, 
-0.7364854553397489, -9.121393463562503, 0.5083148296198673, 75820000000, 
-0.7311405204646834, -9.118381816848093, 0.5185125982879342, 75854000000, 
-0.7258265827566541, -9.115315428590998, 0.5287091520544067, 75888000000, 
-0.720514953692083, -9.112178143918468, 0.5389074974855012, 75922000000, 
-0.7152356034275439, -9.108986524927307, 0.549105308407639, 75956000000, 
-0.7099601645084177, -9.105723595545127, 0.5593027173103065, 75990000000, 
-0.7047182660327269, -9.102406781641568, 0.5695001472166945, 76024000000, 
-0.699510414095022, -9.099037027469281, 0.5796975997351027, 76058000000, 
-0.6943089132067048, -9.095595356858151, 0.5898946568372099, 76092000000, 
-0.6891427584603855, -9.09210076712424, 0.6000923738185684, 76126000000, 
-0.6840124183507249, -9.088553959964589, 0.6102894444367831, 76160000000, 
-0.6788908419085052, -9.084935137621288, 0.6204868241333953, 76194000000, 
-0.6738063754240309, -9.081264434579285, 0.6306847832441609, 76228000000, 
-0.6687322895224245, -9.077521844976406, 0.6408820437838519, 76262000000, 
-0.6636966475024006, -9.073727478397306, 0.6510799921611512, 76296000000, 
-0.6586729717687172, -9.069861619071201, 0.6612778752655597, 76330000000, 
-0.6536890217142797, -9.065944377735214, 0.6714755421550245, 76364000000, 
-0.6487452669530775, -9.061976560033125, 0.6816737941371851, 76398000000, 
-0.6438159265771376, -9.057937127933107, 0.6918712936358268, 76432000000, 
-0.6389280716330453, -9.05384736117578, 0.7020690973411561, 76466000000, 
-0.6340562823464956, -9.049686230336716, 0.7122661871940406, 76500000000, 
-0.6292272616532013, -9.045475276721136, 0.7224640068292615, 76534000000, 
-0.6244413526061632, -9.041215545757938, 0.7326612661070484, 76568000000, 
-0.6196740028249123, -9.03688441374397, 0.7428596698236379, 76602000000, 
-0.614951044933141, -9.032504811061555, 0.7530563093338702, 76636000000, 
-0.6102730469035633, -9.028077091316135, 0.7632536731766669, 76670000000, 
-0.6056158685092898, -9.023578679027136, 0.7734515057823962, 76704000000, 
-0.6010048935707117, -9.019032674990257, 0.7836489970030275, 76738000000, 
-0.596416567341123, -9.014415850774085, 0.7938469652551284, 76772000000, 
-0.5918754937975613, -9.00975254716673, 0.8040438233327348, 76806000000, 
-0.5873822210102096, -9.005043154441111, 0.8142420944404754, 76840000000, 
-0.5829141672876856, -9.000263145026782, 0.8244401394766719, 76874000000, 
-0.5784949028983095, -8.995438121508377, 0.8346384385848735, 76908000000, 
-0.5741025324943276, -8.990542723373007, 0.8448359410571772, 76942000000, 
-0.5697602039801438, -8.985602936975285, 0.8550338072600749, 76976000000, 
-0.5654684890580416, -8.980619060971723, 0.8652313006415336, 77010000000, 
-0.5612060184091984, -8.975565539484254, 0.875429339539002, 77044000000, 
-0.5569950775732498, -8.970469151540815, 0.8856268816873031, 77078000000, 
-0.552815121421765, -8.965303397677022, 0.895824332100611, 77112000000, 
-0.548688000881483, -8.960095309258834, 0.9060226213812439, 77146000000, 
-0.544614119573358, -8.954845515401024, 0.9162200707804373, 77180000000, 
-0.5405735811415038, -8.94952717736113, 0.926418019334733, 77214000000, 
-0.5365872851737848, -8.944168177847459, 0.9366161927851058, 77248000000, 
-0.5326360178135242, -8.938741113284213, 0.9468137036607862, 77282000000, 
-0.5287403029121239, -8.933273954862084, 0.9570118719163195, 77316000000, 
-0.5248809556013908, -8.927739759216914, 0.9672093921979849, 77350000000, 
-0.5210783916732284, -8.922166190290413, 0.9774069666606997, 77384000000, 
-0.5173327412336611, -8.916554290537691, 0.9876049393754199, 77418000000, 
-0.5136259921739244, -8.910876001106715, 0.997802116890594, 77452000000, 
-0.5099774309453733, -8.905160000484374, 1.0079999584989463, 77486000000, 
-0.5063691202354873, -8.899378626549655, 1.0181976627238112, 77520000000, 
-0.5028201553973703, -8.89356043929777, 1.0283949326935962, 77554000000, 
-0.499330639556699, -8.887706459665514, 1.0385927153889676, 77588000000, 
-0.495883804491706, -8.881788003820313, 1.0487919331235183, 77622000000, 
-0.4924976493947248, -8.875834466553066, 1.0589897798916745, 77656000000, 
-0.4891559363306162, -8.869816977750622, 1.069187955391641, 77690000000, 
-0.4858755512058394, -8.863765936786502, 1.0793860723545394, 77724000000, 
-0.48265726064903564, -8.857681498225132, 1.0895843854220923, 77758000000, 
-0.47948548790695594, -8.851534523302554, 1.0997827675086427, 77792000000, 
-0.4763765949697693, -8.84535543801414, 1.1099801182084381, 77826000000, 
-0.47331606249249697, -8.839114319178709, 1.120178165169753, 77860000000, 
-0.4703190089400731, -8.832842596318217, 1.130375792782157, 77894000000, 
-0.467386285449555, -8.826540371512477, 1.1405729637484288, 77928000000, 
-0.46450390485259085, -8.820177673636662, 1.1507709132157908, 77962000000, 
-0.4616864247674502, -8.813785981052122, 1.1609680885245757, 77996000000, 
-0.4589210834228458, -8.80733447836848, 1.1711658453458313, 78030000000, 
-0.4562213850871109, -8.800855327380884, 1.181363999424436, 78064000000, 
-0.45358811427639883, -8.794348774151272, 1.1915617179709774, 78098000000, 
-0.45100896317130185, -8.787784060528297, 1.2017604438693814, 78132000000, 
-0.4484966553779079, -8.781193568731087, 1.2119585906855666, 78166000000, 
-0.44604019126827293, -8.774545731629056, 1.222156909720107, 78200000000, 
-0.4436514738244585, -8.767873321546798, 1.232354438178543, 78234000000, 
-0.4413200772329497, -8.761144606415492, 1.2425537358724361, 78268000000, 
-0.43905706426878727, -8.754392721468426, 1.252752298459552, 78302000000, 
-0.4368632905080087, -8.747617871538594, 1.262949393536481, 78336000000, 
-0.43472851316688355, -8.74078862351134, 1.2731475723495065, 78370000000, 
-0.43266334139171403, -8.733938016664059, 1.2833452005222954, 78404000000, 
-0.43065887483691145, -8.727033917302267, 1.2935428918325966, 78438000000, 
-0.4287245688565899, -8.720109913724395, 1.3037406498709776, 78472000000, 
-0.42685240343061026, -8.713133579795599, 1.3139380785591244, 78506000000, 
-0.42505149348353255, -8.706138436969976, 1.3241364731987637, 78540000000, 
-0.42332174095585284, -8.699125473642482, 1.33433421839295, 78574000000, 
-0.42165610484970084, -8.692062003299185, 1.3445323253365933, 78608000000, 
-0.420062416147023, -8.684981981306947, 1.3547310959481096, 78642000000, 
-0.41853399044356393, -8.67785284956376, 1.3649289733148224, 78676000000, 
-0.4170785447806086, -8.670708339945566, 1.3751274989886828, 78710000000, 
-0.41569564970759915, -8.663549575110714, 1.38532573913899, 78744000000, 
-0.4143800570313951, -8.656343503921883, 1.3955236698521267, 78778000000, 
-0.41313782576445707, -8.649124454063873, 1.4057209546079463, 78812000000, 
-0.4119640994894026, -8.641859464850569, 1.4159198310314787, 78846000000, 
-0.4108641411689628, -8.634583022965451, 1.4261184363303758, 78880000000, 
-0.4098386921781043, -8.627295591998816, 1.4363152825551206, 78914000000, 
-0.40888323882886385, -8.619964375391401, 1.4465135342978823, 78948000000, 
-0.4080022778822347, -8.612623916751748, 1.4567116040646935, 78982000000, 
-0.4071928292701167, -8.605240952711569, 1.4669095293492953, 79016000000, 
-0.40645850616456464, -8.597850157605555, 1.4771079161787566, 79050000000, 
-0.40579667240438283, -8.590418423069815, 1.4873057161244907, 79084000000, 
-0.40521088222397555, -8.582980185601164, 1.4975042861640047, 79118000000, 
-0.4047005625301978, -8.575536526398121, 1.5077024760096946, 79152000000, 
-0.4042645666691041, -8.568054022195595, 1.51790043833431, 79186000000, 
-0.4039048249064019, -8.56056742894279, 1.5280991500503445, 79220000000, 
-0.40362130375474087, -8.553077610580537, 1.5382968038959504, 79254000000, 
-0.40341351346146725, -8.5455512447394, 1.5484949272357924, 79288000000, 
-0.4032820911950602, -8.538023225527153, 1.5586932376655103, 79322000000, 
-0.40322749390588564, -8.530460218539451, 1.5688908201052592, 79356000000, 
-0.4032500566011264, -8.522896973520927, 1.5790892730192494, 79390000000, 
-0.4033498691061398, -8.515300525324937, 1.589287127168816, 79424000000, 
-0.40352748375666303, -8.507705342724098, 1.5994851920291597, 79458000000, 
-0.4037823222305166, -8.500112401487291, 1.609683846218838, 79492000000, 
-0.4041161536920094, -8.492488533251692, 1.6198816517584973, 79526000000, 
-0.40452794220761834, -8.484868356827036, 1.6300801907046902, 79560000000, 
-0.4050191364144706, -8.477219004996632, 1.6402784702362652, 79594000000, 
-0.4055887097544155, -8.469574935285367, 1.6504760776214085, 79628000000, 
-0.4062388187652321, -8.46190332224741, 1.6606748196809131, 79662000000, 
-0.40696742680145975, -8.454238625437135, 1.6708732122500871, 79696000000, 
-0.407773743522899, -8.446581809256822, 1.681070909657828, 79730000000, 
-0.40866231933737446, -8.438899845247407, 1.6912685851500868, 79764000000, 
-0.40962923852430816, -8.43122727035654, 1.7014674757475687, 79798000000, 
-0.41067860794183286, -8.423531396141705, 1.7116652805126482, 79832000000, 
-0.411806780562043, -8.415846523226021, 1.721863247585931, 79866000000, 
-0.4130130414296628, -8.40817355423676, 1.7320620964324784, 79900000000, 
-0.4143032852346985, -8.400479814254911, 1.7422599671160264, 79934000000, 
-0.415671723233295, -8.39279957604964, 1.7524591066139046, 79968000000, 
-0.4171251392271195, -8.385100296099866, 1.7626569359788615, 80002000000, 
-0.4186564412795235, -8.377416243748035, 1.7728551933911434, 80036000000, 
-0.4202663924712914, -8.369748175624778, 1.7830528122255769, 80070000000, 
-0.4219616708706183, -8.362063738676625, 1.793251447737627, 80104000000, 
-0.4237350641196907, -8.354396997817219, 1.8034491486856468, 80138000000, 
-0.42558685550688524, -8.346748721608025, 1.8136472510185442, 80172000000, 
-0.4275244510556037, -8.33908677379682, 1.823845730601255, 80206000000, 
-0.42954043927146024, -8.331444977486928, 1.834043669559293, 80240000000, 
-0.4316433201797516, -8.323791352247623, 1.8442425951102488, 80274000000, 
-0.4338239410738498, -8.316159609936616, 1.854439858614319, 80308000000, 
-0.43609190203994064, -8.308517920305295, 1.8646387380403766, 80342000000, 
-0.4384381455179189, -8.300899741142892, 1.874838079586798, 80376000000, 
-0.4408613996013257, -8.2933058619608, 1.8850368703949363, 80410000000, 
-0.4433730188565798, -8.285704895599531, 1.8952342170546737, 80444000000, 
-0.4459619225461236, -8.278129856053985, 1.9054326674900957, 80478000000, 
-0.4486390656345539, -8.270549628358367, 1.9156304448142785, 80512000000, 
-0.45139351849385206, -8.262997043012916, 1.9258288185484242, 80546000000, 
-0.45422480754999794, -8.255472923864373, 1.9360264438058017, 80580000000, 
-0.4571448908688113, -8.247946421422581, 1.9462249168141246, 80614000000, 
-0.4601418839086643, -8.240450030237135, 1.9564229014551007, 80648000000, 
-0.46322772135506635, -8.232953219807692, 1.9666219568507992, 80682000000, 
-0.4663903186948356, -8.225488243080708, 1.976820706241524, 80716000000, 
-0.4696284769715365, -8.218055837552397, 1.9870193544540673, 80750000000, 
-0.4729565322933193, -8.210625880367687, 1.9972178141596908, 80784000000, 
-0.4763599554786203, -8.203230215193482, 2.007416939582374, 80818000000, 
-0.4798532164305742, -8.195838938635823, 2.017614863924259, 80852000000, 
-0.48342192067827483, -8.188483665921922, 2.0278131007667137, 80886000000, 
-0.4870649212036111, -8.181165099800541, 2.0380109014220475, 80920000000, 
-0.49079826509060004, -8.173853881450166, 2.0482081862188255, 80954000000, 
-0.49460560287093797, -8.166581068730595, 2.05840588570372, 80988000000, 
-0.4984872624997728, -8.159347524493535, 2.068604782724213, 81022000000, 
-0.502458585156638, -8.152124142177803, 2.0788028936561878, 81056000000, 
-0.5065033722590967, -8.144941624659534, 2.0890027555435715, 81090000000, 
-0.5106382713335013, -8.137771330620147, 2.09920079896315, 81124000000, 
-0.5148463646786472, -8.130643594737258, 2.1093997182550024, 81158000000, 
-0.5191264400155681, -8.123559027353961, 2.1195988657651923, 81192000000, 
-0.5234969179646612, -8.116489723599189, 2.129797966734103, 81226000000, 
-0.5279389043542542, -8.109465211516035, 2.139995900789668, 81260000000, 
-0.5324708951223733, -8.102457895187591, 2.150194904221742, 81294000000, 
-0.5370741599727872, -8.095497107396007, 2.1603926619452247, 81328000000, 
-0.5417482183332664, -8.088583627259515, 2.1705907447493775, 81362000000, 
-0.5465118891617121, -8.081690260424168, 2.1807879191546626, 81396000000, 
-0.5513454616760001, -8.074845751482522, 2.190986405712072, 81430000000, 
-0.5562683767422696, -8.068023361312076, 2.2011850432249265, 81464000000, 
-0.5612606823299933, -8.061251528597898, 2.211383303596183, 81498000000, 
-0.5663218144610274, -8.054530955572085, 2.2215830168248036, 81532000000, 
-0.5714722678662073, -8.047835539110233, 2.231782083102887, 81566000000, 
-0.5766902728416659, -8.041192803169247, 2.241980474021015, 81600000000, 
-0.5819761318949919, -8.034603745926486, 2.252179144178391, 81634000000, 
-0.5873504209347981, -8.028042679786918, 2.2623772902472457, 81668000000, 
-0.5927911955540981, -8.02153666155988, 2.272575723855929, 81702000000, 
-0.5983199455744731, -8.015060606410218, 2.2827744221399864, 81736000000, 
-0.6039147268203326, -8.008641327995713, 2.292973849412066, 81770000000, 
-0.6095971570125539, -8.00225402866139, 2.303171315164136, 81804000000, 
-0.6153443947724306, -7.995924957957143, 2.3133702849012963, 81838000000, 
-0.6211561388259356, -7.989654933034824, 2.323569449592731, 81872000000, 
-0.6270546290784723, -7.983419723714015, 2.3337676610190394, 81906000000, 
-0.6330167313612217, -7.977245104887397, 2.3439660317933564, 81940000000, 
-0.6390410903292478, -7.971131392905784, 2.3541650260807896, 81974000000, 
-0.645151880329721, -7.965055668606793, 2.364363156477576, 82008000000, 
-0.6513243900575465, -7.959042570264128, 2.3745618869440284, 82042000000, 
-0.6575821179055755, -7.953069094524207, 2.3847599735379896, 82076000000, 
-0.6639008196395351, -7.94715990952451, 2.3949585874406507, 82110000000, 
-0.6702791516658566, -7.941315302943294, 2.405156907304572, 82144000000, 
-0.6767423775697494, -7.935513605146343, 2.4153560134264573, 82178000000, 
-0.6832641104850896, -7.9297779171894325, 2.4255553015087297, 82212000000, 
-0.6898700429452267, -7.9240870863543655, 2.435755262559136, 82246000000, 
-0.6965333533004027, -7.918463687334657, 2.4459539135934527, 82280000000, 
-0.7032540222187545, -7.912908751250065, 2.456152285847172, 82314000000, 
-0.7100570752608217, -7.9074010691585475, 2.466351499446062, 82348000000, 
-0.7169163706911803, -7.901963285834999, 2.476549709243625, 82382000000, 
-0.7238304064442479, -7.89659545096667, 2.4867476322648976, 82416000000, 
-0.7308261781924659, -7.891278055295945, 2.496946574036928, 82450000000, 
-0.7378755927357852, -7.886032053125311, 2.5071441212795094, 82484000000, 
-0.7450056487443356, -7.880838256871412, 2.5173437253883573, 82518000000, 
-0.7521884790403839, -7.875717546179613, 2.527542447950114, 82552000000, 
-0.7594507935775271, -7.8706507821454395, 2.5377415816667437, 82586000000, 
-0.766792889068634, -7.865639504370745, 2.5479417047236574, 82620000000, 
-0.7741853119071351, -7.860703039070773, 2.5581402555303585, 82654000000, 
-0.7816565256300511, -7.855823958754918, 2.5683395971646994, 82688000000, 
-0.7891767836903281, -7.851021026212425, 2.578537852472878, 82722000000, 
-0.7967747597395829, -7.846277308882797, 2.5887363193005752, 82756000000, 
-0.804420539973089, -7.841611109747655, 2.598935176517931, 82790000000, 
-0.8121135877718764, -7.837023157969978, 2.6091327960063326, 82824000000, 
-0.8198825699260293, -7.832496969551175, 2.6193316105359448, 82858000000, 
-0.8277264264948611, -7.828033071537263, 2.6295304767747743, 82892000000, 
-0.8356157836491139, -7.823649708861898, 2.639729148526423, 82926000000, 
-0.8435493829534406, -7.819347001011765, 2.6499289383482916, 82960000000, 
-0.8515563362967292, -7.815109462755683, 2.660127832351392, 82994000000, 
-0.8596063903996617, -7.81095406652205, 2.670327217275669, 83028000000, 
-0.8677283961559333, -7.806865384095538, 2.6805266419988314, 83062000000, 
-0.8758919787666872, -7.80286000287153, 2.6907249836401355, 83096000000, 
-0.8840960288693405, -7.798938100346727, 2.700924180160665, 83130000000, 
-0.8923702437835288, -7.795085538931414, 2.711121467040248, 83164000000, 
-0.9006833348036096, -7.79131748452654, 2.7213218833372905, 83198000000, 
-0.9090344908095338, -7.787634450590226, 2.731520063424613, 83232000000, 
-0.9174541584526711, -7.784023585174542, 2.7417185522025136, 83266000000, 
-0.9259098887613268, -7.780498320419027, 2.7519177052417185, 83300000000, 
-0.9344328932851957, -7.777047121499638, 2.76211680816295, 83334000000, 
-0.9429906426453052, -7.773682957653905, 2.7723163651071294, 83368000000, 
-0.9515821517180921, -7.770406117132877, 2.782514781872176, 83402000000, 
-0.9602387016628912, -7.767205597344926, 2.79271408080595, 83436000000, 
-0.9689271987056529, -7.764093109576939, 2.802913463337154, 83470000000, 
-0.9776792868466548, -7.761058583036614, 2.813111778762075, 83504000000, 
-0.9864619499780398, -7.75811348312231, 2.8233112548951325, 83538000000, 
-0.9953062485478729, -7.755247286198296, 2.833510040931006, 83572000000, 
-1.0041796424775027, -7.752471826604078, 2.8437095059932753, 83606000000, 
-1.013080641894147, -7.749786587335924, 2.853908929949829, 83640000000, 
-1.0220413702624505, -7.747183136060349, 2.864106724524302, 83674000000, 
-1.0310282685521361, -7.744671251905536, 2.8743064286319626, 83708000000, 
-1.0400728865850453, -7.742242008636384, 2.884505364714783, 83742000000, 
-1.0491420769251654, -7.739905501566726, 2.8947038840189245, 83776000000, 
-1.0582345024195152, -7.737661343956283, 2.9049031580127602, 83810000000, 
-1.0673824725851855, -7.735502455171371, 2.9151005339014726, 83844000000, 
-1.0765518425975082, -7.733436631760797, 2.9253000413579517, 83878000000, 
-1.0857420202865624, -7.731464851128832, 2.9355003765810666, 83912000000, 
-1.094984872631041, -7.729579726169975, 2.9456994772537684, 83946000000, 
-1.1042467285716016, -7.72778938969383, 2.955899426806809, 83980000000, 
-1.1135595122628368, -7.7260869842989734, 2.966098320510658, 84014000000, 
-1.1228894389587412, -7.72448012329479, 2.976297543008708, 84048000000, 
-1.1322351523112109, -7.7229681300033794, 2.986497687654551, 84082000000, 
-1.1416295281789992, -7.721546782993494, 2.996695381375045, 84116000000, 
-1.1510379289511656, -7.720221165050096, 3.006893519273334, 84150000000, 
-1.1604592851716546, -7.718991368222776, 3.017092090287967, 84184000000, 
-1.1699265478669054, -7.717854010310547, 3.027291749687105, 84218000000, 
-1.1794047890895811, -7.716812776308761, 3.037491041105445, 84252000000, 
-1.188927120869478, -7.715865479422571, 3.047688788338456, 84286000000, 
-1.1984584340218134, -7.715014799911763, 3.0578887342051773, 84320000000, 
-1.2079981026578073, -7.714261918630573, 3.068089425427042, 84354000000, 
-1.2175786521147225, -7.7136036047918735, 3.0782892112676676, 84388000000, 
-1.2271656027038236, -7.713043461324059, 3.0884881089049974, 84422000000, 
-1.2367916123858709, -7.712579170318131, 3.0986871692101587, 84456000000, 
-1.246421912943784, -7.71221313426584, 3.10888529015021, 84490000000, 
-1.2560555431764817, -7.711945566579688, 3.1190843319784456, 84524000000, 
-1.2657251988700298, -7.711775056580007, 3.129283010397786, 84558000000, 
-1.2753962962410996, -7.711703766899287, 3.139482834308274, 84592000000, 
-1.2850675323045233, -7.711730606917535, -3.1335034382444573, 84626000000, 
-1.2947720163679461, -7.7118569554318555, -3.123305040021638, 84660000000, 
-1.304474781792824, -7.712082376865554, -3.113104023769424, 84694000000, 
-1.3142085441083626, -7.712407519123806, -3.102905705062035, 84728000000, 
-1.3239386229797023, -7.712832455101509, -3.0927063177834007, 84762000000, 
-1.33369761768536, -7.713357807055325, -3.0825068956372306, 84796000000, 
-1.3434508215973393, -7.713982864303233, -3.0723074885452677, 84830000000, 
-1.3532310221405182, -7.714709987161602, -3.062108371166771, 84864000000, 
-1.363003330859639, -7.715536725178775, -3.0519094510809572, 84898000000, 
-1.3727667423349006, -7.716462919622791, -3.0417095323036807, 84932000000, 
-1.382554028283354, -7.717492580832468, -3.031511323794939, 84966000000, 
-1.3923303471598927, -7.718621634135791, -3.021311569931213, 85000000000, 
-1.4021283646943072, -7.71985498157967, -3.011113088480845, 85034000000, 
-1.4119133451272277, -7.721188120209289, -3.000912490854094, 85068000000, 
-1.421684163418215, -7.72262107688, -2.990714728595439, 85102000000, 
-1.4314733718540742, -7.724158485003033, -2.980515621619871, 85136000000, 
-1.4412464016858617, -7.725795754991796, -2.9703155565729245, 85170000000, 
-1.451035633824721, -7.727538899517879, -2.9601162570087176, 85204000000, 
-1.4608066062688967, -7.729381158977115, -2.949916439225165, 85238000000, 
-1.4705582882230728, -7.731323481041232, -2.939717822514048, 85272000000, 
-1.4803229640660636, -7.733371729494615, -2.9295179477419544, 85306000000, 
-1.4900662853791382, -7.735520084231456, -2.919318429596861, 85340000000, 
-1.4998203059074435, -7.737774775552496, -2.909118973720233, 85374000000, 
-1.5095508625605412, -7.7401294347874305, -2.8989200822557386, 85408000000, 
-1.5192569515216272, -7.742582701916069, -2.8887211378374364, 85442000000, 
-1.5289702753903218, -7.745143924939518, -2.8785218196000653, 85476000000, 
-1.5386570065913172, -7.7478039991609045, -2.868322795451323, 85510000000, 
-1.548348660148062, -7.750571629633723, -2.8581243336161486, 85544000000, 
-1.5580116413034684, -7.7534381746039935, -2.847924483675399, 85578000000, 
-1.5676772874222498, -7.756413282207278, -2.8377250167704724, 85612000000, 
-1.5773121676095432, -7.759486394054779, -2.82752469425908, 85646000000, 
-1.586915196132091, -7.7626580903818265, -2.8173239060444706, 85680000000, 
-1.5965175815653199, -7.765938363054919, -2.807125558631253, 85714000000, 
-1.6060860497786895, -7.7693164116164315, -2.7969249268317444, 85748000000, 
-1.6156514868267748, -7.772803806271134, -2.7867264241011545, 85782000000, 
-1.625180880984261, -7.776388609977176, -2.7765273334917597, 85816000000, 
-1.6346732745165253, -7.780069944484103, -2.7663292659000813, 85850000000, 
-1.6441590997360185, -7.78386075874986, -2.7561299663529732, 85884000000, 
-1.65360575046542, -7.787748357259243, -2.745931536047346, 85918000000, 
-1.6630435618007007, -7.791744656413541, -2.7357321390367986, 85952000000, 
-1.672440076947333, -7.795837665531996, -2.725530448965827, 85986000000, 
-1.6817944486536263, -7.800025674735554, -2.7153309323880936, 86020000000, 
-1.6911363868343705, -7.804323828953128, -2.705130417255631, 86054000000, 
-1.7004341519421802, -7.808716421148811, -2.694930615014114, 86088000000, 
-1.709717114392987, -7.813219045758847, -2.684731195944, 86122000000, 
-1.7189538234079853, -7.817815582838628, -2.6745337610519915, 86156000000, 
-1.7281430763338206, -7.822506665337472, -2.664334240318777, 86190000000, 
-1.7373141681980784, -7.82730638886916, -2.65413652599997, 86224000000, 
-1.7464358142032885, -7.832199539155016, -2.643936481022324, 86258000000, 
-1.755536696717988, -7.837202229640458, -2.6337358240099253, 86292000000, 
-1.7645861991337086, -7.8422970829532455, -2.6235360233955745, 86326000000, 
-1.7736126484030894, -7.8475009703802945, -2.6133367202362745, 86360000000, 
-1.7825855711704994, -7.8527967778207906, -2.603134919764469, 86394000000, 
-1.7915040220979979, -7.858183923969647, -2.5929347805906224, 86428000000, 
-1.800396033991357, -7.863679396760693, -2.5827360871065017, 86462000000, 
-1.8092314985185556, -7.869265700119914, -2.5725381815825927, 86496000000, 
-1.8180381483453978, -7.874959899149051, -2.562338872046499, 86530000000, 
-1.8267862752417945, -7.880743752448162, -2.5521390782880875, 86564000000, 
-1.8354749782890676, -7.886616454525483, -2.541939944787535, 86598000000, 
-1.8441310617056548, -7.892597222110733, -2.5317404973913105, 86632000000, 
-1.8527258984858188, -7.898665411792397, -2.5215401386653156, 86666000000, 
-1.861285903007277, -7.904840793525741, -2.5113391276911754, 86700000000, 
-1.8697824516268164, -7.911103337767344, -2.501139421173316, 86734000000, 
-1.878241733933046, -7.917472849553109, -2.4909398173043824, 86768000000, 
-1.8866357969515806, -7.9239280154055205, -2.480739774703228, 86802000000, 
-1.8949634427550803, -7.930468946597123, -2.4705413709858446, 86836000000, 
-1.903250665953761, -7.937115225325322, -2.4603417853760066, 86870000000, 
-1.9114694905423724, -7.943846266606181, -2.4501420009725434, 86904000000, 
-1.9196455174526652, -7.950682033189954, -2.4399420253274893, 86938000000, 
-1.9277511071751814, -7.957601495962077, -2.429743131953892, 86972000000, 
-1.9357859473291406, -7.964602706742951, -2.4195434320255047, 87006000000, 
-1.9437741382858489, -7.9717083759630025, -2.4093427368952964, 87040000000, 
-1.9516896229086143, -7.978894798955292, -2.399143738597232, 87074000000, 
-1.9595562862507352, -7.986184656855499, -2.388945385771814, 87108000000, 
-1.9673481261122687, -7.993554571871806, -2.378742961584537, 87142000000, 
-1.9750888978798014, -8.001027065990675, -2.368542892332141, 87176000000, 
-1.9827531051900718, -8.008578173978856, -2.358343404112561, 87210000000, 
-1.990339697175951, -8.016207476205325, -2.3481438124035194, 87244000000, 
-1.9978719964940137, -8.02393774196104, -2.337942203671693, 87278000000, 
-2.005324895071404, -8.031744817778467, -2.3277439685646417, 87312000000, 
-2.012721148785401, -8.03965198124164, -2.317546335063986, 87346000000, 
-2.020036209114849, -8.047634448773072, -2.3073456932826457, 87380000000, 
-2.0272921784941795, -8.05571628056467, -2.2971460216893083, 87414000000, 
-2.0344655844826023, -8.063871333299362, -2.286947723384678, 87448000000, 
-2.041555151485819, -8.072099567508351, -2.276746848872509, 87482000000, 
-2.0485826947984602, -8.080425090460766, -2.266545346792556, 87516000000, 
-2.0555245168561878, -8.08882257283125, -2.256343687105102, 87550000000, 
-2.062402088278872, -8.097316301988778, -2.246144341069172, 87584000000, 
-2.069192409451159, -8.105880217342438, -2.2359437823719213, 87618000000, 
-2.0758952166745765, -8.114512760188434, -2.2257446773301157, 87652000000, 
-2.0825299286585053, -8.123240596704617, -2.2155459393879497, 87686000000, 
-2.0890756401474357, -8.132035217919453, -2.2053489631659, 87720000000, 
-2.095551288407364, -8.140923566204606, -2.195148068862372, 87754000000, 
-2.1019358097713368, -8.149877686422323, -2.1849465940708948, 87788000000, 
-2.1082286434576183, -8.158896461195361, -2.1747467678060244, 87822000000, 
-2.1144483035625994, -8.1680070036478, -2.16454496507644, 87856000000, 
-2.1205748655630985, -8.177180394773707, -2.1543462456752898, 87890000000, 
-2.1266258760720436, -8.18644451788671, -2.144144063923205, 87924000000, 
-2.1325822828843486, -8.19576974894817, -2.1339448926462787, 87958000000, 
-2.138460980290896, -8.20518437571138, -2.1237470379462806, 87992000000, 
-2.144243865574469, -8.214657987707133, -2.1135465817398646, 88026000000, 
-2.1499467549025426, -8.22421973228754, -2.1033460994273407, 88060000000, 
-2.155552152092657, -8.233838849760101, -2.093146529438429, 88094000000, 
-2.1610757889171524, -8.243544253586666, -2.082947308292637, 88128000000, 
-2.1665000228755207, -8.253305661292922, -2.072744352927244, 88162000000, 
-2.1718409457243304, -8.263151400323782, -2.0625449660679913, 88196000000, 
-2.1770808224333873, -8.273051504682567, -2.052346718936598, 88230000000, 
-2.1822197280075883, -8.28300431263747, -2.0421460016255013, 88264000000, 
-2.1872720237571937, -8.293039425275351, -2.0319461182618586, 88298000000, 
-2.192221474391812, -8.303125815867118, -2.0217457684615643, 88332000000, 
-2.197082970798399, -8.313292346163651, -2.0115453803305847, 88366000000, 
-2.2018400727412755, -8.323508345060898, -2.0013448207156057, 88400000000, 
-2.2065068149689178, -8.33380320011398, -1.9911434657657203, 88434000000, 
-2.2110684876536095, -8.344145020209334, -1.9809442001043074, 88468000000, 
-2.2155241058689565, -8.35453312486592, -1.9707444910840852, 88502000000, 
-2.2198870962249475, -8.364997128876777, -1.9605459186700964, 88536000000, 
-2.224142707473906, -8.375505443766363, -1.950347436023611, 88570000000, 
-2.2283038116639022, -8.386087870313698, -1.9401452526592098, 88604000000, 
-2.2323563893391696, -8.39671249470606, -1.9299441117218534, 88638000000, 
-2.236312093759635, -8.407409802582427, -1.919743786825709, 88672000000, 
-2.2401588836857207, -8.418146642043599, -1.9095435023897271, 88706000000, 
-2.243895482294493, -8.428922475918814, -1.8993421108070268, 88740000000, 
-2.247533065105601, -8.439767886121004, -1.8891412281547044, 88774000000, 
-2.2510597381270023, -8.450649935255164, -1.8789443868565916, 88808000000, 
-2.2544854708708204, -8.461599749000376, -1.8687438338045301, 88842000000, 
-2.2577993515398336, -8.472583986107049, -1.8585428370390769, 88876000000, 
-2.2610102141130026, -8.483634251293157, -1.8483434155916905, 88910000000, 
-2.2641088354034484, -8.494716367007008, -1.8381438460864166, 88944000000, 
-2.267102512260592, -8.505862590224183, -1.8279422857940968, 88978000000, 
-2.2699824046621027, -8.517038767448348, -1.8177398630969575, 89012000000, 
-2.2727564464229784, -8.52827659414236, -1.8075402436758983, 89046000000, 
-2.2754153178016208, -8.53954239577286, -1.7973402107656353, 89080000000, 
-2.277967189654148, -8.550867582647149, -1.7871399935066337, 89114000000, 
-2.2804030538856788, -8.562218474600765, -1.776941690666004, 89148000000, 
-2.2827297795185846, -8.573626933335067, -1.7667419695904512, 89182000000, 
-2.2849405087195134, -8.585058331925744, -1.756542494622215, 89216000000, 
-2.287034049560705, -8.596511925063265, -1.7463424302799146, 89250000000, 
-2.2890166629735145, -8.608019610116433, -1.736140700746321, 89284000000, 
-2.290881667215269, -8.619547000887367, -1.725940448299447, 89318000000, 
-2.2926288175332967, -8.631092893902855, -1.7157407861373684, 89352000000, 
-2.294262911191549, -8.642689575155602, -1.7055433734614596, 89386000000, 
-2.2957790091909778, -8.65430217675622, -1.695343516401865, 89420000000, 
-2.297180261537042, -8.66596353392241, -1.685141554969784, 89454000000, 
-2.298462956178219, -8.677638424011949, -1.6749431093317348, 89488000000, 
-2.2996260153251407, -8.689326033878176, -1.664743521171365, 89522000000, 
-2.30067326981664, -8.701058567227642, -1.6545417773175495, 89556000000, 
-2.3016001947838256, -8.712801459054608, -1.6443418388108924, 89590000000, 
-2.3024101698056763, -8.724586847087537, -1.634143208044303, 89624000000, 
-2.303099395032337, -8.736380111707811, -1.6239439799134727, 89658000000, 
-2.3036702491199543, -8.748213535174258, -1.6137449292493578, 89692000000, 
-2.3041205381223455, -8.760052137589929, -1.6035448438396465, 89726000000, 
-2.3044509179430057, -8.771928686222548, -1.5933452529441194, 89760000000, 
-2.3046599142960784, -8.783808137403241, -1.5831456935736394, 89794000000, 
-2.304748369343753, -8.795722926323652, -1.5729446409984769, 89828000000, 
-2.3047148477528365, -8.807638233813464, -1.562743979911141, 89862000000, 
-2.304559657485603, -8.819586422460427, -1.5525447515874302, 89896000000, 
-2.304282321852788, -8.83153259595852, -1.542343807018439, 89930000000, 
-2.3038822485260733, -8.843509177893605, -1.5321460421663735, 89964000000, 
-2.3033597313652856, -8.855481223269868, -1.5219470869701386, 89998000000, 
-2.3027138157273876, -8.867481046105514, -1.5117498488173124, 90032000000, 
-2.301945468386341, -8.879473698032744, -1.5015501580553872, 90066000000, 
-2.3010520444923293, -8.89149180298848, -1.4913488386848845, 90100000000, 
-2.300036492387878, -8.903500085011023, -1.481147767873737, 90134000000, 
-2.298898152972978, -8.915497486304059, -1.4709486076955747, 90168000000, 
-2.2976341514964522, -8.927516412887648, -1.460747751078681, 90202000000, 
-2.296243403233146, -8.939555662428004, -1.4505473380173293, 90236000000, 
-2.2947302435876065, -8.95158011852995, -1.4403493247814074, 90270000000, 
-2.293089745621924, -8.96362219273123, -1.4301515672500091, 90304000000, 
-2.2913264677542675, -8.975646977428244, -1.4199503673557914, 90338000000, 
-2.2894356190090024, -8.987686600804887, -1.4097523999626742, 90372000000, 
-2.287416300292211, -8.99973984768148, -1.399553562632299, 90406000000, 
-2.285274157833003, -9.011771860272715, -1.389352860726854, 90440000000, 
-2.2830030809768846, -9.023814799715984, -1.3791507170061132, 90474000000, 
-2.2806094159695016, -9.035833950251218, -1.3689533588031308, 90508000000, 
-2.2780861044068055, -9.047861360939278, -1.3587531859354416, 90542000000, 
-2.275440463788653, -9.059862417021197, -1.3485522359676954, 90576000000, 
-2.272672274360365, -9.071835969132515, -1.3383529161410594, 90610000000, 
-2.2697743834348807, -9.08381364324558, -1.328155496138526, 90644000000, 
-2.2667541499542256, -9.095761192527064, -1.317955208307791, 90678000000, 
-2.263603860823775, -9.107710118017083, -1.307756651800294, 90712000000, 
-2.2603318802208734, -9.119626289277297, -1.2975569894290344, 90746000000, 
-2.2569383581981803, -9.131508433258404, -1.2873558238783365, 90780000000, 
-2.2534144349799416, -9.143387953554415, -1.2771563790491238, 90814000000, 
-2.249769302613642, -9.155230938393721, -1.266957364240916, 90848000000, 
-2.2459933864268797, -9.167068501638258, -1.2567557803520115, 90882000000, 
-2.2420966389886727, -9.178866990349759, -1.246555677446676, 90916000000, 
-2.238079873695695, -9.190625151374165, -1.236355941603771, 90950000000, 
-2.2339320000872425, -9.202373751703732, -1.2261572059340176, 90984000000, 
-2.2296646255415498, -9.214079462769277, -1.2159588609452243, 91018000000, 
-2.2252660460657476, -9.225772752965215, -1.205759206424675, 91052000000, 
-2.2207485085836316, -9.23742060247242, -1.1955604672327895, 91086000000, 
-2.2161000007747136, -9.249053323857193, -1.1853606805280652, 91120000000, 
-2.2113327975688577, -9.26063799298708, -1.1751585348531337, 91154000000, 
-2.206434602200156, -9.272204785865021, -1.1649577108673193, 91188000000, 
-2.2014184367523804, -9.283720995549816, -1.154758328799896, 91222000000, 
-2.196271158768372, -9.295216438373476, -1.1445564754388828, 91256000000, 
-2.190992802422287, -9.30668972312897, -1.1343587630178793, 91290000000, 
-2.1855975691533778, -9.31810854889613, -1.1241605822257281, 91324000000, 
-2.180071599028666, -9.329502421864065, -1.1139606042489616, 91358000000, 
-2.174414383693259, -9.340869684005451, -1.1037619593296586, 91392000000, 
-2.168626021212905, -9.352208910320037, -1.093561612367559, 91426000000, 
-2.162722454036639, -9.36348865758024, -1.0833600643655896, 91460000000, 
-2.156687827441619, -9.374737409782416, -1.0731586434831635, 91494000000, 
-2.1505388892820583, -9.385924144139796, -1.062958036155944, 91528000000, 
-2.144259476601765, -9.39707715407513, -1.0527595697121852, 91562000000, 
-2.137866576312959, -9.408165494589023, -1.0425611509064854, 91596000000, 
-2.1313439056530656, -9.419217452176834, -1.0323628372676261, 91630000000, 
-2.124708623130959, -9.430202161982933, -1.0221603670640351, 91664000000, 
-2.1179618499171187, -9.441118851679652, -1.0119586237475575, 91698000000, 
-2.1110856546906414, -9.451994661913963, -1.0017588556858805, 91732000000, 
-2.104098977266978, -9.462799940104297, -0.9915578348326914, 91766000000, 
-2.09698348531842, -9.473561450523889, -0.9813582893731669, 91800000000, 
-2.089758871237664, -9.484250086897001, -0.9711588067533583, 91834000000, 
-2.082425612332869, -9.494864453830994, -0.9609585218273106, 91868000000, 
-2.0749647158203417, -9.50543101478593, -0.9507575123062195, 91902000000, 
-2.0673966449353673, -9.515921225421854, -0.9405568555425715, 91936000000, 
-2.059701538790319, -9.526360807744148, -0.9303572715208115, 91970000000, 
-2.0519002750144337, -9.536721354174441, -0.9201548401075176, 92004000000, 
-2.043993872825371, -9.547002007372718, -0.9099537758123327, 92038000000, 
-2.035961987119354, -9.55722809701743, -0.8997548829713015, 92072000000, 
-2.0278260665391397, -9.567371495839488, -0.8895549256220452, 92106000000, 
-2.0195658523716995, -9.577457965618873, -0.8793550077022619, 92140000000, 
-2.011203186955437, -9.587459656669132, -0.8691550947863124, 92174000000, 
-2.0027167067868348, -9.597401100040836, -0.8589525587111579, 92208000000, 
-1.9941294259768583, -9.607255812029361, -0.8487503252149757, 92242000000, 
-1.985419245245474, -9.617047466747639, -0.8385493950318985, 92276000000, 
-1.9766096805770428, -9.626750065294752, -0.8283471277010589, 92310000000, 
-1.9676783660964092, -9.636386996886968, -0.8181490852422346, 92344000000, 
-1.958625927986327, -9.645957131885673, -0.807949282990374, 92378000000, 
-1.9494763868818246, -9.655434502842537, -0.7977496882583565, 92412000000, 
-1.940206882690681, -9.664842316356935, -0.7875493382157314, 92446000000, 
-1.9308177492809429, -9.674178894831076, -0.7773478450615844, 92480000000, 
-1.9213338673419287, -9.683419206184587, -0.7671456119148264, 92514000000, 
-1.9117316083128912, -9.692585742987928, -0.7569423811451034, 92548000000, 
-1.902036338545814, -9.701653983307022, -0.7467424324246807, 92582000000, 
-1.8922240152709229, -9.710645850153671, -0.7365402971653501, 92616000000, 
-1.8823202535835146, -9.719536986798374, -0.7263412783228669, 92650000000, 
-1.8723008178313783, -9.728349056200896, -0.716140084271131, 92684000000, 
-1.8621921471733174, -9.73705872109352, -0.705940056118338, 92718000000, 
-1.85196919905491, -9.74568667689234, -0.6957389472874901, 92752000000, 
-1.8416325030288243, -9.754231310882155, -0.6855373983239709, 92786000000, 
-1.8312092766934227, -9.762670210359273, -0.675337020990812, 92820000000, 
-1.8206739476472598, -9.771023561023439, -0.6651332307535734, 92854000000, 
-1.8100538040138912, -9.779268896286439, -0.6549327801772103, 92888000000, 
-1.799323107600005, -9.787426152107992, -0.6447290593463393, 92922000000, 
-1.78850947306507, -9.795473172777461, -0.6345271483428124, 92956000000, 
-1.7775869767241737, -9.80342976169684, -0.6243265325118196, 92990000000, 
-1.7665561021348615, -9.811294101193166, -0.6141284393622655, 93024000000, 
-1.7554457224331255, -9.81904572910887, -0.6039280986647028, 93058000000, 
-1.74422873863449, -9.826702512730678, -0.593725754845603, 93092000000, 
-1.7329343091562621, -9.834244645460474, -0.5835253878623918, 93126000000, 
-1.721535207111529, -9.841689981218085, -0.5733204071219592, 93160000000, 
-1.7100318019072809, -9.849036404129789, -0.5631172921347148, 93194000000, 
-1.6984541345164008, -9.856265491750014, -0.5529148082797725, 93228000000, 
-1.6867741050989633, -9.863393257374087, -0.5427126828118236, 93262000000, 
-1.6750221329206425, -9.870402176975801, -0.5325130882567025, 93296000000, 
-1.6631697918940171, -9.877307546221777, -0.5223139787320179, 93330000000, 
-1.6512476803231546, -9.884091850165376, -0.512111503951652, 93364000000, 
-1.639227249728475, -9.890770583472515, -0.5019135029935905, 93398000000, 
-1.6271395308137713, -9.89732677237019, -0.49170999531778037, 93432000000, 
-1.6149553073722367, -9.903774553012502, -0.48150241432456586, 93466000000, 
-1.602706110633428, -9.910098189221484, -0.4713004823843822, 93500000000, 
-1.590362457742104, -9.916311307184499, -0.4611001382408032, 93534000000, 
-1.5779561497086234, -9.92239858964545, -0.4508971490101476, 93568000000, 
-1.5654575211183832, -9.928373184544673, -0.44069716938159187, 93602000000, 
-1.5528987881302494, -9.934220672050353, -0.4304994391413547, 93636000000, 
-1.5402499781442516, -9.939953338456991, -0.42029827773173767, 93670000000, 
-1.5275433855406821, -9.945556673937174, -0.41009280401299253, 93704000000, 
-1.5147490586508054, -9.951043492614223, -0.3998936604751908, 93738000000, 
-1.5018995592127733, -9.95639962773302, -0.3896942968238146, 93772000000, 
-1.4889644729931273, -9.96163684513745, -0.3794892420643164, 93806000000, 
-1.4759451952328106, -9.96675471941157, -0.3692871064830364, 93840000000, 
-1.4628753820074443, -9.971739129945053, -0.3590865645998684, 93874000000, 
-1.4497261254806728, -9.976601838562958, -0.3488469578064325, 93908000000, 
-1.4364945270162903, -9.98134067905741, -0.3385788385585016, 93942000000, 
-1.4232133901515724, -9.985943585601902, -0.32835939835810946, 93976000000, 
-1.409852410575815, -9.990421440388555, -0.318183597651589, 94010000000, 
-1.3964467884506884, -9.994763381914495, -0.3079862205939708, 94044000000, 
-1.3829650399292714, -9.998978222207851, -0.29777294316168856, 94078000000, 
-1.3694409342262392, -10.003055252711825, -0.2875727671339131, 94112000000, 
-1.3558435785376128, -10.00700404644244, -0.2773793011263251, 94146000000, 
-1.3422064647411833, -10.010813577958116, -0.2671721848188521, 94180000000, 
-1.328498495804836, -10.0144927558412, -0.2569670651305286, 94214000000, 
-1.3147546590979995, -10.018031792298254, -0.24676385584302005, 94248000000, 
-1.3009438094063095, -10.021438084992289, -0.2365302345497947, 94282000000, 
-1.2870986938007976, -10.024702985148851, -0.22628764712447347, 94316000000, 
-1.2731855568077113, -10.027833544163318, -0.2160757954153335, 94350000000, 
-1.2592407455349952, -10.030821884488326, -0.20589409496558128, 94384000000, 
-1.2452332068618372, -10.03367506569417, -0.19569348526963012, 94418000000, 
-1.2311970904298717, -10.036384841110634, -0.18548293822736547, 94452000000, 
-1.2171009155335784, -10.038957601941364, -0.17528320272305162, 94486000000, 
-1.2029789327749771, -10.041386210113489, -0.1650855766628604, 94520000000, 
-1.1887996372851455, -10.043676301990143, -0.15488188559499344, 94554000000, 
-1.1745974679376268, -10.045821388173534, -0.14467897277010908, 94588000000, 
-1.1603406998949368, -10.047826370768705, -0.1344784834508631, 94622000000, 
-1.1460642124539746, -10.049685783416228, -0.1242775028796043, 94656000000, 
-1.1317357254141445, -10.0514034878816, -0.1140755821498142, 94690000000, 
-1.117390046717308, -10.052974694718912, -0.1038750718174113, 94724000000, 
-1.103029548840371, -10.054399808069402, -0.09367528404701352, 94758000000, 
-1.0886212418855472, -10.055681322626679, -0.08347470034445194, 94792000000, 
-1.0741666057351653, -10.056818413782317, -0.07327282334622442, 94826000000, 
-1.0597009872795384, -10.057807939393951, -0.06307361318277088, 94860000000, 
-1.0452262140409128, -10.05865002470317, -0.052873272763655686, 94894000000, 
-1.0307094955953524, -10.059345954730604, -0.042673815702640505, 94928000000, 
-1.016186483867716, -10.059893916619405, -0.03247395001355798, 94962000000, 
-1.001624822969137, -10.060294804057836, -0.022274254054013995, 94996000000, 
-0.9870256801157067, -10.060547570802902, -0.012071524831497404, 95030000000, 
-0.972424831728162, -10.060651508616004, -0.0018697904072791263, 95064000000, 
-0.957823570677527, -10.060606360940575, 0.008331780592868135, 95098000000, 
-0.94318950450096, -10.060411730225976, 0.01853062571534608, 95132000000, 
-0.9285580945646892, -10.060067787336086, 0.028730688552078998, 95166000000, 
-0.913897183282952, -10.0595737606053, 0.03892863755935523, 95200000000, 
-0.8992420188443773, -10.058930216585349, 0.04912783459118872, 95234000000, 
-0.8845602459133259, -10.058135253656458, 0.05932961455723039, 95268000000, 
-0.8698874206056302, -10.057190609812976, 0.06953073406284008, 95302000000, 
-0.8551911839591082, -10.056093828218668, 0.07973428669541358, 95336000000, 
-0.840506761242463, -10.054846933668763, 0.08993516729626426, 95370000000, 
-0.8258020038115881, -10.053447124933548, 0.10013437300944585, 95404000000, 
-0.8111123137518317, -10.05189763831993, 0.11033272563371332, 95438000000, 
-0.7964053849705851, -10.05019433207932, 0.1205339372313924, 95472000000, 
-0.7817165534540359, -10.048341260652482, 0.1307349631490871, 95506000000, 
-0.7670137037811603, -10.04633363399913, 0.14093450450924766, 95540000000, 
-0.7523320558942984, -10.044176207207952, 0.15113754515593747, 95574000000, 
-0.7376396500180811, -10.041863664555779, 0.16133704153302889, 95608000000, 
-0.7229716248327567, -10.03940171925365, 0.17153525470633504, 95642000000, 
-0.7083294490171632, -10.036790339936674, 0.18173496077900936, 95676000000, 
-0.6936813406574939, -10.03402338927745, 0.19193635635067346, 95710000000, 
-0.6790621143376372, -10.03110729681101, 0.2021385350720361, 95744000000, 
-0.6644401674097306, -10.028034911949675, 0.21234099420197386, 95778000000, 
-0.6498501670671758, -10.024813589394821, 0.2225431102853747, 95812000000, 
-0.6352607243019451, -10.021435768016936, 0.23274229541063102, 95846000000, 
-0.620706446748838, -10.017909507222058, 0.24293963660535312, 95880000000, 
-0.60615600162308, -10.014226563922545, 0.2531384234370351, 95914000000, 
-0.5916438828132176, -10.010395768610257, 0.26333864500738896, 95948000000, 
-0.5771388744208216, -10.006407954687633, 0.27354051984192745, 95982000000, 
-0.5626753353784184, -10.00227235053778, 0.283743283560603, 96016000000, 
-0.548222118429789, -9.997979660543889, 0.2939454088457581, 96050000000, 
-0.5338134838083102, -9.993539642423002, 0.3041482803961073, 96084000000, 
-0.5194184105686854, -9.98894266493966, 0.31434596090692085, 96118000000, 
-0.5050709910215836, -9.984199030480791, 0.3245442274742688, 96152000000, 
-0.4907405476288472, -9.979298440715414, 0.3347458939930186, 96186000000, 
-0.47646077595639963, -9.974251759802325, 0.3449465055350476, 96220000000, 
-0.462233264253545, -9.969059657910917, 0.3551479390765707, 96254000000, 
-0.44802768405674115, -9.963710751954403, 0.36534822055901894, 96288000000, 
-0.4338773756770813, -9.958217342117706, 0.3755500899160692, 96322000000, 
-0.4197523296205818, -9.952567269310727, 0.3857504832792603, 96356000000, 
-0.405685736498193, -9.946773354189919, 0.3959502967679255, 96390000000, 
-0.3916474909523756, -9.940823144024494, 0.40615201609930435, 96424000000, 
-0.37767083611817365, -9.934729748230275, 0.4163558595504676, 96458000000, 
-0.36372582837977013, -9.928480256620524, 0.4265570361698858, 96492000000, 
-0.34984539503946355, -9.922088681552767, 0.4367563584538605, 96526000000, 
-0.3360001578487243, -9.915541350014204, 0.4469560683063504, 96560000000, 
-0.3222222387682164, -9.908853396510583, 0.45715443919570375, 96594000000, 
-0.3084831373318863, -9.902009961478312, 0.46735494323601756, 96628000000, 
-0.294814286010837, -9.895027002164877, 0.47755877109071226, 96662000000, 
-0.2811875222411759, -9.887888972578674, 0.4877623718690627, 96696000000, 
-0.2676342815279006, -9.880612229882113, 0.49796429668423586, 96730000000, 
-0.2541557116565162, -9.873197655163521, 0.5081648003045146, 96764000000, 
-0.24072410792593396, -9.865629165857758, 0.5183658193287852, 96798000000, 
-0.22737030885536097, -9.857924036327033, 0.5285663068620293, 96832000000, 
-0.2140664209386937, -9.8500659511121, 0.5387660003007295, 96866000000, 
-0.20084354347400574, -9.84207245875371, 0.548965624271543, 96900000000, 
-0.1876738587266606, -9.83392680951887, 0.559168261029458, 96934000000, 
-0.17458816231550953, -9.825647147263105, 0.569370725175591, 96968000000, 
-0.16155906936289136, -9.817215996036175, 0.5795753503980607, 97002000000, 
-0.14861647342696846, -9.80865225760745, 0.5897756055523936, 97036000000, 
-0.1357340197279315, -9.799937790779694, 0.5999765882036942, 97070000000, 
-0.12294077719242057, -9.791092473072412, 0.6101799788684386, 97104000000, 
-0.11021112139090045, -9.782097235332408, 0.620379553220809, 97138000000, 
-0.09757335846074057, -9.772972894756704, 0.6305798453701097, 97172000000, 
-0.08500227526442858, -9.763699854001034, 0.6407815496814615, 97206000000, 
-0.07252641599854749, -9.754299072867152, 0.650982959733044, 97240000000, 
-0.06012023042365637, -9.744750778169717, 0.6611851085429518, 97274000000, 
-0.04781212017710752, -9.73507637612039, 0.6713887373059184, 97308000000, 
-0.03557659479161416, -9.72525579933332, 0.6815919484237782, 97342000000, 
-0.02344228672765562, -9.71531064918513, 0.6917919879487705, 97376000000, 
-0.01140951840273741, -9.70524247155661, 0.701995142423915, 97410000000, 
0.0005452783140125445, -9.695029773668107, 0.7121973764018502, 97444000000, 
0.012395564429957678, -9.684695711059076, 0.7223992321466243, 97478000000, 
0.024164938283034947, -9.67421848841013, 0.7326002532412468, 97512000000, 
0.035827145733451166, -9.663621907974507, 0.7428018221841086, 97546000000, 
0.047404985626835844, -9.65288367217083, 0.7530040739756944, 97580000000, 
0.0588733330569395, -9.642028177457451, 0.7632049803770753, 97614000000, 
0.0702543327888804, -9.63103253328509, 0.7734081024866301, 97648000000, 
0.08154699564789905, -9.619897536741771, 0.7836125554264611, 97682000000, 
0.09272472583235408, -9.608650408903973, 0.7938261963565933, 97716000000, 
0.10381106141134858, -9.597263495558854, 0.8040715955020884, 97750000000, 
0.1147804313119483, -9.585762551814012, 0.8142723800171491, 97784000000, 
0.12565503453238883, -9.5741256329176, 0.8244479788750468, 97818000000, 
0.13641107047437215, -9.562378829067047, 0.8346539504846492, 97852000000, 
0.14706863143833623, -9.550497386287793, 0.8448694577313947, 97886000000, 
0.15762747692984938, -9.538482453550504, 0.8550705772793736, 97920000000, 
0.1680627386296822, -9.526360166806294, 0.8652714382222283, 97954000000, 
0.17839441618939647, -9.514109740579137, 0.8755058602159187, 97988000000, 
0.18862189396431311, -9.50172517537015, 0.8857674571662919, 98022000000, 
0.1987442342065578, -9.489208885936632, 0.8959584362270986, 98056000000, 
0.2087391802138079, -9.476590293950071, 0.9061266948478116, 98090000000, 
0.21862564648302918, -9.46384379592856, 0.9163420274303957, 98124000000, 
0.22840171988270055, -9.450969822117276, 0.9265606333202535, 98158000000, 
0.23804577604711802, -9.437996717328081, 0.936761339623771, 98192000000, 
0.24757746061089664, -9.424898470456823, 0.9469598434006194, 98226000000, 
0.25697454447456836, -9.411703539628864, 0.9571651250772486, 98260000000, 
0.2662562506130188, -9.398385614385226, 0.9673687679855715, 98294000000, 
0.27542070729346185, -9.384945454912142, 0.9775679690852164, 98328000000, 
0.2844473801914296, -9.371412486631677, 0.9877705617213769, 98362000000, 
0.29335406111465934, -9.357759689879586, 0.9979750842765699, 98396000000, 
0.3021212146577874, -9.344016847932567, 1.008179820309035, 98430000000, 
0.31076574130039675, -9.330156435967636, 1.018381473061536, 98464000000, 
0.3192859253870377, -9.316179485124852, 1.0285818786963892, 98498000000, 
0.3276803020109625, -9.302087170274572, 1.0387861895766395, 98532000000, 
0.33592983697219697, -9.28791172545887, 1.0489956613097717, 98566000000, 
0.3440495183710895, -9.27362621224905, 1.0592626535762566, 98600000000, 
0.3520235612465128, -9.259257030442804, 1.0695462147455757, 98634000000, 
0.35986591279090296, -9.24477295943407, 1.079762666661496, 98668000000, 
0.36757667063053756, -9.230179452264808, 1.089927575528531, 98702000000, 
0.3751381421369521, -9.215508236952187, 1.1001306484557498, 98736000000, 
0.3825646278483878, -9.200730191061037, 1.1103528040972186, 98770000000, 
0.3898400910310902, -9.18587722180596, 1.1205521773430867, 98804000000, 
0.39697803014670674, -9.170920998758465, 1.130753864264854, 98838000000, 
0.40396310041726297, -9.155893549186267, 1.1409816347838921, 98872000000, 
0.41080780916322907, -9.140764878573558, 1.1512211259025782, 98906000000, 
0.4174973101867244, -9.12556665671065, 1.1614484478334153, 98940000000, 
0.4240445883941656, -9.110267654693986, 1.1716593328536704, 98974000000, 
0.43043535112660536, -9.094902342968743, 1.1818499495677437, 99008000000, 
0.43666934475511693, -9.0794728719581, 1.1920501578389697, 99042000000, 
0.4427578305280702, -9.063948878345485, 1.2022572624331258, 99076000000, 
0.44868747014251253, -9.048363570812224, 1.212462180416428, 99110000000, 
0.4544698955375131, -9.032686941262238, 1.222663042250387, 99144000000, 
0.46010198698637966, -9.016923292396227, 1.2328805192570422, 99178000000, 
0.4655823185264922, -9.001073739834293, 1.2431677621116464, 99212000000, 
0.4708988742070845, -8.985168540763398, 1.2534942206167565, 99246000000, 
0.47606194673197916, -8.969176704700608, 1.2637809107684406, 99280000000, 
0.481061401104291, -8.953128306217604, 1.274023758903127, 99314000000, 
0.4859074313476649, -8.936995129010878, 1.2842042347348321, 99348000000, 
0.4905887392313445, -8.920813295273936, 1.2943889367204484, 99382000000, 
0.49511417955238357, -8.90455218262325, 1.3046080489645029, 99416000000, 
0.4994819174352899, -8.88821280151853, 1.3148155185761257, 99450000000, 
0.5036829453337037, -8.871829818972762, 1.3250101044211415, 99484000000, 
0.5077236522779445, -8.855375229025649, 1.3352265915625063, 99518000000, 
0.5115954874955527, -8.838882216944603, 1.3455234661875743, 99552000000, 
0.5153038069120839, -8.82231786444588, 1.355839615536765, 99586000000, 
0.5188422677774709, -8.805712362121657, 1.366082894246251, 99620000000, 
0.522211624525113, -8.789068672957539, 1.3762681084926318, 99654000000, 
0.5254113472772015, -8.772391460214694, 1.386451167109759, 99688000000, 
0.5284409489650915, -8.755682693558906, 1.3966669114379646, 99722000000, 
0.5312994571847564, -8.738943728729895, 1.406876794034647, 99756000000, 
0.5339873215311937, -8.722176720675913, 1.4170747922790088, 99790000000, 
0.5365037997609812, -8.705383093279597, 1.4272801248114633, 99824000000, 
0.5388485974674095, -8.68856647870286, 1.4374853834769923, 99858000000, 
0.5410210613491361, -8.671729314484326, 1.44773855668759, 99892000000, 
0.5430201090452441, -8.654871530797914, 1.458031487712548, 99926000000, 
0.5448455856957313, -8.637993873252789, 1.4682931656044902, 99960000000, 
0.546498669183349, -8.621093786806416, 1.4785230637083404, 99994000000, 
0.5479789981370229, -8.604177020224023, 1.4887070613739442, 100028000000, 
0.5492873625374829, -8.587246322663994, 1.4988943411685565, 100062000000, 
0.5504229192380525, -8.570303193046952, 1.5091063707362211, 100096000000, 
0.5513854412949863, -8.553349361468252, 1.5193147118373391, 100130000000, 
0.5521749301678656, -8.536386683135559, 1.5295144378578598, 100164000000, 
0.5527909394433989, -8.519420401227569, 1.5397490251034713, 100198000000, 
0.553233021592757, -8.502448552658372, 1.5500113972424217, 100232000000, 
0.553500891215231, -8.485470784686298, 1.5602519506908517, 100266000000, 
0.5535954823827394, -8.468489664535022, 1.5704322024932016, 100300000000, 
0.553517323701221, -8.451508474311305, 1.5806143569459845, 100334000000, 
0.5532659542355078, -8.434529087853221, 1.5908315579160481, 100368000000, 
0.5528409977500629, -8.417553085657831, 1.6010435829727914, 100402000000, 
0.5522431671468002, -8.400582566496109, 1.6112357297362123, 100436000000, 
0.5514722325117118, -8.383618859682901, 1.6214345595953406, 100470000000, 
0.5505284565754466, -8.366665046768349, 1.6316433960685226, 100504000000, 
0.5494113910853932, -8.349723743646786, 1.6418797027621579, 100538000000, 
0.5481206826509024, -8.332796924627509, 1.6521481622059213, 100572000000, 
0.5466557866215979, -8.31588045993136, 1.6624131632902042, 100606000000, 
0.5450179261477307, -8.298978149088851, 1.6725888707566485, 100640000000, 
0.5432084880179953, -8.282093420892283, 1.6827587773952521, 100674000000, 
0.541227102229504, -8.265228192045322, 1.6929769877869258, 100708000000, 
0.5390736660245017, -8.248384363132079, 1.7031916199676451, 100742000000, 
0.5367483449097298, -8.231563143523069, 1.7133819911925159, 100776000000, 
0.5342518195994391, -8.214766722263262, 1.7235819851359102, 100810000000, 
0.5315839495929082, -8.197999764381695, 1.7338142785731827, 100844000000, 
0.5287444763707299, -8.181261882478207, 1.744082312179563, 100878000000, 
0.5257328969352953, -8.164551788747449, 1.7543141114431446, 100912000000, 
0.5225508064671667, -8.147871724200273, 1.7645124859093468, 100946000000, 
0.5191987655471639, -8.131224421143529, 1.774703034198858, 100980000000, 
0.515677288479332, -8.11461229517545, 1.7849059704672088, 101014000000, 
0.5119865506145284, -8.098036952441994, 1.7951097122266628, 101048000000, 
0.5081271577734922, -8.081500459305776, 1.8053112689621906, 101082000000, 
0.5040991427755702, -8.065003799451386, 1.815513827629446, 101116000000, 
0.49990318257357597, -8.048549351433138, 1.8257194203402498, 101150000000, 
0.4955393515883863, -8.032138387832779, 1.8359269345228595, 101184000000, 
0.4910081350217215, -8.015772618601368, 1.846127868816285, 101218000000, 
0.48631028442105173, -7.999453861195076, 1.8563252846533698, 101252000000, 
0.48144615719933087, -7.9831838591100786, 1.86652678905731, 101286000000, 
0.47641639524035234, -7.966964285649627, 1.8767299248458345, 101320000000, 
0.47122152259043054, -7.95079693761757, 1.8869296676145542, 101354000000, 
0.46586200736551353, -7.934683551401984, 1.8971317410403044, 101388000000, 
0.46033864876841046, -7.91862565555119, 1.9073352785734272, 101422000000, 
0.4546515717558132, -7.902625170201964, 1.9175397834781054, 101456000000, 
0.4488029307834935, -7.886687285707891, 1.9277644231284916, 101490000000, 
0.4427915322233624, -7.87081247632731, 1.9380621463644185, 101524000000, 
0.4366167991783226, -7.855000167139017, 1.9483559376280737, 101558000000, 
0.4302778964334446, -7.839247038995004, 1.9585869939134455, 101592000000, 
0.4237785299903917, -7.8235586789384195, 1.9687571541765405, 101626000000, 
0.41711999229931784, -7.807937264315973, 1.9789478719375835, 101660000000, 
0.4103022437960096, -7.792385009430031, 1.989171045039617, 101694000000, 
0.4033262150670488, -7.7769028690351405, 1.999375785008538, 101728000000, 
0.39619244041128704, -7.761493027154044, 2.009570790552512, 101762000000, 
0.388902008700053, -7.746156463179319, 2.019780744260991, 101796000000, 
0.38145515302281996, -7.730895284448065, 2.029985835589829, 101830000000, 
0.3738530137015702, -7.715710876365255, 2.040182862089884, 101864000000, 
0.3660964821669091, -7.700604416036401, 2.0503844909240043, 101898000000, 
0.35818601228198244, -7.685578299204538, 2.0605895541692454, 101932000000, 
0.3501228459355908, -7.670633247956796, 2.0707920949094873, 101966000000, 
0.341907527862495, -7.655771622305286, 2.0809946895513214, 102000000000, 
0.33354132241568357, -7.640994196214405, 2.0911955970475744, 102034000000, 
0.3250247346740843, -7.626303305754119, 2.1013988041742437, 102068000000, 
0.31636077154074627, -7.611703263404952, 2.111619383327604, 102102000000, 
0.3075483278422637, -7.597194507880712, 2.121914610713142, 102136000000, 
0.29858638778199076, -7.582776647081177, 2.1322116108568716, 102170000000, 
0.2894761862946335, -7.568451326304897, 2.1424647102195795, 102204000000, 
0.28021771840613613, -7.554215745521141, 2.1526673848236832, 102238000000, 
0.2708146261220554, -7.540075651566499, 2.162843257054891, 102272000000, 
0.2612682996728963, -7.526031564577099, 2.173051232768803, 102306000000, 
0.2515788083343041, -7.512086311094738, 2.183269460693951, 102340000000, 
0.2417489455478159, -7.498241597634237, 2.1934768012681696, 102374000000, 
0.23177923262460406, -7.48449941376895, 2.203719340805757, 102408000000, 
0.2216688569516641, -7.47086139037911, 2.2139813927447913, 102442000000, 
0.2114195106138166, -7.457327814123951, 2.2242417279090323, 102476000000, 
0.20103036472072194, -7.443898879362532, 2.234505489292832, 102510000000, 
0.19050303570703175, -7.430574513539604, 2.2447013826854976, 102544000000, 
0.1798401643544662, -7.417358599950942, 2.254878009308798, 102578000000, 
0.16904347548440588, -7.404251426605292, 2.2650941091605072, 102612000000, 
0.1581132106281129, -7.39125605691315, 2.275311177415275, 102646000000, 
0.14705111066320267, -7.378372192892864, 2.285506554371432, 102680000000, 
0.13586183673320618, -7.365607095660928, 2.295747660827511, 102714000000, 
0.1245419401931378, -7.352957768214605, 2.306063438502085, 102748000000, 
0.11309131901787163, -7.340424311343793, 2.3163444082930376, 102782000000, 
0.10150959061252625, -7.328005800470926, 2.326555569919899, 102816000000, 
0.08980193717990861, -7.315705396241135, 2.336723502817297, 102850000000, 
0.077969679145022, -7.303525410775383, 2.3469295349794725, 102884000000, 
0.06601459931422667, -7.291466985835639, 2.357154343084519, 102918000000, 
0.05393917935298708, -7.279533627465707, 2.3673914841995827, 102952000000, 
0.041742425124640055, -7.267725186465415, 2.377668242187457, 102986000000, 
0.029425558760722285, -7.256044628477307, 2.3879572964831026, 103020000000, 
0.016988027502257547, -7.244489745009967, 2.398223565589226, 103054000000, 
0.004431832151278096, -7.23306075733883, 2.4084515971011853, 103088000000, 
-0.008241948824030823, -7.221759678597912, 2.418663090898928, 103122000000, 
-0.021031487602574398, -7.210588905250848, 2.4288632586560484, 103156000000, 
-0.033932854454661605, -7.199549552176603, 2.4390763655074084, 103190000000, 
-0.04694567630665222, -7.1886437297440535, 2.4493142054688506, 103224000000, 
-0.06006846744439169, -7.177872301696588, 2.4595638078154978, 103258000000, 
-0.07329952891308239, -7.16723836745174, 2.469842684684255, 103292000000, 
-0.08663951297973778, -7.156741075980326, 2.480129163710792, 103326000000, 
-0.10008749373836466, -7.146379865722915, 2.4903946891134976, 103360000000, 
-0.11364479566120576, -7.136154756886562, 2.500624360705572, 103394000000, 
-0.12730584002227419, -7.126068139445262, 2.5107983622436074, 103428000000, 
-0.14106868190740907, -7.116121102175111, 2.520997096731584, 103462000000, 
-0.15493247785993675, -7.106315429878346, 2.5312196121978157, 103496000000, 
-0.16889305862244314, -7.096653983848143, 2.541436648905931, 103530000000, 
-0.18295022163685493, -7.087136372820574, 2.5517092363063667, 103564000000, 
-0.19710388340781357, -7.077765184509844, 2.5620131840357705, 103598000000, 
-0.21135404942829042, -7.068538781861897, 2.572278168177673, 103632000000, 
-0.22569922022383176, -7.0594579573720155, 2.582528765383628, 103666000000, 
-0.2401399262886534, -7.050523327241837, 2.5927399051395255, 103700000000, 
-0.2546707878827437, -7.041736040873694, 2.6029179671955918, 103734000000, 
-0.26929051686169964, -7.033097630640412, 2.6131253694805383, 103768000000, 
-0.28399742642208536, -7.024608576597687, 2.623341839173501, 103802000000, 
-0.2987871687660548, -7.016272503454783, 2.6335541907937583, 103836000000, 
-0.3136587342085764, -7.008089392577014, 2.6438494849721677, 103870000000, 
-0.3286121791047928, -7.000062311147484, 2.6541959547217098, 103904000000, 
-0.34365047735707055, -6.992186604587543, 2.6644880922046896, 103938000000, 
-0.3587707786595531, -6.984464358455351, 2.6747207147790153, 103972000000, 
-0.37397256564871345, -6.976896841080655, 2.6849158082911164, 104006000000, 
-0.3892506523177845, -6.969484430858674, 2.6951033545590684, 104040000000, 
-0.40460332546600974, -6.962228239186478, 2.705316952253338, 104074000000, 
-0.4200277823501858, -6.955130335317901, 2.715532816821967, 104108000000, 
-0.43551982485858737, -6.948191711522881, 2.7257974617019256, 104142000000, 
-0.4510806950306324, -6.941413480405062, 2.73612727332307, 104176000000, 
-0.4667120987306964, -6.934795605046126, 2.7464315631485494, 104210000000, 
-0.4824101764288209, -6.928340210229603, 2.7567016766314665, 104244000000, 
-0.4981781999463756, -6.922043841740956, 2.7669675283448445, 104278000000, 
-0.5140126285257687, -6.915909018491891, 2.7771728301381984, 104312000000, 
-0.5299086870594368, -6.909935738582971, 2.787345002807515, 104346000000, 
-0.5458645353206578, -6.9041245561855815, 2.7975553879890027, 104380000000, 
-0.5618789144454287, -6.898476902205004, 2.8077775104169174, 104414000000, 
-0.5779462712209941, -6.892992785416369, 2.8179921197245856, 104448000000, 
-0.5940641777234058, -6.887678157195875, 2.8282945155795858, 104482000000, 
-0.6102355030433543, -6.882528784717205, 2.8386579768930926, 104516000000, 
-0.6264601612353158, -6.877546994315887, 2.848987669811592, 104550000000, 
-0.6427365321941969, -6.8727337664604224, 2.859281061495251, 104584000000, 
-0.65906823180147, -6.868084155301779, 2.8695217607409242, 104618000000, 
-0.675447464499553, -6.863602158787307, 2.8796900349844647, 104652000000, 
-0.6918712413242883, -6.859286870354425, 2.889878630892391, 104686000000, 
-0.7083381155138396, -6.855139551378607, 2.900106509676407, 104720000000, 
-0.7248452205945787, -6.851162210907932, 2.9103232141095807, 104754000000, 
-0.7413886952891965, -6.847352853584654, 2.920557642003641, 104788000000, 
-0.7579695932394133, -6.843714336699357, 2.9308591480785395, 104822000000, 
-0.7745843209549846, -6.840249034142604, 2.9411670647782153, 104856000000, 
-0.791235416585464, -6.836952702399358, 2.951451966221164, 104890000000, 
-0.8079208143097426, -6.833827511223348, 2.9617394383899285, 104924000000, 
-0.8246389025870654, -6.830874144849418, 2.9720134615274763, 104958000000, 
-0.8413906058593134, -6.828091819309519, 2.9822222958753466, 104992000000, 
-0.8581699615237691, -6.825480325580853, 2.992390263675406, 105026000000, 
-0.8749746889658283, -6.8230395149185785, 3.0025989539286706, 105060000000, 
-0.8918019591625265, -6.820771154793644, 3.0128247947628495, 105094000000, 
-0.9086475080445904, -6.818675408812312, 3.0230771751333942, 105128000000, 
-0.925512136116538, -6.816753559051129, 3.0333980364149915, 105162000000, 
-0.942394236698283, -6.815005918350245, 3.043717120744216, 105196000000, 
-0.9592947226418848, -6.813432536936595, 3.054011118550415, 105230000000, 
-0.9762153697029932, -6.812031795092045, 3.064280781325972, 105264000000, 
-0.9931522947926308, -6.810804610981261, 3.0744647148538307, 105298000000, 
-1.0101008697033835, -6.809749570003486, 3.084633935422382, 105332000000, 
-1.0270589849166023, -6.808867258786944, 3.094857269173437, 105366000000, 
-1.0440243419860682, -6.8081585942638, 3.105078399852463, 105400000000, 
-1.0609909000926776, -6.807623544163533, 3.1153136971519673, 105434000000, 
-1.0779603168049048, -6.807262822587923, 3.125635899843713, 105468000000, 
-1.0949310697195862, -6.807077809367883, 3.135980743691031, 105502000000, 
-1.1119014818642672, -6.807068659008551, -3.1368831798841303, 105536000000, 
-1.1288771013285082, -6.807233661098577, -3.126601111353713, 105570000000, 
-1.145854812619114, -6.807573014010596, -3.1163886711389384, 105604000000, 
-1.1628284604100068, -6.808085220446525, -3.1062191553278033, 105638000000, 
-1.1797957956003478, -6.808770206712406, -3.0960136385660175, 105672000000, 
-1.1967552651904583, -6.809628569654114, -3.085791716275032, 105706000000, 
-1.2137049304819334, -6.810659904004495, -3.075590734438517, 105740000000, 
-1.2306377091132412, -6.811865051439961, -3.0653642741497578, 105774000000, 
-1.2475543602128976, -6.813242819593596, -3.055049913002912, 105808000000, 
-1.264454952157099, -6.814795214278014, -3.044704339313147, 105842000000, 
-1.281341277891265, -6.816522877735279, -3.0343948718906533, 105876000000, 
-1.2982147801388486, -6.818424421083627, -3.024167234176166, 105910000000, 
-1.3150690622417849, -6.8204974505577995, -3.0140070714685976, 105944000000, 
-1.3319014257233557, -6.8227418820490895, -3.003811239138376, 105978000000, 
-1.3487096480120127, -6.8251578545155835, -2.9935853563626633, 106012000000, 
-1.3654923901853755, -6.8277455217833545, -2.9833835084909404, 106046000000, 
-1.3822433063787476, -6.830504217945409, -2.973177273025186, 106080000000, 
-1.3989610912465558, -6.833434024798375, -2.9628625415912904, 106114000000, 
-1.415646081937439, -6.836536629129232, -2.9524930695401053, 106148000000, 
-1.432301619291947, -6.839812194311119, -2.9421917004948845, 106182000000, 
-1.4489283973123488, -6.843259024016881, -2.9319807500807578, 106216000000, 
-1.4655203724998043, -6.846874932637703, -2.9218138094227566, 106250000000, 
-1.4820746032589494, -6.850659595065614, -2.911611666812984, 106284000000, 
-1.4985890305105907, -6.854613004879981, -2.9013896938150925, 106318000000, 
-1.5150623362428028, -6.858734842475212, -2.891191585565104, 106352000000, 
-1.531492606835436, -6.863024165509002, -2.8810005456419367, 106386000000, 
-1.547876316624488, -6.867480761088405, -2.870790783437351, 106420000000, 
-1.5642073007793016, -6.872103953495521, -2.8605038394782603, 106454000000, 
-1.5804873794420915, -6.876895864682275, -2.8501283330762845, 106488000000, 
-1.5967200842180207, -6.881856766161422, -2.839806385359278, 106522000000, 
-1.6129077874989117, -6.886985217388708, -2.8296103254238467, 106556000000, 
-1.6290431117027393, -6.892277576721511, -2.8194603894191217, 106590000000, 
-1.645124071876326, -6.8977338458517075, -2.8092495298126825, 106624000000, 
-1.6611480210736898, -6.90335395235754, -2.799024171810585, 106658000000, 
-1.6771141158339795, -6.9091374830054955, -2.788829526500042, 106692000000, 
-1.6930202267589038, -6.915083305821618, -2.778632034746918, 106726000000, 
-1.7088649213888287, -6.921191242904292, -2.7684182424595956, 106760000000, 
-1.7246442912187516, -6.927460648307299, -2.758207092084696, 106794000000, 
-1.7403583252781911, -6.933891057238022, -2.747962635169368, 106828000000, 
-1.7560060552814551, -6.9404825062715085, -2.737713457785351, 106862000000, 
-1.7715878622941226, -6.947233574363666, -2.7275161006454, 106896000000, 
-1.7871002560076243, -6.954143120092193, -2.717336966210549, 106930000000, 
-1.8025413085200919, -6.96121026652195, -2.7071267597236015, 106964000000, 
-1.8179093760633902, -6.968434496832559, -2.6969168945011703, 106998000000, 
-1.8332028323303602, -6.9758150295888255, -2.6867230548726244, 107032000000, 
-1.8484185432764573, -6.983350463545634, -2.676519866100441, 107066000000, 
-1.8635521190536013, -6.991038659500287, -2.6662511535806064, 107100000000, 
-1.8786014310631973, -6.998880677453, -2.6558877493010833, 107134000000, 
-1.8935689780795317, -7.006879598417054, -2.6455337516262563, 107168000000, 
-1.908457643812126, -7.0150348687776045, -2.6352471852466035, 107202000000, 
-1.9232658853290967, -7.023344659989601, -2.6250443425012744, 107236000000, 
-1.9379896962120762, -7.031804695275079, -2.614875659072268, 107270000000, 
-1.9526266612246468, -7.040413974930025, -2.604666755150266, 107304000000, 
-1.9671749119273465, -7.049172236993995, -2.5944444043508215, 107338000000, 
-1.9816325367117482, -7.058078727897466, -2.584245992425427, 107372000000, 
-1.9959974131265403, -7.067131958392428, -2.57404329476054, 107406000000, 
-2.010264966711114, -7.076328631482586, -2.5637725289026947, 107440000000, 
-2.0244387426604846, -7.08567250616907, -2.5534743019897257, 107474000000, 
-2.0385145886414615, -7.095161613759057, -2.5432163265605006, 107508000000, 
-2.0524969749753863, -7.1047969580773875, -2.5329888275535586, 107542000000, 
-2.0663806268679275, -7.11457485548701, -2.5228064033587656, 107576000000, 
-2.080164553323777, -7.124493261248198, -2.512616177576685, 107610000000, 
-2.093846002650095, -7.134551857387237, -2.502399595465524, 107644000000, 
-2.1074242203977573, -7.144749500053071, -2.4921920662402797, 107678000000, 
-2.120897708075326, -7.155085078262911, -2.4819961853152073, 107712000000, 
-2.1342623861531527, -7.165555203254673, -2.4717788100710045, 107746000000, 
-2.1475169928219335, -7.176160667078156, -2.4614914579890548, 107780000000, 
-2.1606602257213243, -7.1869012270553485, -2.4511678942226145, 107814000000, 
-2.1736962343543906, -7.197779966263108, -2.440907022693496, 107848000000, 
-2.1866220453450067, -7.208793094872222, -2.430734963997704, 107882000000, 
-2.199435338449511, -7.219936902136437, -2.4205578707658897, 107916000000, 
-2.212134444712363, -7.23121054133921, -2.410334392615317, 107950000000, 
-2.2247175855828156, -7.242613327202473, -2.400121198464844, 107984000000, 
-2.2371821892019117, -7.254142747104913, -2.3899285371559427, 108018000000, 
-2.24952663158257, -7.2657968016858305, -2.3796724996567193, 108052000000, 
-2.2617479428636784, -7.277575569143235, -2.3693516399069217, 108086000000, 
-2.2738490543552263, -7.289481057513485, -2.3590670368581055, 108120000000, 
-2.285826874189413, -7.30151063503206, -2.348821680021364, 108154000000, 
-2.297684808291035, -7.313665535838925, -2.3385858342422465, 108188000000, 
-2.3094180157645234, -7.325941259631864, -2.3284037992302076, 108222000000, 
-2.321025674240376, -7.33833561846976, -2.3182133773678557, 108256000000, 
-2.3325064588650237, -7.350847603121868, -2.3079933781435398, 108290000000, 
-2.343858478346748, -7.363476273600969, -2.2977820703041005, 108324000000, 
-2.3550799677358465, -7.376218591605905, -2.2875727702898443, 108358000000, 
-2.366167951694813, -7.389072185354894, -2.2773107579642, 108392000000, 
-2.377123723229012, -7.402040139154504, -2.267022031163587, 108426000000, 
-2.3879485463088472, -7.4151236081901395, -2.256782792247378, 108460000000, 
-2.3986400481726173, -7.428316946130408, -2.2466219262298712, 108494000000, 
-2.409196434932115, -7.441618278955868, -2.2364328000410443, 108528000000, 
-2.419616580310326, -7.455026436986757, -2.226205255319987, 108562000000, 
-2.429899311777736, -7.468540303536461, -2.2160050258542214, 108596000000, 
-2.440043094550057, -7.482156959482259, -2.205811843533407, 108630000000, 
-2.45004419707342, -7.4958733061996465, -2.1955569993400283, 108664000000, 
-2.4599029109614152, -7.50969091761343, -2.185217019342672, 108698000000, 
-2.4696167487470113, -7.523607910702476, -2.174901674254335, 108732000000, 
-2.4791907928725196, -7.53762876505225, -2.164638447769758, 108766000000, 
-2.488622364013772, -7.55175009519802, -2.154447311106466, 108800000000, 
-2.4979098148508005, -7.565966624157059, -2.1442784784500653, 108834000000, 
-2.507052093336368, -7.580276741671242, -2.134063989146602, 108868000000, 
-2.516047265357832, -7.594679598773223, -2.123842713468937, 108902000000, 
-2.5248952775482496, -7.609173295520243, -2.1136470532779827, 108936000000, 
-2.5335939391879894, -7.6237549811911025, -2.103445389334032, 108970000000, 
-2.542141783653118, -7.6384225069096665, -2.093183342699212, 109004000000, 
-2.550536527343195, -7.653174036721575, -2.082867856790165, 109038000000, 
-2.558778763642186, -7.668012983755116, -2.0725672641180086, 109072000000, 
-2.5668704688719703, -7.682939611782198, -2.062312812568177, 109106000000, 
-2.5748102744984434, -7.6979504814097375, -2.0521292587138955, 109140000000, 
-2.5825970306954633, -7.713041250033967, -2.0419539705828815, 109174000000, 
-2.590229733935538, -7.728210287513282, -2.0317379292789117, 109208000000, 
-2.5977068496805913, -7.743456530380621, -2.0215205865159036, 109242000000, 
-2.605028131636896, -7.758778294416109, -2.01132449319855, 109276000000, 
-2.6121902013524414, -7.774168823175877, -2.0010896457495213, 109310000000, 
-2.6191930400561967, -7.789631155100316, -1.990779284400163, 109344000000, 
-2.626036052243741, -7.805165064279429, -1.9804667758908403, 109378000000, 
-2.632719716768252, -7.8207699059488105, -1.9702030683242369, 109412000000, 
-2.639245029827312, -7.836446455302158, -1.9599802181618622, 109446000000, 
-2.645610035955083, -7.852189742542071, -1.949797728798352, 109480000000, 
-2.6518144563576564, -7.867996931571947, -1.939602967363589, 109514000000, 
-2.6578572389735813, -7.883866401022699, -1.9293851172442398, 109548000000, 
-2.6637375161121586, -7.899796871190738, -1.9191785555767802, 109582000000, 
-2.6694534322423458, -7.915781849870679, -1.9089530871933624, 109616000000, 
-2.6750038331748476, -7.931822476973419, -1.8986515043777854, 109650000000, 
-2.6803889623321977, -7.947919844534226, -1.8883337105069653, 109684000000, 
-2.685609127166367, -7.964074397456163, -1.8780603096968989, 109718000000, 
-2.6906642238126057, -7.98028515172845, -1.8678592938065974, 109752000000, 
-2.6955541252739175, -7.996547259323647, -1.8576863348116681, 109786000000, 
-2.700278260962147, -8.012858100365875, -1.8474784435843739, 109820000000, 
-2.704835311059887, -8.02921638059548, -1.8372617431156169, 109854000000, 
-2.7092253579756944, -8.045620118566283, -1.8270611616080696, 109888000000, 
-2.7134478317255093, -8.062066177055534, -1.8168620042878738, 109922000000, 
-2.717501462245187, -8.078551804097916, -1.8066060306784053, 109956000000, 
-2.721384147502642, -8.095074371553782, -1.7962878640871458, 109990000000, 
-2.725096643787402, -8.1116382086802, -1.7859758925479903, 110024000000, 
-2.728638676779298, -8.128243699547527, -1.7757291675827735, 110058000000, 
-2.7320118229500956, -8.1448867032341, -1.7655635999759305, 110092000000, 
-2.735215461568892, -8.161563169849599, -1.755379951556857, 110126000000, 
-2.738248964976546, -8.178271121643375, -1.7451567276075517, 110160000000, 
-2.741111419071337, -8.195009277972106, -1.7349460205358902, 110194000000, 
-2.7438031730251495, -8.211775639153716, -1.7247533080179098, 110228000000, 
-2.7463232960476467, -8.228567226906813, -1.7145471057395267, 110262000000, 
-2.748671311316632, -8.245380525400805, -1.7042928240879867, 110296000000, 
-2.750846428044072, -8.26221650774547, -1.69399801826243, 110330000000, 
-2.752848419735409, -8.279075836944461, -1.6837364973943487, 110364000000, 
-2.754678098504948, -8.295958213179832, -1.6735423432420071, 110398000000, 
-2.756335845045062, -8.312858497643726, -1.663365421694206, 110432000000, 
-2.7578211755401694, -8.329774671386476, -1.6531516312900332, 110466000000, 
-2.75913362719051, -8.346705062774628, -1.6429377175873958, 110500000000, 
-2.7602735231646993, -8.363647753203749, -1.6327438108178594, 110534000000, 
-2.76124052719333, -8.380601380986878, -1.6225466056416444, 110568000000, 
-2.76203425523722, -8.397558812519478, -1.6123150341731496, 110602000000, 
-2.7626535158652286, -8.414521851782444, -1.6019945818346706, 110636000000, 
-2.7630971551897727, -8.431489414627357, -1.591670280801327, 110670000000, 
-2.763366570236598, -8.448467854705191, -1.5814425102001952, 110704000000, 
-2.7634630766764934, -8.465449055596508, -1.5712924959475219, 110738000000, 
-2.763387209621671, -8.482430123927395, -1.5610982010503152, 110772000000, 
-2.7631377977818685, -8.499409462422403, -1.5508686416342052, 110806000000, 
-2.762714925903582, -8.516385313275011, -1.540666243714817, 110840000000, 
-2.7621190669899143, -8.53335593537348, -1.5304756332110887, 110874000000, 
-2.761350083202311, -8.550316505965899, -1.5202521850405102, 110908000000, 
-2.7604073126070103, -8.567266271156875, -1.5099703561619802, 110942000000, 
-2.759289995991182, -8.584206282145187, -1.4996935284832067, 110976000000, 
-2.7579990282453624, -8.601137093179805, -1.489475971115719, 111010000000, 
-2.7565354661972825, -8.61805524521146, -1.479294840217102, 111044000000, 
-2.7548995550760504, -8.634957654187234, -1.4690960866045333, 111078000000, 
-2.7530912940294248, -8.651842310424122, -1.4588814887232189, 111112000000, 
-2.75111089181543, -8.668707576578573, -1.4486838030307216, 111146000000, 
-2.748958681333641, -8.685551818170564, -1.4384899699017104, 111180000000, 
-2.746635021131465, -8.702373015744707, -1.4282852542575177, 111214000000, 
-2.74413979371988, -8.719165509417287, -1.418050332963309, 111248000000, 
-2.7414723715634164, -8.735929624971991, -1.4077564368555013, 111282000000, 
-2.738632023384028, -8.752670254642124, -1.3974946093884042, 111316000000, 
-2.7356206439978226, -8.769382520656318, -1.3873275920417973, 111350000000, 
-2.732439631590631, -8.786063410411035, -1.3771568954883222, 111384000000, 
-2.7290889139548145, -8.802710670474397, -1.3669333629926594, 111418000000, 
-2.72556816506591, -8.819322865394106, -1.3567221361463448, 111452000000, 
-2.7218782533654546, -8.835898251417747, -1.3465331255542352, 111486000000, 
-2.718019655329594, -8.852435069974181, -1.33633289713126, 111520000000, 
-2.713992507643786, -8.868931575934136, -1.326122971964807, 111554000000, 
-2.7097975276942234, -8.885383123518485, -1.3159032681167775, 111588000000, 
-2.7054341089071636, -8.901789838497594, -1.3056351564147286, 111622000000, 
-2.700901855276387, -8.91815511982455, -1.2954025248881733, 111656000000, 
-2.6962029450713176, -8.934473624489074, -1.2852426957147336, 111690000000, 
-2.691338568768233, -8.950743216247584, -1.2750532802474865, 111724000000, 
-2.686308243275665, -8.96696244122869, -1.2648294961292559, 111758000000, 
-2.681112883994529, -8.983129060008332, -1.2546313717296658, 111792000000, 
-2.675752943264764, -8.999242163314541, -1.2444441590405206, 111826000000, 
-2.670229215126361, -9.015299455680024, -1.2342385509129465, 111860000000, 
-2.664541742597419, -9.031298677924527, -1.2240273623123996, 111894000000, 
-2.6586917127604117, -9.04723783377939, -1.213801241474171, 111928000000, 
-2.6526790384098193, -9.063114404419672, -1.2035506391203021, 111962000000, 
-2.6465026560155307, -9.078932576645796, -1.1933196943433724, 111996000000, 
-2.640165259195334, -9.09468716961899, -1.1831494200727688, 112030000000, 
-2.633668003002599, -9.11037638530364, -1.17295540817425, 112064000000, 
-2.627010877413226, -9.125998563523158, -1.1627328079142876, 112098000000, 
-2.620194764324277, -9.141551798522256, -1.1525309168047597, 112132000000, 
-2.6132204614503785, -9.157034836860047, -1.142339470761157, 112166000000, 
-2.606088665770351, -9.172445923775678, -1.1321308990419456, 112200000000, 
-2.598800045099352, -9.187783415996865, -1.1219211003621998, 112234000000, 
-2.591355154232034, -9.203045691472006, -1.11171910412012, 112268000000, 
-2.583754962683402, -9.218231402254512, -1.1015197025648005, 112302000000, 
-2.576002376188176, -9.233335432146463, -1.0912956137106888, 112336000000, 
-2.5680945612435258, -9.248358990378687, -1.0810098509766017, 112370000000, 
-2.5600310113284546, -9.2633038111506, -1.0707786251160916, 112404000000, 
-2.55181577662226, -9.278166149571543, -1.0606284646767072, 112438000000, 
-2.5434498234112217, -9.2929437240536, -1.0504313202019475, 112472000000, 
-2.534933507182094, -9.307634978266135, -1.040199558580457, 112506000000, 
-2.526267747674018, -9.322238599824155, -1.0300023360248987, 112540000000, 
-2.517454504943339, -9.336751268905436, -1.0198098849542878, 112574000000, 
-2.508495780495068, -9.351169224129283, -1.0095355925873208, 112608000000, 
-2.499389156963985, -9.365492911605147, -0.9991971543756997, 112642000000, 
-2.4901348585756695, -9.37972251022033, -0.9888948890144337, 112676000000, 
-2.480732270251291, -9.393860219252597, -0.9786634333343516, 112710000000, 
-2.4711843584172164, -9.407903095238229, -0.9684769912186084, 112744000000, 
-2.461493993156378, -9.421847822018227, -0.9582884761442312, 112778000000, 
-2.451662144317007, -9.435693379676655, -0.9480725859194454, 112812000000, 
-2.4416892564599526, -9.449437270896542, -0.9378615703820844, 112846000000, 
-2.4315769002550836, -9.463079134325069, -0.9276633541184078, 112880000000, 
-2.4213262080527445, -9.476616572828929, -0.9174593892679039, 112914000000, 
-2.4109402863536515, -9.490045985052335, -0.907223631573415, 112948000000, 
-2.4004185102857343, -9.503365344547875, -0.8969171587766968, 112982000000, 
-2.3897591955842374, -9.516575547183193, -0.8866039366867258, 113016000000, 
-2.378960665723966, -9.529681177252648, -0.8763775561810959, 113050000000, 
-2.3680289148995604, -9.542675981082823, -0.8662255681830044, 113084000000, 
-2.356965814456824, -9.555558986944357, -0.8560255822068794, 113118000000, 
-2.3457719926726313, -9.56832857104882, -0.845796829726997, 113152000000, 
-2.334448212860481, -9.580982861227232, -0.8355964385797516, 113186000000, 
-2.3229983800981904, -9.59351832875088, -0.8253925925329375, 113220000000, 
-2.311423165516982, -9.605933400106471, -0.8150876094509717, 113254000000, 
-2.2997222765208547, -9.618225151191028, -0.8047261758768188, 113288000000, 
-2.287892517300099, -9.630398327325473, -0.7944263546641773, 113322000000, 
-2.275937547024641, -9.642452179625037, -0.7841711060793729, 113356000000, 
-2.26385728572725, -9.654384203573889, -0.7739542048078595, 113390000000, 
-2.251654140653969, -9.666192996100447, -0.763759742443381, 113424000000, 
-2.239331415178495, -9.677876614757396, -0.753558749903618, 113458000000, 
-2.2268900763617068, -9.68943373540151, -0.7433469298068416, 113492000000, 
-2.2143331086323026, -9.700862803366238, -0.7331353719019853, 113526000000, 
-2.20166208641783, -9.712159715493051, -0.7228800094944531, 113560000000, 
-2.188877679491789, -9.723323775189735, -0.7125656563262969, 113594000000, 
-2.1759785469789765, -9.734355425446461, -0.7022491733951258, 113628000000, 
-2.162964704284821, -9.745256737839597, -0.6919627042842372, 113662000000, 
-2.149836589532857, -9.75602590882036, -0.68174211986102, 113696000000, 
-2.1365980565649525, -9.76666109500462, -0.6715742763629164, 113730000000, 
-2.1232520709717773, -9.777160894172813, -0.6613754348779423, 113764000000, 
-2.109799667957049, -9.78752360641754, -0.6511488298527985, 113798000000, 
-2.0962436704388434, -9.797747371925086, -0.640942713977784, 113832000000, 
-2.082587149272953, -9.807829444534445, -0.6306823965213105, 113866000000, 
-2.0688295545229414, -9.817768396150814, -0.6203402144381068, 113900000000, 
-2.0549684688163996, -9.827566267157636, -0.6100263985566421, 113934000000, 
-2.0410078820673805, -9.83721977049874, -0.5997525306479226, 113968000000, 
-2.0269447069029862, -9.846732876857528, -0.5894837390010361, 114002000000, 
-2.0127823712129063, -9.856102576765064, -0.5792852802863453, 114036000000, 
-1.9985257611488176, -9.865328216862574, -0.5691165748490047, 114070000000, 
-1.9841758521253097, -9.874407701414665, -0.5589016053319297, 114104000000, 
-1.9697367717950656, -9.883338849965051, -0.5486661642229823, 114138000000, 
-1.9552092657280582, -9.892119969969693, -0.5384027175756227, 114172000000, 
-1.9405938684559927, -9.90074919671787, -0.528080719896817, 114206000000, 
-1.9258899421363733, -9.909227624220911, -0.5177655864543047, 114240000000, 
-1.9110976730397955, -9.917556477881686, -0.5074842299304623, 114274000000, 
-1.8962171238458319, -9.92573462347052, -0.4972516541877581, 114308000000, 
-1.8812521428545015, -9.933760415427988, -0.487077225841559, 114342000000, 
-1.866206548138837, -9.94163383012139, -0.4768835205380394, 114376000000, 
-1.8510813308697935, -9.949352809465404, -0.4666563610541139, 114410000000, 
-1.8358798628734474, -9.956916399366479, -0.45644595671002575, 114444000000, 
-1.8206056492847278, -9.964322477576696, -0.44619575014347884, 114478000000, 
-1.8052572302234393, -9.97157156887051, -0.4358742907767991, 114512000000, 
-1.789836027618108, -9.97866007227738, -0.4255462715303326, 114546000000, 
-1.7743415433172451, -9.985589207453048, -0.4152480881514544, 114580000000, 
-1.758771690698492, -9.992361112309277, -0.4049931332346663, 114614000000, 
-1.7431307984633746, -9.99897394796293, -0.3948071288831414, 114648000000, 
-1.7274237684311817, -10.005427734855024, -0.3846287418073797, 114682000000, 
-1.7116517397081965, -10.01172071207338, -0.3744093060056938, 114716000000, 
-1.695818228625255, -10.017852031895698, -0.3641875746572094, 114750000000, 
-1.6799280970243187, -10.023817691335838, -0.35391499269150145, 114784000000, 
-1.663976742673537, -10.029620248601898, -0.34357385303247207, 114818000000, 
-1.6479677241408044, -10.035256930297598, -0.33326656469954163, 114852000000, 
-1.6318990505767874, -10.040730456066083, -0.322998876342006, 114886000000, 
-1.61577131749841, -10.046038953027312, -0.3127390669859751, 114920000000, 
-1.5995879061182183, -10.051183128399325, -0.3025461554598727, 114954000000, 
-1.5833529106825155, -10.056162153301237, -0.29237023510883076, 114988000000, 
-1.5670681312270156, -10.060975281192846, -0.28215029839414424, 115022000000, 
-1.5507350382581921, -10.06562164972999, -0.2719319328127322, 115056000000, 
-1.534355511147148, -10.070101310329113, -0.26173900579260656, 115090000000, 
-1.517932887725411, -10.07441310719467, -0.2515380349241215, 115124000000, 
-1.5014702537555655, -10.07855562947863, -0.24126660513987344, 115158000000, 
-1.4849695243620682, -10.082527328330261, -0.2309352314314694, 115192000000, 
-1.4684257421293794, -10.086329978443704, -0.2206314654120525, 115226000000, 
-1.4518425258923722, -10.089962162470007, -0.21038254771857381, 115260000000, 
-1.4352197974730865, -10.093425127193905, -0.2001452242975455, 115294000000, 
-1.4185609366224663, -10.09671825010569, -0.1899488918620958, 115328000000, 
-1.4018692820873506, -10.099841544917176, -0.17976653961594427, 115362000000, 
-1.3851470049352808, -10.102794677511802, -0.16955144212838008, 115396000000, 
-1.368398479668004, -10.105575701311073, -0.15932303178942042, 115430000000, 
-1.3516260683977954, -10.108184542080005, -0.14904336961793818, 115464000000, 
-1.3348275690144709, -10.110620899891423, -0.13871985565226463, 115498000000, 
-1.318004912957363, -10.112883790581096, -0.12842842440155106, 115532000000, 
-1.3011609637668964, -10.114972720068376, -0.11815309896623861, 115566000000, 
-1.2842934247270161, -10.11688994602692, -0.10785667038594139, 115600000000, 
-1.2674042156361625, -10.11863321738893, -0.09760529688556047, 115634000000, 
-1.2504957047397218, -10.120203956898466, -0.0874262285860963, 115668000000, 
-1.2335720528615959, -10.121602468933725, -0.077238633171766, 115702000000, 
-1.2166352980086064, -10.122828537172083, -0.06701890503872918, 115736000000, 
-1.1996883981769886, -10.123881331470729, -0.056809844303528215, 115770000000, 
-1.1827346831181724, -10.124760991181729, -0.0465609487211086, 115804000000, 
-1.165775922962615, -10.125464962317078, -0.036252465940864995, 115838000000, 
-1.1488102122947252, -10.125995272736128, -0.025949000921007024, 115872000000, 
-1.1318394857996665, -10.126350677724618, -0.015666125608194123, 115906000000, 
-1.1148659310768718, -10.126531345061341, -0.005376893035811505, 115940000000, 
-1.0978904703181918, -10.126537081317702, 0.00491795633306401, 115974000000, 
-1.0809112265553293, -10.126368811960477, 0.01514204096858612, 116008000000, 
-1.0639332742874568, -10.126027296392078, 0.02531118757264492, 116042000000, 
-1.0469599207272924, -10.125513182641717, 0.03551127721515465, 116076000000, 
-1.0299926352981639, -10.124825488234933, 0.04573563683652917, 116110000000, 
-1.0130333943442742, -10.123964807588102, 0.05593547026729566, 116144000000, 
-0.996086396759373, -10.122930949881017, 0.06613610440032044, 116178000000, 
-0.9791535714762309, -10.121723903673761, 0.07641355658819346, 116212000000, 
-0.9622356387758445, -10.120342649801637, 0.08672452247051778, 116246000000, 
-0.9453318688325851, -10.118786894228709, 0.0970141647415658, 116280000000, 
-0.92844234085938, -10.117057377042446, 0.10725673275716296, 116314000000, 
-0.9115680202399483, -10.115155481101842, 0.11745660822284468, 116348000000, 
-0.8947137959883572, -10.113081604762314, 0.12764199464081197, 116382000000, 
-0.8778817672513657, -10.110836240538662, 0.13785049885878342, 116416000000, 
-0.861073568234375, -10.10841904253833, 0.14806204445956422, 116450000000, 
-0.8442923670982359, -10.10583048166938, 0.1582592677644482, 116484000000, 
-0.827540526649429, -10.10307071605589, 0.16850076148497856, 116518000000, 
-0.8108209486144816, -10.100139235621189, 0.1787961765875656, 116552000000, 
-0.7941335485830248, -10.097035274940637, 0.18910296546641156, 116586000000, 
-0.7774743848576873, -10.093759536451818, 0.19936762793502122, 116620000000, 
-0.7608463782981395, -10.090313521672233, 0.20955032759981385, 116654000000, 
-0.7442542136591485, -10.086698730322393, 0.21971970676711314, 116688000000, 
-0.7276998744362873, -10.082915021824503, 0.2299383738891685, 116722000000, 
-0.711185311246926, -10.078962446831692, 0.2401540436961306, 116756000000, 
-0.694711845333208, -10.074841486218942, 0.250346225948554, 116790000000, 
-0.6782823963215848, -10.070552766061478, 0.26054495925514726, 116824000000, 
-0.6619012150034921, -10.066096529246481, 0.2707924775501661, 116858000000, 
-0.6455671447124576, -10.061472137696503, 0.28108294437807796, 116892000000, 
-0.6292784359978394, -10.05667979539248, 0.2913440436341109, 116926000000, 
-0.6130371770185667, -10.051721218905515, 0.30151599351659125, 116960000000, 
-0.5968471195280841, -10.046597784580856, 0.31169071135916127, 116994000000, 
-0.5807103426570646, -10.04130958021159, 0.3219132010362541, 117028000000, 
-0.5646283332966096, -10.035856777722305, 0.33212144034023294, 117062000000, 
-0.5486030976736556, -10.030240673679414, 0.34230501441735023, 117096000000, 
-0.5326358101635407, -10.024461522207693, 0.35250556510651626, 117130000000, 
-0.5167291944358494, -10.01851955871665, 0.36271994153875453, 117164000000, 
-0.500887260399543, -10.01241549794911, 0.3729470164843882, 117198000000, 
-0.48510589258032705, -10.006149069914834, 0.38320786085948005, 117232000000, 
-0.4693878478012919, -9.999721183561421, 0.3934108991383339, 117266000000, 
-0.45373618499648244, -9.993133849914058, 0.4035788837859929, 117300000000, 
-0.4381523410005357, -9.98638744116018, 0.41378642240870994, 117334000000, 
-0.42263834390214194, -9.979482291418131, 0.42400769193343424, 117368000000, 
-0.4071956123123128, -9.972419016610639, 0.4342067558632513, 117402000000, 
-0.39182569239487264, -9.965198844022563, 0.4444032444236721, 117436000000, 
-0.37653027058343164, -9.957822391083546, 0.45461135135329717, 117470000000, 
-0.36131219950825005, -9.950290053833282, 0.46481842127633444, 117504000000, 
-0.3461748859273551, -9.942603648196156, 0.47505779943009463, 117538000000, 
-0.33111984962144797, -9.934763718234294, 0.4853565936735145, 117572000000, 
-0.31614517184810914, -9.926767487959003, 0.4956637306438831, 117606000000, 
-0.3012501340928921, -9.918616159938946, 0.5059061639177884, 117640000000, 
-0.286436589477248, -9.91031347573212, 0.5160673374536301, 117674000000, 
-0.2717085173833045, -9.901860707270487, 0.5262528180330084, 117708000000, 
-0.25706771450409277, -9.893258147405456, 0.5364793486326078, 117742000000, 
-0.24251558033441184, -9.884506498026349, 0.5466891441284705, 117776000000, 
-0.22805690926589064, -9.875608870706364, 0.5568977143452437, 117810000000, 
-0.21369285063378018, -9.866564668881443, 0.5671969121506687, 117844000000, 
-0.1994211817296189, -9.857371790416728, 0.5775090337826343, 117878000000, 
-0.18524575046209238, -9.848033076936149, 0.5877563181728203, 117912000000, 
-0.17116344168672898, -9.838546915236622, 0.5979952214319716, 117946000000, 
-0.15717722069303958, -9.828916674963432, 0.6082016361860912, 117980000000, 
-0.14328917260085353, -9.819144738371241, 0.6183837344202306, 118014000000, 
-0.12950199968471948, -9.809231671963156, 0.6285901361469168, 118048000000, 
-0.11581648138694531, -9.79917853510134, 0.6388069862760055, 118082000000, 
-0.10223452807026984, -9.788986118713593, 0.6490049299814034, 118116000000, 
-0.08875815083669972, -9.77865684858027, 0.6592070292637809, 118150000000, 
-0.07539074424781889, -9.768191980193716, 0.6694599012040593, 118184000000, 
-0.06213146397163006, -9.75759011710699, 0.6797628114885271, 118218000000, 
-0.04897818139610763, -9.746849583347554, 0.6899867543347722, 118252000000, 
-0.03593511193362801, -9.735975621736333, 0.700132723181781, 118286000000, 
-0.023002585223574377, -9.72497005601134, 0.710334721355449, 118320000000, 
-0.010183936583955888, -9.713832725928041, 0.7205688869132958, 118354000000, 
0.002520326760150273, -9.70256507682785, 0.730766588113985, 118388000000, 
0.015108040587357083, -9.691170017062241, 0.740957847720767, 118422000000, 
0.02757460830818427, -9.67965017244987, 0.7512371911041471, 118456000000, 
0.039921413559385756, -9.66800238326422, 0.7615777722423102, 118490000000, 
0.05214545698508002, -9.656228484030182, 0.7718895867325697, 118524000000, 
0.06425340484268874, -9.644323443936901, 0.78213111404741, 118558000000, 
0.07624100440184242, -9.632295526278607, 0.7922885195669185, 118592000000, 
0.08810517556757007, -9.620146389644196, 0.8024777327934965, 118626000000, 
0.09984450797496425, -9.607876890440988, 0.8127072875354404, 118660000000, 
0.11145832503748568, -9.595488233554137, 0.8229110576597591, 118694000000, 
0.12294465005283799, -9.582981684125555, 0.8331036158386174, 118728000000, 
0.134300507102623, -9.570361805340532, 0.8433380778165811, 118762000000, 
0.1455234344215868, -9.557628843643846, 0.8536583095054953, 118796000000, 
0.15661780066775488, -9.544776261381456, 0.8639469013412723, 118830000000, 
0.16758157420514727, -9.53180866604529, 0.8741124586430826, 118864000000, 
0.17841366506282436, -9.518730664164096, 0.8842729396891258, 118898000000, 
0.18911125730092063, -9.505542883381821, 0.8945076193056646, 118932000000, 
0.19967376874724535, -9.492246493905157, 0.9047277741756136, 118966000000, 
0.21009988049541756, -9.478843010953558, 0.9149112620688132, 119000000000, 
0.22038852169946563, -9.465334763093862, 0.9251088926212185, 119034000000, 
0.23053838890927647, -9.451723378530133, 0.9353585026327326, 119068000000, 
0.24054497139551345, -9.438011444307167, 0.9456235464786152, 119102000000, 
0.2504113155294777, -9.424196136657923, 0.9558948752980618, 119136000000, 
0.26013626337358003, -9.410278149781853, 0.9661547525456076, 119170000000, 
0.26971990090688525, -9.39625957522184, 0.9763404336156718, 119204000000, 
0.27916067801032696, -9.382144347087204, 0.9865094287460352, 119238000000, 
0.2884567575464646, -9.36793369961409, 0.9967250841974783, 119272000000, 
0.29760753300284315, -9.353629128286501, 1.006941175632922, 119306000000, 
0.3066114454993171, -9.339231739131233, 1.017137603750695, 119340000000, 
0.3154655053535086, -9.324747833890584, 1.0273710196279917, 119374000000, 
0.3241679055847498, -9.310176864462006, 1.0377086858972622, 119408000000, 
0.3327212457707915, -9.295514387840695, 1.048029585559902, 119442000000, 
0.3411245622080611, -9.280760802053344, 1.0582598674224772, 119476000000, 
0.3493785962344297, -9.26592034927265, 1.0684265053418482, 119510000000, 
0.35748083068443554, -9.250996657288788, 1.0786203952955136, 119544000000, 
0.3654304684255658, -9.235991287327526, 1.088846945924919, 119578000000, 
0.37322616875358705, -9.22090544320725, 1.0990522695249858, 119612000000, 
0.38086788150788325, -9.205740959228189, 1.109241567897717, 119646000000, 
0.3883536750660364, -9.190500868120072, 1.1194506665476756, 119680000000, 
0.3956816785217582, -9.175188482343241, 1.1297111533009636, 119714000000, 
0.40285098758940957, -9.159802433057394, 1.140035978187811, 119748000000, 
0.40986094505955023, -9.144343463215584, 1.1503411167392834, 119782000000, 
0.4167147076043625, -9.128808083018894, 1.160566001014545, 119816000000, 
0.42340974388594965, -9.113202176916763, 1.170731047641462, 119850000000, 
0.4299457940212316, -9.097529171616276, 1.1809262714177475, 119884000000, 
0.43632137719214886, -9.081790267796244, 1.191148409258963, 119918000000, 
0.44253598187585824, -9.065987264861088, 1.2013530152631082, 119952000000, 
0.44858902749641894, -9.050121602830384, 1.211549640179805, 119986000000, 
0.4544778673533526, -9.034200243169678, 1.2217888589070725, 120020000000, 
0.460202073057685, -9.018220350188733, 1.232094504767193, 120054000000, 
0.4657613377485189, -9.002182209716088, 1.2424033231420548, 120088000000, 
0.47115596709622537, -8.986086175089754, 1.2526712404617744, 120122000000, 
0.47638672941287974, -8.969931788175517, 1.2629003807431214, 120156000000, 
0.4814523562341656, -8.953723655110801, 1.2730846864473744, 120190000000, 
0.4863526652655368, -8.937464798333698, 1.2832735982159087, 120224000000, 
0.4910869484985725, -8.921157079987276, 1.2934915101378952, 120258000000, 
0.4956543822875404, -8.904801778484213, 1.3037000482246588, 120292000000, 
0.5000545534547834, -8.888403624331584, 1.313910881248803, 120326000000, 
0.5042851397652313, -8.871964189018298, 1.3241886580442475, 120360000000, 
0.5083465499311002, -8.855480788018019, 1.3344825701848453, 120394000000, 
0.5122384480884158, -8.838956120371776, 1.344729658156786, 120428000000, 
0.5159612520593656, -8.82239019346043, 1.3549696567949803, 120462000000, 
0.5195151967663897, -8.805784959828241, 1.3651707492798988, 120496000000, 
0.5228996274733216, -8.789144231139934, 1.3753515953349051, 120530000000, 
0.5261145675857323, -8.772470186730908, 1.3855571363716472, 120564000000, 
0.5291590222355296, -8.755764216071311, 1.3957709408974859, 120598000000, 
0.53203269254737, -8.739027968511897, 1.4059711048323615, 120632000000, 
0.5347355320522115, -8.722265357741216, 1.4161745037684195, 120666000000, 
0.5372664508231968, -8.705478326075736, 1.426440485769178, 120700000000, 
0.5396243250373897, -8.68866761533932, 1.436739068966429, 120734000000, 
0.5418094442926308, -8.671831048505062, 1.4469886789074184, 120768000000, 
0.5438224032890442, -8.654969405233253, 1.4571839422140624, 120802000000, 
0.545663708576762, -8.638088245037748, 1.4673685422926246, 120836000000, 
0.5473327330441395, -8.621189161805972, 1.4775759595590285, 120870000000, 
0.548829255973697, -8.604274133132837, 1.4877872414078102, 120904000000, 
0.5501528972141037, -8.587344615095041, 1.4979883131383185, 120938000000, 
0.5513039684523986, -8.57040259828365, 1.508188811606974, 120972000000, 
0.5522817093748991, -8.553454542435933, 1.5184234861766475, 121006000000, 
0.5530854216668888, -8.536497058898208, 1.5287144445631726, 121040000000, 
0.5537146500391225, -8.519531923976773, 1.538983239182284, 121074000000, 
0.554169997837615, -8.50255898802344, 1.5492038623484863, 121108000000, 
0.5544519161020882, -8.485579948302366, 1.5594006045157496, 121142000000, 
0.5545609144779444, -8.46859909307674, 1.5695977323141774, 121176000000, 
0.5544966586152625, -8.451617937542993, 1.5798007563712961, 121210000000, 
0.5542592260965975, -8.434638379313684, 1.590003384473477, 121244000000, 
0.5538487786250568, -8.41766227441975, 1.6002034315104563, 121278000000, 
0.5532650459965639, -8.400691218986719, 1.610409259622693, 121312000000, 
0.5525079373726989, -8.383727787638584, 1.6206178983676973, 121346000000, 
0.5515776076889862, -8.366773286804467, 1.6308416833177009, 121380000000, 
0.5504740235710669, -8.349827991890045, 1.6410534113290116, 121414000000, 
0.5491976347117974, -8.332894590994, 1.651238027274156, 121448000000, 
0.5477490685719972, -8.315975332921916, 1.6614350429385962, 121482000000, 
0.5461277207626899, -8.299071703412364, 1.6716484813101367, 121516000000, 
0.5443339107801641, -8.282185514376945, 1.6818516972119437, 121550000000, 
0.5423680002608797, -8.265318577738775, 1.6920490252422387, 121584000000, 
0.540230064023289, -8.24847243204915, 1.7022510345222217, 121618000000, 
0.5379205839099366, -8.231649115996929, 1.712452386499616, 121652000000, 
0.5354395615170048, -8.214850225237624, 1.7226549149472092, 121686000000, 
0.5327870089902198, -8.198077233894445, 1.7328559178275897, 121720000000, 
0.5299636347063351, -8.181332376248264, 1.7430566604026372, 121754000000, 
0.5269695296049044, -8.16461716803192, 1.7532595762092822, 121788000000, 
0.5238051090680985, -8.147933346897297, 1.7634588449442279, 121822000000, 
0.520470883709992, -8.131282790426544, 1.7736570012888246, 121856000000, 
0.5169669209088226, -8.11466698784512, 1.7838573267223086, 121890000000, 
0.5132937834216462, -8.098088005134372, 1.7940613130222471, 121924000000, 
0.5094515300752824, -8.081547307076452, 1.8042662784450196, 121958000000, 
0.5054405229173429, -8.065046568457056, 1.8144696506991362, 121992000000, 
0.5012614265194708, -8.048587566269385, 1.824666887819709, 122026000000, 
0.49691479459082505, -8.032172053648809, 1.8348619709230876, 122060000000, 
0.4924009390926736, -8.015801601439442, 1.8450624460977667, 122094000000, 
0.487720504233523, -7.999478309724003, 1.8552651900067527, 122128000000, 
0.482873758365647, -7.983203626244903, 1.8654681417359582, 122162000000, 
0.4778610515389504, -7.9669790055343155, 1.8756694311023077, 122196000000, 
0.472683357328093, -7.950806688489402, 1.8858696628602847, 122230000000, 
0.4673408029910292, -7.934687802366379, 1.896069886826801, 122264000000, 
0.4618341546893462, -7.918624302783895, 1.9062683390296016, 122298000000, 
0.45616389217977327, -7.902617737646552, 1.91646829368697, 122332000000, 
0.45033058944811033, -7.886669736453381, 1.926668974666474, 122366000000, 
0.44433508212668654, -7.87078245304093, 1.9368698952892465, 122400000000, 
0.43817778995817314, -7.854956912964055, 1.947069070609269, 122434000000, 
0.4318594946571322, -7.8391949109429975, 1.957270215111227, 122468000000, 
0.42538076771712485, -7.823498306799292, 1.9674762043285925, 122502000000, 
0.4187421266753606, -7.807868517737149, 1.9776827128546017, 122536000000, 
0.41194413646902645, -7.79230714824347, 1.9878887777811576, 122570000000, 
0.4049877859638604, -7.776815945660566, 1.998088794367261, 122604000000, 
0.3978738273925767, -7.761396379146369, 2.0082905191128053, 122638000000, 
0.3906028607223755, -7.74605021691601, 2.0184926275661583, 122672000000, 
0.38317590321122974, -7.7307790173619075, 2.0286944346581763, 122706000000, 
0.37559345374762415, -7.715584535966414, 2.038897203667665, 122740000000, 
0.36785665913159055, -7.700468035210705, 2.0491020725934033, 122774000000, 
0.35996649496168304, -7.685432956416765, 2.059308265470475, 122808000000, 
0.351924756414593, -7.670481861418489, 2.069565316269526, 122842000000, 
0.343730071940735, -7.655616015872449, 2.0798725117611614, 122876000000, 
0.3353815926722794, -7.640832838819474, 2.0901384226632205, 122910000000, 
0.32688202115801024, -7.626136262544334, 2.100364410617824, 122944000000, 
0.31823083598012175, -7.611523949895765, 2.1105838200033777, 122978000000, 
0.30943100912575977, -7.597000546040146, 2.1207721538686433, 123012000000, 
0.30048357860356445, -7.582567994964214, 2.1309700810388423, 123046000000, 
0.29138958417523597, -7.56822705354187, 2.14118325572135, 123080000000, 
0.28215037407378474, -7.553981727448202, 2.15139023448741, 123114000000, 
0.2727669266305066, -7.539832360268772, 2.1616360315755885, 123148000000, 
0.2632399762260548, -7.525782489576438, 2.171916739388921, 123182000000, 
0.2535688367906572, -7.511830378289726, 2.1821966012399336, 123216000000, 
0.24375272215712387, -7.497974116757588, 2.192421751762492, 123250000000, 
0.23379500846828358, -7.484218797845789, 2.2025880454817157, 123284000000, 
0.2236978936296547, -7.470565618770932, 2.2127872974727145, 123318000000, 
0.21346210031146198, -7.457015994325059, 2.2230113602474617, 123352000000, 
0.2030883470871791, -7.4435721608111, 2.233213131817424, 123386000000, 
0.19257836920160146, -7.430234041290005, 2.243407457627593, 123420000000, 
0.18193500217763986, -7.4170064225790036, 2.2536276527227153, 123454000000, 
0.1711587370720805, -7.403892010597452, 2.2639305236089045, 123488000000, 
0.16024780312454937, -7.3908905227191015, 2.2742688032193206, 123522000000, 
0.1491998789212727, -7.377997836847293, 2.2845296781657756, 123556000000, 
0.13801929560989984, -7.365216198540083, 2.294686661192757, 123590000000, 
0.1267094639186079, -7.352549308985288, 2.3048662009940553, 123624000000, 
0.11527125765809305, -7.339998116389879, 2.3150977277984484, 123658000000, 
0.10370519818664614, -7.327565182386509, 2.325311804910718, 123692000000, 
0.09201570936809055, -7.315253437554419, 2.33552137979047, 123726000000, 
0.0802024418513671, -7.303064655823288, 2.3458171892979465, 123760000000, 
0.06826453650726493, -7.290998215461548, 2.3561447721844186, 123794000000, 
0.05620384657267831, -7.279057043282519, 2.366449207326698, 123828000000, 
0.04401686996753631, -7.267234471300172, 2.3767087088087533, 123862000000, 
0.03170791890033582, -7.255537350653969, 2.386892848190305, 123896000000, 
0.019279658967231803, -7.2439660532597845, 2.397088190220726, 123930000000, 
0.006734265025306693, -7.232521657977773, 2.4073087077562487, 123964000000, 
-0.005927509780639365, -7.2212064696672, 2.417512119878373, 123998000000, 
-0.018703804634046545, -7.210020704916909, 2.427708019019865, 124032000000, 
-0.03158884950927094, -7.1989710666452735, 2.4379548312384562, 124066000000, 
-0.04458636499143181, -7.1880540226172736, 2.4482893820670473, 124100000000, 
-0.057694976479339084, -7.177273957049635, 2.4586138010205385, 124134000000, 
-0.07091689333027223, -7.166624873687961, 2.4688846123592816, 124168000000, 
-0.08425123672860449, -7.156110303579163, 2.4790900162449208, 124202000000, 
-0.09769194023684101, -7.145731716278213, 2.48925720164535, 124236000000, 
-0.11123751346049214, -7.13549062341298, 2.4994631076599982, 124270000000, 
-0.12488694130595741, -7.125388702629874, 2.5096876981162826, 124304000000, 
-0.13863864056840675, -7.11542633767314, 2.5198884301076756, 124338000000, 
-0.1524884440888363, -7.105607586523847, 2.5301005977716926, 124372000000, 
-0.1664353907564243, -7.095932392493557, 2.540402657636878, 124406000000, 
-0.1804799584141943, -7.086404034891328, 2.550744560905381, 124440000000, 
-0.19462455150469665, -7.0770183431536475, 2.561030938206661, 124474000000, 
-0.20886636254309887, -7.067778007437063, 2.571283183088012, 124508000000, 
-0.22320562333532168, -7.058681333067937, 2.5814981971748012, 124542000000, 
-0.23763694517503398, -7.049731554600406, 2.591677776011901, 124576000000, 
-0.2521583713788363, -7.040928922630445, 2.601879624745502, 124610000000, 
-0.26676861084588527, -7.032275488257108, 2.612100738294067, 124644000000, 
-0.28146274764919355, -7.023773666764041, 2.622339315319955, 124678000000, 
-0.29623991792959786, -7.01542638458926, 2.6326528640103475, 124712000000, 
-0.31110411573677044, -7.007230361453931, 2.6429816026032724, 124746000000, 
-0.3260510485684015, -6.999188327883787, 2.653265683047314, 124780000000, 
-0.34108600882206985, -6.991296747317156, 2.6635169263176883, 124814000000, 
-0.3562021868451092, -6.983559379875722, 2.6736974736911425, 124848000000, 
-0.371396142143032, -6.975976054918824, 2.6838775935732797, 124882000000, 
-0.38666660503098094, -6.968548201695114, 2.69409912866891, 124916000000, 
-0.40201197616813217, -6.961276643429297, 2.704312733901342, 124950000000, 
-0.41742949254514955, -6.954162119421545, 2.7145079308167324, 124984000000, 
-0.4329147336640413, -6.947207482421414, 2.7247578434550745, 125018000000, 
-0.44846736681824634, -6.940413396262299, 2.7350934821517314, 125052000000, 
-0.4640899490692994, -6.93378055506037, 2.7454406286502007, 125086000000, 
-0.4797815365936191, -6.927309794682337, 2.7557417198348535, 125120000000, 
-0.4955447857604196, -6.920997938519668, 2.765980318765708, 125154000000, 
-0.5113731200960889, -6.91484711135574, 2.7761489320353365, 125188000000, 
-0.5272629165897887, -6.908857337297375, 2.78633822667564, 125222000000, 
-0.5432130633732849, -6.903030496923757, 2.7965674418686177, 125256000000, 
-0.5592217147887678, -6.8973666863181196, 2.8067761709449597, 125290000000, 
-0.5752814339119865, -6.891868809911838, 2.817005675640744, 125324000000, 
-0.5913958590772637, -6.886535821752033, 2.827330549318041, 125358000000, 
-0.607562277014042, -6.881372181814122, 2.837664693206933, 125392000000, 
-0.6237811136270581, -6.876374222424581, 2.847972215538174, 125426000000, 
-0.6400544194179258, -6.871542359918999, 2.858279124694183, 125460000000, 
-0.65638021823547, -6.8668781052882455, 2.8685339809636328, 125494000000, 
-0.6727549433018603, -6.86237998358277, 2.8787056367152712, 125528000000, 
-0.6891744880080062, -6.85804852090702, 2.8888845638281055, 125562000000, 
-0.7056371116695327, -6.853884730373543, 2.8991108050726933, 125596000000, 
-0.7221380054624281, -6.84989061767643, 2.9093417422527557, 125630000000, 
-0.7386768701997957, -6.8460657814744925, 2.9196094209621206, 125664000000, 
-0.7552523164169062, -6.84241233374637, 2.929929586311511, 125698000000, 
-0.7718631359457276, -6.838930932913898, 2.9402612973322557, 125732000000, 
-0.788509315524958, -6.835621161166675, 2.9505679829238924, 125766000000, 
-0.8051927259081242, -6.832480115035978, 2.9608358582028, 125800000000, 
-0.8219102542992932, -6.829510984007735, 2.9710780349182553, 125834000000, 
-0.8386594499144295, -6.826712746489519, 2.981272538775697, 125868000000, 
-0.8554362750306449, -6.824085427922578, 2.9914598588375667, 125902000000, 
-0.8722387175015283, -6.821629173708014, 3.0016759065544467, 125936000000, 
-0.8890655303265729, -6.819344802607116, 3.01188771055676, 125970000000, 
-0.9059099799021686, -6.817233445653064, 3.022109930212662, 126004000000, 
-0.9227717225933254, -6.815295440417719, 3.0324204189989157, 126038000000, 
-0.9396506749110672, -6.813531063510586, 3.042771277110572, 126072000000, 
-0.9565491321819292, -6.811942100146485, 3.0530931899880076, 126106000000, 
-0.9734656950106563, -6.810525896858943, 3.0633615277528663, 126140000000, 
-0.9904009077962448, -6.809283517283762, 3.073588288277554, 126174000000, 
-1.007348433060985, -6.808213682439412, 3.0837632235267587, 126208000000, 
-1.0243059514757258, -6.807316407004265, 3.093958100563444, 126242000000, 
-1.0412716231846, -6.806592397086081, 3.104181182884633, 126276000000, 
-1.0582395932374373, -6.806041820806908, 3.1144128230753445, 126310000000, 
-1.0752089296679324, -6.805666489768786, 3.124703643186122, 126344000000, 
-1.0921803029615493, -6.805464810572991, 3.1350307057876297, 126378000000, 
-1.1091527922292825, -6.805439531125814, -3.1378270152252052, 126412000000, 
-1.1261282692795267, -6.805588484021684, -3.127564829990722, 126446000000, 
-1.1431059570596702, -6.805911139413443, -3.1173524669687027, 126480000000, 
-1.1600800790800176, -6.806407291235892, -3.10716288246949, 126514000000, 
-1.1770479966493257, -6.807076245501229, -3.0969596759256244, 126548000000, 
-1.1940083016503453, -6.807918462555639, -3.086749150543967, 126582000000, 
-1.210958991636629, -6.808933617266079, -3.0765477534092045, 126616000000, 
-1.2278947337482842, -6.81012177986141, -3.0663351984356884, 126650000000, 
-1.2448143589193224, -6.811483164065993, -3.0560338637400193, 126684000000, 
-1.2617168435188624, -6.813019822092688, -3.045694300918385, 126718000000, 
-1.2786069465586896, -6.81473041850994, -3.035421310189886, 126752000000, 
-1.2954830198559855, -6.816614147942663, -3.0252170847858633, 126786000000, 
-1.31233953138024, -6.818669689471897, -3.0150404997287303, 126820000000, 
-1.3291740457325347, -6.820896764796623, -3.004833645302185, 126854000000, 
-1.3459848431042667, -6.823295578245389, -2.994617233378903, 126888000000, 
-1.3627702435202877, -6.825865873986418, -2.9844181207125624, 126922000000, 
-1.3795237978079955, -6.828607500568616, -2.9741855457889335, 126956000000, 
-1.3962469760290814, -6.831521021124089, -2.9638871485133103, 126990000000, 
-1.4129410576175185, -6.83460689410217, -2.9536001087504484, 127024000000, 
-1.4296062915191519, -6.837863642306623, -2.9434015942597833, 127058000000, 
-1.4462383095881204, -6.841289739639195, -2.9332292437003478, 127092000000, 
-1.4628346177927871, -6.844885258971096, -2.92301733469986, 127126000000, 
-1.4793930460455798, -6.848649908266993, -2.9128019157415563, 127160000000, 
-1.495912259461362, -6.8525833787256865, -2.9026086418431896, 127194000000, 
-1.5123906751471883, -6.8566851395336315, -2.892411962086289, 127228000000, 
-1.5288251823410206, -6.860954767142741, -2.882193247080981, 127262000000, 
-1.5452163412164204, -6.865392360838653, -2.871977515821349, 127296000000, 
-1.561561477969692, -6.869996841779976, -2.8617915591698186, 127330000000, 
-1.5778587259146628, -6.874767493770391, -2.851596165487689, 127364000000, 
-1.5941064169854273, -6.879704201932413, -2.841385431289405, 127398000000, 
-1.610303037203459, -6.8848066312197895, -2.8311828227535547, 127432000000, 
-1.6264465833142918, -6.890073837505906, -2.8209862994371835, 127466000000, 
-1.6425355428963238, -6.895505400689089, -2.810783824744761, 127500000000, 
-1.6585682371659214, -6.901100824535986, -2.8005805165929725, 127534000000, 
-1.6745431436304312, -6.906859570131586, -2.790380757049019, 127568000000, 
-1.6904583393158903, -6.912780904320406, -2.7801806377421188, 127602000000, 
-1.7063123374006421, -6.918864443962468, -2.7699778978939102, 127636000000, 
-1.7221037229091272, -6.925109490013753, -2.7597762425718373, 127670000000, 
-1.7378304379108536, -6.931515204114109, -2.7495714121978776, 127704000000, 
-1.7534911907160295, -6.938081112989884, -2.7393665859145484, 127738000000, 
-1.7690839416328854, -6.944806191193499, -2.7291645218478027, 127772000000, 
-1.7846074129324019, -6.951690105759089, -2.718960950665789, 127806000000, 
-1.8000597966139438, -6.958731941215005, -2.7087546095095543, 127840000000, 
-1.8154395603593598, -6.965931247999256, -2.6985464435891386, 127874000000, 
-1.8307451448257195, -6.9732871632265345, -2.6883436700899583, 127908000000, 
-1.8459747808635003, -6.980798898980146, -2.6781415868923832, 127942000000, 
-1.8611272020543745, -6.988465389788614, -2.667939475507847, 127976000000, 
-1.8762004745274203, -6.99628618341979, -2.6577370183275706, 128010000000, 
-1.8911921187045453, -7.004260446318784, -2.6475292316922334, 128044000000, 
-1.9061026115764943, -7.012387274941652, -2.63731288717721, 128078000000, 
-1.9209284301185978, -7.0206660996023045, -2.6271088731696755, 128112000000, 
-1.9356640761494759, -7.029093680938943, -2.616869227234047, 128146000000, 
-1.9503095249486593, -7.037671682986316, -2.606538423622874, 128180000000, 
-1.9648676660160997, -7.0464008565575575, -2.596228997035045, 128214000000, 
-1.9793341461751426, -7.055278889332813, -2.5859603155447055, 128248000000, 
-1.9937109997189355, -7.064308176590556, -2.5756811085640745, 128282000000, 
-2.0079977394146407, -7.073484882373453, -2.565447050793236, 128316000000, 
-2.022191239602532, -7.082806951883996, -2.55527345555391, 128350000000, 
-2.0362896858197383, -7.092272592602705, -2.545082300761494, 128384000000, 
-2.050290175976757, -7.101881762763019, -2.53486188907147, 128418000000, 
-2.0641921738294267, -7.11163328875909, -2.5246515338250513, 128452000000, 
-2.077992185561477, -7.121526500007293, -2.514438192730747, 128486000000, 
-2.0916882459130988, -7.131557606075169, -2.5041964285010554, 128520000000, 
-2.1052827673047414, -7.141731041626832, -2.4939281678806196, 128554000000, 
-2.1187741525045825, -7.152043562010042, -2.4837397520137343, 128588000000, 
-2.132159930322704, -7.16249279485591, -2.4735759388821315, 128622000000, 
-2.1454388205877404, -7.17307763475936, -2.463354532803105, 128656000000, 
-2.1586083460677425, -7.183797795413893, -2.4531353777245584, 128690000000, 
-2.1716681765523416, -7.194651619344309, -2.4429405685245005, 128724000000, 
-2.184616145759006, -7.205638191315022, -2.4327427492436877, 128758000000, 
-2.1974492218488844, -7.216754219132468, -2.422518607007012, 128792000000, 
-2.210165505117915, -7.227999714058281, -2.4122325290911397, 128826000000, 
-2.2227660969923613, -7.2393764150122095, -2.4019371963322165, 128860000000, 
-2.2352524807519965, -7.2508848013009715, -2.391724620886937, 128894000000, 
-2.247621600732056, -7.262519808046136, -2.3815651869491945, 128928000000, 
-2.2598713211019676, -7.274280020347028, -2.371357992470386, 128962000000, 
-2.272000454423656, -7.286164509679851, -2.361133191675503, 128996000000, 
-2.284007630978225, -7.298172312269931, -2.3509368535088306, 129030000000, 
-2.2958876161833675, -7.310297914466277, -2.3407092688294977, 129064000000, 
-2.3076419455834056, -7.322545351695738, -2.330394104459331, 129098000000, 
-2.3192689051129887, -7.334912576330682, -2.3200977387292556, 129132000000, 
-2.3307698219669617, -7.3473996630291545, -2.3098545781532853, 129166000000, 
-2.342142979856101, -7.360006492557173, -2.299604369879749, 129200000000, 
-2.3533889438746503, -7.37273013302152, -2.2894005550566994, 129234000000, 
-2.3645043871545686, -7.385567816723221, -2.2792247047021714, 129268000000, 
-2.3754888943762404, -7.398517752971272, -2.269016083862633, 129302000000, 
-2.386339983253054, -7.411579356770969, -2.258798890716523, 129336000000, 
-2.3970577990480275, -7.424750800979634, -2.2485984844345754, 129370000000, 
-2.4076378976037027, -7.438028094141196, -2.238384467680857, 129404000000, 
-2.4180810540363082, -7.451412542799167, -2.228095478216098, 129438000000, 
-2.428386929811813, -7.464905875912385, -2.217813593873297, 129472000000, 
-2.438556013196003, -7.4785057386741665, -2.207644197362604, 129506000000, 
-2.4485865923523256, -7.492208174708655, -2.197482810237672, 129540000000, 
-2.4584766218276743, -7.506012016068947, -2.1872528254914148, 129574000000, 
-2.4682251818335637, -7.519916186084585, -2.17703461650259, 129608000000, 
-2.477831179777995, -7.533919100418489, -2.166845599585588, 129642000000, 
-2.487293031014908, -7.548017475287273, -2.1566414106991725, 129676000000, 
-2.496607222105208, -7.562207845864759, -2.146360377247057, 129710000000, 
-2.505774430006754, -7.576493510050189, -2.136035599909196, 129744000000, 
-2.5147942327019432, -7.590873407312379, -2.125738990874458, 129778000000, 
-2.523669010819162, -7.6053492366740825, -2.1155065756189377, 129812000000, 
-2.532395802373011, -7.619916634960989, -2.1053336135948255, 129846000000, 
-2.540973907161035, -7.63457190226923, -2.0951411094472365, 129880000000, 
-2.549402139990049, -7.649313702184533, -2.084921829891976, 129914000000, 
-2.557678716072479, -7.664139633408094, -2.074715176465722, 129948000000, 
-2.565801586978544, -7.67904629869127, -2.064476976409296, 129982000000, 
-2.5737705001396054, -7.6940349238557895, -2.0541682520658067, 130016000000, 
-2.5815830316446173, -7.709102126475717, -2.043861048047544, 130050000000, 
-2.5892412403403546, -7.72425193790665, -2.033579751282644, 130084000000, 
-2.5967459893860583, -7.739482454318811, -2.02332641671821, 130118000000, 
-2.604094678664303, -7.7547914413777175, -2.0131457898741956, 130152000000, 
-2.6112876786508767, -7.77017407228241, -2.002971384102929, 130186000000, 
-2.6183230800767374, -7.785629256422083, -1.9927480666839683, 130220000000, 
-2.625200373287325, -7.801155318075576, -1.982530982462957, 130254000000, 
-2.6319186613000953, -7.816750880981399, -1.972336171032466, 130288000000, 
-2.6384760487481, -7.832410216297214, -1.962112139164214, 130322000000, 
-2.6448709199489038, -7.848132799682259, -1.9518083274233566, 130356000000, 
-2.65110338622966, -7.8639212190370005, -1.9414940766410234, 130390000000, 
-2.657173539195959, -7.879774443627485, -1.9312136592762936, 130424000000, 
-2.6630815926913995, -7.89569246397959, -1.9209659655242037, 130458000000, 
-2.6688276260827597, -7.911672117022401, -1.910781287758255, 130492000000, 
-2.674410921158791, -7.927709268409695, -1.900603599692282, 130526000000, 
-2.679830368452386, -7.943802363777972, -1.890386009728044, 130560000000, 
-2.6850851150707364, -7.959949993671541, -1.8801761820618839, 130594000000, 
-2.690174548092153, -7.976148976934204, -1.8699767995903112, 130628000000, 
-2.6950967147745866, -7.9923951122685795, -1.859729535992932, 130662000000, 
-2.6998510892296363, -8.008689860797537, -1.8494004949085754, 130696000000, 
-2.7044372179321536, -8.025032976379412, -1.8390921532869349, 130730000000, 
-2.7088552696624184, -8.04142408756403, -1.8288342198797793, 130764000000, 
-2.713106746031539, -8.057864527496713, -1.8186311527189307, 130798000000, 
-2.7171904109082248, -8.07434759619184, -1.8084562837439682, 130832000000, 
-2.7211059963276387, -8.090871267850549, -1.7982478850461525, 130866000000, 
-2.7248526632698877, -8.107433889145643, -1.7880305431004793, 130900000000, 
-2.728430083217929, -8.12403390964261, -1.7778343835996149, 130934000000, 
-2.7318380064237107, -8.140669603305723, -1.7676367369725994, 130968000000, 
-2.7350762503509474, -8.157339056145776, -1.7574289215664756, 131002000000, 
-2.7381435088157233, -8.174036615689051, -1.7471949813713468, 131036000000, 
-2.741038635237747, -8.190762129883113, -1.7369014583511797, 131070000000, 
-2.743761367988505, -8.207518822622685, -1.726610446759763, 131104000000, 
-2.7463126046543733, -8.224307265788738, -1.7163946542507516, 131138000000, 
-2.7486930044015025, -8.241121024722634, -1.7062349439319542, 131172000000, 
-2.7509021490541636, -8.25795796213562, -1.6960320923341836, 131206000000, 
-2.7529390473244475, -8.274816604629857, -1.6858076399841362, 131240000000, 
-2.754803956745833, -8.291694921775285, -1.6756089488639494, 131274000000, 
-2.756496476634424, -8.308591532081516, -1.6654144665804391, 131308000000, 
-2.758016417423046, -8.32550049371401, -1.6551915002847124, 131342000000, 
-2.7593628527536906, -8.342424207999642, -1.6449025624210816, 131376000000, 
-2.760534810030045, -8.359358898128027, -1.6346231261258701, 131410000000, 
-2.7615331260313867, -8.376308683734345, -1.624384478831134, 131444000000, 
-2.7623582872664834, -8.393269889196146, -1.614196939645816, 131478000000, 
-2.7630106748253174, -8.41023872064983, -1.6040133208362306, 131512000000, 
-2.76349005145471, -8.427213151167505, -1.5937992143363258, 131546000000, 
-2.76379610927662, -8.444191525366906, -1.5835903051101332, 131580000000, 
-2.763928845206762, -8.461172167878967, -1.573393144088978, 131614000000, 
-2.763888477771762, -8.47815243741653, -1.563191806804614, 131648000000, 
-2.763674720497016, -8.49513137316988, -1.5529671338761402, 131682000000, 
-2.763287051838885, -8.51210432272278, -1.5427243165806126, 131716000000, 
-2.7627256032096694, -8.529076011626927, -1.5324933843727826, 131750000000, 
-2.761990945146174, -8.546041415112919, -1.5223110104669002, 131784000000, 
-2.7610834414559897, -8.562998552110283, -1.5121204051068233, 131818000000, 
-2.760003204142557, -8.57994528107986, -1.5019050148970514, 131852000000, 
-2.758749873853749, -8.5968801910973, -1.4917018043147825, 131886000000, 
-2.7573241253928216, -8.613801339174321, -1.4815087082611829, 131920000000, 
-2.755725819513115, -8.630707095142714, -1.4713059245571596, 131954000000, 
-2.7539550535567914, -8.647594702712313, -1.4610957761163244, 131988000000, 
-2.752011688151861, -8.664463129170896, -1.4508658222967628, 132022000000, 
-2.749895743526717, -8.68131219890662, -1.4406574451776446, 132056000000, 
-2.747608399720051, -8.69813871120341, -1.4304769286018513, 132090000000, 
-2.7451496884972526, -8.714941141313505, -1.4202774647093226, 132124000000, 
-2.742519886310916, -8.731717316901833, -1.4100669430635395, 132158000000, 
-2.739718799673468, -8.748465953142164, -1.399865882104445, 132192000000, 
-2.736747176231999, -8.765184982245694, -1.3896680134721047, 132226000000, 
-2.7336050925820112, -8.781872840123867, -1.3794624795704078, 132260000000, 
-2.7302927635938907, -8.798527862240453, -1.3692580111386772, 132294000000, 
-2.726810815555008, -8.815148209600348, -1.3590611716721164, 132328000000, 
-2.7231593832389906, -8.831732406351875, -1.348863874059834, 132362000000, 
-2.719339166197946, -8.84827827891708, -1.338663110275969, 132396000000, 
-2.7153502451834433, -8.864784386469388, -1.3284586276394121, 132430000000, 
-2.711193120706973, -8.88124892175232, -1.3182572446221963, 132464000000, 
-2.706868433204517, -8.897670083325693, -1.3080587620466462, 132498000000, 
-2.7023764572738216, -8.914046432031062, -1.2978608711339492, 132532000000, 
-2.6977179336674073, -8.930375846901805, -1.2876597847491682, 132566000000, 
-2.692892904850793, -8.946656954184665, -1.2774544791692335, 132600000000, 
-2.687901754217158, -8.96288818636219, -1.2672524901322142, 132634000000, 
-2.6827452961844975, -8.979067589223606, -1.257052999588773, 132668000000, 
-2.6774241240171825, -8.9951935644337, -1.2468554230332938, 132702000000, 
-2.671938738940005, -9.011264614109878, -1.2366579618620261, 132736000000, 
-2.6662900283101214, -9.027278525928512, -1.2264591492736934, 132770000000, 
-2.6604781844986842, -9.043234172894376, -1.216257232771217, 132804000000, 
-2.6545038760809123, -9.059129560047735, -1.2060542192548787, 132838000000, 
-2.64836773887659, -9.074962953701615, -1.1958523977006357, 132872000000, 
-2.642070348283386, -9.090733256008914, -1.1856501873501726, 132906000000, 
-2.6356122549379526, -9.106438757060427, -1.1754470449926095, 132940000000, 
-2.6289943311804373, -9.122077440481544, -1.1652434903884024, 132974000000, 
-2.6222170395863977, -9.137647979853766, -1.155042695396584, 133008000000, 
-2.6152814752499456, -9.15314848924436, -1.1448383112058562, 133042000000, 
-2.60818794085815, -9.168577481280977, -1.1346341081985003, 133076000000, 
-2.6009377287724424, -9.183933268642221, -1.1244331628210529, 133110000000, 
-2.59353112335562, -9.199214221144977, -1.114232009597896, 133144000000, 
-2.5859692875831324, -9.214418922513175, -1.1040274919447404, 133178000000, 
-2.5782524785561147, -9.229545515962542, -1.093820912138767, 133212000000, 
-2.57038353373512, -9.244588969853652, -1.0835917602861638, 133246000000, 
-2.562361761775695, -9.259547856276614, -1.0732843826394278, 133280000000, 
-2.554183996253835, -9.27442764340541, -1.0629970554091652, 133314000000, 
-2.5458534822987784, -9.289224102117872, -1.0528189148166187, 133348000000, 
-2.537372600182002, -9.3039360590653, -1.0426461866707033, 133382000000, 
-2.528742383895815, -9.318560806581141, -1.0324240652412078, 133416000000, 
-2.5199629234931993, -9.333096190301013, -1.0222063387087026, 133450000000, 
-2.5110364094402264, -9.347540052678076, -1.0120143132362633, 133484000000, 
-2.5019647309557547, -9.361889315994533, -1.0017704158382261, 133518000000, 
-2.492747154690216, -9.376142806050318, -0.9914499274931612, 133552000000, 
-2.483381747740182, -9.390302341590868, -0.9811699813836119, 133586000000, 
-2.473871068645664, -9.404365822872606, -0.9709328891183678, 133620000000, 
-2.464214973356853, -9.418334627697305, -0.9607280008027029, 133654000000, 
-2.45441687666882, -9.43220380207776, -0.9505434952815309, 133688000000, 
-2.444478218820136, -9.445972854152556, -0.9403358339284439, 133722000000, 
-2.43439926932957, -9.459639009844356, -0.9301201814343293, 133756000000, 
-2.424181578148794, -9.473202333762654, -0.9199172088636388, 133790000000, 
-2.4138257936197833, -9.486660266764929, -0.9097155229931695, 133824000000, 
-2.4033332626353054, -9.500011945176443, -0.8995094317361318, 133858000000, 
-2.3927049778925, -9.513256147772317, -0.8893063916893841, 133892000000, 
-2.3819420298355234, -9.52639097841543, -0.8791053236631097, 133926000000, 
-2.3710457069577697, -9.539415396091837, -0.8689035739586948, 133960000000, 
-2.3600171517718045, -9.552328152126892, -0.8587002422442709, 133994000000, 
-2.3488573551602414, -9.565127172265013, -0.8484931656963214, 134028000000, 
-2.3375678465678806, -9.577812379178932, -0.8382897280056554, 134062000000, 
-2.3261518840002062, -9.590377965827408, -0.8280740711151324, 134096000000, 
-2.314609994115309, -9.602824274636792, -0.8177775673627419, 134130000000, 
-2.3029408699064673, -9.615149276870884, -0.8074374275622813, 134164000000, 
-2.2911449089593763, -9.627353082775093, -0.7971300914114889, 134198000000, 
-2.2792216286033025, -9.639437766115037, -0.7868761905070133, 134232000000, 
-2.267172050895836, -9.651402660720107, -0.7766528226664227, 134266000000, 
-2.255001022731645, -9.663244615887091, -0.7664711974608998, 134300000000, 
-2.2427099908429544, -9.67496145625872, -0.756274983704568, 134334000000, 
-2.2303017388346706, -9.686551938226575, -0.7460513640726161, 134368000000, 
-2.2177782678309343, -9.698012133177063, -0.7357867621251828, 134402000000, 
-2.2051375295383857, -9.709341810201193, -0.7254944318920904, 134436000000, 
-2.192380122154298, -9.720541906068885, -0.7152234667958783, 134470000000, 
-2.179508792315939, -9.731611745860107, -0.7049665696402152, 134504000000, 
-2.1665217392004443, -9.742551198483527, -0.6947378158142565, 134538000000, 
-2.153422367579618, -9.753357042652183, -0.684554901317516, 134572000000, 
-2.140213854933441, -9.764029385229268, -0.6743578159907669, 134606000000, 
-2.1268970595673817, -9.774565907404957, -0.664135859534081, 134640000000, 
-2.1134733569768915, -9.784966069070505, -0.6539337084857929, 134674000000, 
-2.0999467826086913, -9.795226583609926, -0.6437283612916297, 134708000000, 
-2.0863191500464957, -9.805346020635119, -0.6334345807008983, 134742000000, 
-2.0725884272633914, -9.815322868683909, -0.6230870864893753, 134776000000, 
-2.0587527278781277, -9.825160279297277, -0.6128116915330185, 134810000000, 
-2.044814681468933, -9.834856496444964, -0.6025870534160944, 134844000000, 
-2.0307765588556963, -9.844411396320151, -0.5923941465366235, 134878000000, 
-2.0166418240288047, -9.853822486053478, -0.5822018260451012, 134912000000, 
-2.0024138099303688, -9.863089275275636, -0.5719824884160513, 134946000000, 
-1.988094892116697, -9.872206507028165, -0.5617168059439525, 134980000000, 
-1.9736825184930986, -9.88117609282822, -0.5514184030868681, 135014000000, 
-1.9591809525760469, -9.889994925750543, -0.541125832000871, 135048000000, 
-1.9445867106031725, -9.898666334556836, -0.5308351424411961, 135082000000, 
-1.9299009271065986, -9.907188675414936, -0.5205884742125677, 135116000000, 
-1.9151273297101576, -9.915561482670748, -0.5104174571781789, 135150000000, 
-1.9002695873059796, -9.923783979631303, -0.5002311146043417, 135184000000, 
-1.8853287393399514, -9.93185400517909, -0.49000141811248743, 135218000000, 
-1.870307866930151, -9.939770166066282, -0.47978808812252016, 135252000000, 
-1.8552098651192048, -9.947531756667932, -0.469545071772478, 135286000000, 
-1.8400346850753524, -9.955137386660285, -0.4592410171105381, 135320000000, 
-1.8247826261935782, -9.962584400426922, -0.44892440264657407, 135354000000, 
-1.8094523556554967, -9.969875655817344, -0.4386495388337343, 135388000000, 
-1.7940450944405468, -9.977009981130394, -0.42840387695090715, 135422000000, 
-1.7785633533548515, -9.98398724708815, -0.4182087488440544, 135456000000, 
-1.7630115884238162, -9.990806626884265, -0.4080268099750813, 135490000000, 
-1.7473910674026063, -9.997466926324853, -0.3978126820429092, 135524000000, 
-1.731705808530003, -10.003967292944859, -0.3875870311359869, 135558000000, 
-1.7159584439026743, -10.010305111443413, -0.3773221106014891, 135592000000, 
-1.700148449139575, -10.01647784309593, -0.3669973858448856, 135626000000, 
-1.6842747548417547, -10.022488916882297, -0.35668385380445894, 135660000000, 
-1.6683391657877626, -10.02833674321374, -0.34639995936857665, 135694000000, 
-1.6523416431438813, -10.034021027722897, -0.33612713349088, 135728000000, 
-1.6362831715819288, -10.039542029175212, -0.32592810659521565, 135762000000, 
-1.620169006121561, -10.044899209481677, -0.31575779578731383, 135796000000, 
-1.6040014980245465, -10.050092135518053, -0.3055401933942503, 135830000000, 
-1.5877859703013126, -10.055118444767345, -0.29528552718562395, 135864000000, 
-1.571521946623465, -10.05997727997971, -0.2849981520951541, 135898000000, 
-1.5552119464236738, -10.064666104023221, -0.2746759346287377, 135932000000, 
-1.5388507498840123, -10.069188507488185, -0.2643530566847644, 135966000000, 
-1.5224423160796021, -10.073541336236525, -0.25409461718081416, 136000000000, 
-1.5059866420780064, -10.077727901899836, -0.24386877084798136, 136034000000, 
-1.489487559392367, -10.081745952000468, -0.23367138271950527, 136068000000, 
-1.4729484762330074, -10.085595858448107, -0.22348204841968472, 136102000000, 
-1.456371133257509, -10.089276864829385, -0.21326945356257745, 136136000000, 
-1.4397584531498437, -10.092787034752279, -0.20305270932014893, 136170000000, 
-1.4231139854642072, -10.096127973342837, -0.19280512912300823, 136204000000, 
-1.4064375056676768, -10.099296261015118, -0.1825039534588807, 136238000000, 
-1.389731199118037, -10.102292173850014, -0.17220215487687868, 136272000000, 
-1.372993616316172, -10.105117283859652, -0.16191551826051115, 136306000000, 
-1.3562255528778597, -10.10777012472838, -0.15163382384301466, 136340000000, 
-1.3394306966521425, -10.110250710081267, -0.14137278075630613, 136374000000, 
